{
    "type": "FeatureCollection",
    "features": [
        {
            "id": "VIIRS_Flood_UDF001_v2r0_n20_s202606220658079_e202606220659324_c202606220712031",
            "type": "Feature",
            "stac_version": "1.0.0",
            "geometry": {
                "type": "Polygon",
                "coordinates": [
                    [
                        [
                            95.94417485177617,
                            18.10368528285678
                        ],
                        [
                            95.92731485479396,
                            13.008593222825564
                        ],
                        [
                            105.92866506463962,
                            14.306813238121407
                        ],
                        [
                            105.92866506463962,
                            18.10368528285678
                        ],
                        [
                            95.94417485177617,
                            18.10368528285678
                        ]
                    ]
                ]
            },
            "bbox": [
                95.927315,
                8.102333,
                105.928665,
                18.103685
            ],
            "properties": {
                "Conventions": "CF-1.6, ACDD-1.3",
                "DaynightFlag": 1,
                "Observingdate": "20260622",
                "Observingtime": "065807.929879Z",
                "Resolution": 0.003372000064700842,
                "Satellitename": "n20",
                "SensorIdentifyCode": "VIIRS",
                "ascend_descend_data_flag": 0,
                "cdm_data_type": "Grid",
                "created": "2026-06-22T14:11:33.318249Z",
                "creator_email": "slia@gmu.edu",
                "creator_name": "The VIIRS Flood Team in George Mason University funded by NOAA JPSS Program.",
                "creator_url": "https://jpssflood.gmu.edu",
                "date_created": "2026-06-22T07:12:03Z",
                "datetime": "2026-06-22T06:58:49.5Z",
                "day_night_data_flag": "day",
                "dimensions": {
                    "lat": 2966,
                    "lon": 2966
                },
                "end_orbit_number": 44520,
                "fillvalue_pixel_percent": 55.882240295410156,
                "flood_pixel_count": 22602,
                "flood_pixel_percent": 0.5823433995246887,
                "footprint": {
                    "geometry": {
                        "coordinates": [
                            [
                                [
                                    95.94417485177617,
                                    18.10368528285678
                                ],
                                [
                                    95.92731485479396,
                                    13.008593222825564
                                ],
                                [
                                    105.92866506463962,
                                    14.306813238121407
                                ],
                                [
                                    105.92866506463962,
                                    18.10368528285678
                                ],
                                [
                                    95.94417485177617,
                                    18.10368528285678
                                ]
                            ]
                        ],
                        "type": "Polygon"
                    },
                    "properties": {},
                    "type": "Feature"
                },
                "geospatial_lat_max": 18.101999282836914,
                "geospatial_lat_min": 8.10200023651123,
                "geospatial_lat_resolution": 0.003372000064700842,
                "geospatial_lat_units": "degrees_north",
                "geospatial_lon_max": 105.93035125732422,
                "geospatial_lon_min": 95.92900085449219,
                "geospatial_lon_resolution": 0.003372000064700842,
                "geospatial_lon_units": "degrees_east",
                "history": "VIIRS Flood Detection Version: v2r0",
                "history_package": "v1r1",
                "id": "VIIRS-Flood-UDF001_v2r0_n20_s202606220658079_e202606220659324_c202606220712031.nc",
                "institution": "DOC/NOAA/NESDIS/OSPO > Office of Satellite and Product Operations, NESDIS, NOAA, U.S. Department of Commerce.",
                "instrument": "VIIRS",
                "keywords": "VIIRS Flood Detection",
                "level": 2,
                "lowquality_pixel_percent": 0.018005819991230965,
                "metadata_link": "VIIRS-Flood-UDF001_v2r0_n20_s202606220658079_e202606220659324_c202606220712031.nc",
                "moderatequality_pixel_percent": 1.5482617616653442,
                "naming_authority": "gov.noaa.nesdis.ospo",
                "platform": "n20",
                "processing_level": "NOAA Level 3",
                "product": "FLOOD",
                "product_description": "Flood Detection",
                "production_environment": "Unknown",
                "production_site": "Unknown",
                "project": "NESDIS Common Cloud Framework",
                "publisher_email": "espcoperations@noaa.gov",
                "publisher_name": "DOC/NOAA/NESDIS/OSPO > Office of Satellite and Product Operations, NESDIS, NOAA, U.S. Department of Commerce.",
                "publisher_url": "http://www.ospo.noaa.gov",
                "references": "https://www.ssec.wisc.edu/flood-map-demo/flood-products/",
                "satellite": "JPSS-1",
                "satellite_name": "JPSS-1 (NOAA-20)",
                "sensor": "VIIRS",
                "sensor_name": "Visible Infrared Imaging Radiometer Suite",
                "source": "GITCO, VIIRS I-bands: 01, 02, 03, 05, JRR-CloudMask",
                "standard_name_vocabulary": "CF Standard Name Table (version 69, 15 October 2019)",
                "start_orbit_number": 44520,
                "summary": "VIIRS 375-m flood water fraction product",
                "time_coverage_end": "2026-06-22T06:59:32Z",
                "time_coverage_start": "2026-06-22T06:58:07Z",
                "title": "VIIRS_Flood_Detection",
                "variables": {
                    "QualityFlag": {
                        "attributes": {
                            "TypeDescription": "0: high quality detection; 1: moderate quality detection; 2: low quality detection; 255: FillValue",
                            "long_name": "QualityFlag"
                        },
                        "dimensions": [
                            "lat",
                            "lon"
                        ],
                        "dtype": "float32",
                        "shape": [
                            2966,
                            2966
                        ]
                    },
                    "WaterDetection": {
                        "attributes": {
                            "ProjectionMaxLatitude": 18.101999282836914,
                            "ProjectionMaxLongitude": 105.93035125732422,
                            "ProjectionMinLatitude": 8.10200023651123,
                            "ProjectionMinLongitude": 95.92900085449219,
                            "ProjectionResolution": 0.003372000064700842,
                            "Type": [
                                1,
                                15,
                                16,
                                17,
                                20,
                                27,
                                30,
                                38,
                                50,
                                99,
                                100
                            ],
                            "TypeDescription": "1: no_valid_data; 15: Floodwater without fraction retrieval; 16: Bareland; 17: Vegetation; 20: Snow_ice; 27: River/lake ice; 30: Cloud; 38: Supar-snow/ice water or mixed ice&water or melting ice; 50: Shadow; 99: NormalWater; 100-200: Water Fractions",
                            "long_name": "WaterDetection",
                            "units": "1"
                        },
                        "dimensions": [
                            "lat",
                            "lon"
                        ],
                        "dtype": "float32",
                        "shape": [
                            2966,
                            2966
                        ]
                    },
                    "quality_information": {
                        "attributes": {
                            "long_name": "total number of retrievals, percentage of optimal retrievals, percentage of sub optimal retrievals, percentage of bad retrievals",
                            "percentage_bad_retrievals": 0.04081308841705322,
                            "percentage_optimal_retrievals": 96.4498062133789,
                            "percentage_sub_optimal_retrievals": 3.5093843936920166,
                            "total_number_retrievals": 3881108
                        },
                        "dimensions": [],
                        "dtype": "|S1",
                        "shape": []
                    }
                }
            },
            "assets": {
                "S3:file": {
                    "href": "https://nsdc.gistda.or.th/core/api/stac/1.0/jpss-1/collections/VIIRS_Flood_UDF001_v2r0_n20_s202606220658079_e202606220659324_c202606220712031/items/VIIRS_Flood_UDF001_v2r0_n20_s202606220658079_e202606220659324_c202606220712031/download?api_key=p6IIcJWIvxcdUSwnXJTQCkRxPiO25OJHSHXXmi83sk1MkigY99l1UfTdJAoHTWDx&asset=S3:file",
                    "title": "VIIRS-Flood-UDF001_v2r0_n20_s202606220658079_e202606220659324_c202606220712031",
                    "type": "application/file",
                    "roles": [
                        "download"
                    ]
                },
                "data": {
                    "href": "https://nsdc.gistda.or.th/core/api/features/1.0/collections/6a3941ec1f8d7aa5b3cd2f79",
                    "title": "Coverage Collection",
                    "type": "application/geo+json",
                    "roles": [
                        "Coverage"
                    ]
                },
                "download": {
                    "href": "https://nsdc.gistda.or.th/core/api/coverages/1.0-beta/manager/6a3941ec1f8d7aa5b3cd2f79",
                    "title": "Download data",
                    "type": "application/zip",
                    "roles": [
                        "download"
                    ]
                },
                "thumbnail": {
                    "href": "https://nsdc.gistda.or.th/core/api/managements/1.0/files/6a3941ed352fab6af33c5b2a/download",
                    "title": "Thumbnail",
                    "type": "image/jpeg",
                    "roles": [
                        "thumbnail"
                    ]
                }
            },
            "collection": "VIIRS_Flood_UDF001_v2r0_n20_s202606220658079_e202606220659324_c202606220712031",
            "links": [
                {
                    "href": "https://nsdc.gistda.or.th/core/api/stac/1.0/jpss-1/collections/VIIRS_Flood_UDF001_v2r0_n20_s202606220658079_e202606220659324_c202606220712031/items/VIIRS_Flood_UDF001_v2r0_n20_s202606220658079_e202606220659324_c202606220712031?api_key=p6IIcJWIvxcdUSwnXJTQCkRxPiO25OJHSHXXmi83sk1MkigY99l1UfTdJAoHTWDx",
                    "rel": "self",
                    "type": "application/geo+json"
                },
                {
                    "href": "https://nsdc.gistda.or.th/core/api/stac/1.0/jpss-1/?api_key=p6IIcJWIvxcdUSwnXJTQCkRxPiO25OJHSHXXmi83sk1MkigY99l1UfTdJAoHTWDx",
                    "rel": "root",
                    "type": "application/json"
                },
                {
                    "href": "https://nsdc.gistda.or.th/core/api/stac/1.0/jpss-1/collections/VIIRS_Flood_UDF001_v2r0_n20_s202606220658079_e202606220659324_c202606220712031?api_key=p6IIcJWIvxcdUSwnXJTQCkRxPiO25OJHSHXXmi83sk1MkigY99l1UfTdJAoHTWDx",
                    "rel": "parent",
                    "type": "application/json"
                },
                {
                    "href": "https://nsdc.gistda.or.th/core/api/stac/1.0/jpss-1/collections/VIIRS_Flood_UDF001_v2r0_n20_s202606220658079_e202606220659324_c202606220712031?api_key=p6IIcJWIvxcdUSwnXJTQCkRxPiO25OJHSHXXmi83sk1MkigY99l1UfTdJAoHTWDx",
                    "rel": "collection",
                    "type": "application/json"
                }
            ],
            "parents": [],
            "stac": "jpss-1",
            "created_at": "2026-06-22T14:11:33.765Z",
            "created_by": "62fe8bd5afc1d2d764d061b2",
            "updated_at": "2026-06-22T14:11:33.765Z",
            "updated_by": "62fe8bd5afc1d2d764d061b2"
        },
        {
            "id": "VIIRS_Flood_UDF001_v2r0_n20_s202606220656421_e202606220658066_c202606220712031",
            "type": "Feature",
            "stac_version": "1.0.0",
            "geometry": {
                "type": "Polygon",
                "coordinates": [
                    [
                        [
                            105.9185490664503,
                            14.34727723859816
                        ],
                        [
                            95.92731485479396,
                            13.011965222865294
                        ],
                        [
                            95.92731485479396,
                            8.102333165019198
                        ],
                        [
                            105.92866506463962,
                            9.201605177971004
                        ],
                        [
                            105.9185490664503,
                            14.34727723859816
                        ]
                    ]
                ]
            },
            "bbox": [
                95.927315,
                8.102333,
                105.928665,
                18.103685
            ],
            "properties": {
                "Conventions": "CF-1.6, ACDD-1.3",
                "DaynightFlag": 1,
                "Observingdate": "20260622",
                "Observingtime": "065642.173657Z",
                "Resolution": 0.003372000064700842,
                "Satellitename": "n20",
                "SensorIdentifyCode": "VIIRS",
                "ascend_descend_data_flag": 0,
                "cdm_data_type": "Grid",
                "created": "2026-06-22T14:11:38.644883Z",
                "creator_email": "slia@gmu.edu",
                "creator_name": "The VIIRS Flood Team in George Mason University funded by NOAA JPSS Program.",
                "creator_url": "https://jpssflood.gmu.edu",
                "date_created": "2026-06-22T07:12:03Z",
                "datetime": "2026-06-22T06:57:24Z",
                "day_night_data_flag": "day",
                "dimensions": {
                    "lat": 2966,
                    "lon": 2966
                },
                "end_orbit_number": 44520,
                "fillvalue_pixel_percent": 48.4012336730957,
                "flood_pixel_count": 22983,
                "flood_pixel_percent": 0.5063096284866333,
                "footprint": {
                    "geometry": {
                        "coordinates": [
                            [
                                [
                                    105.9185490664503,
                                    14.34727723859816
                                ],
                                [
                                    95.92731485479396,
                                    13.011965222865294
                                ],
                                [
                                    95.92731485479396,
                                    8.102333165019198
                                ],
                                [
                                    105.92866506463962,
                                    9.201605177971004
                                ],
                                [
                                    105.9185490664503,
                                    14.34727723859816
                                ]
                            ]
                        ],
                        "type": "Polygon"
                    },
                    "properties": {},
                    "type": "Feature"
                },
                "geospatial_lat_max": 18.101999282836914,
                "geospatial_lat_min": 8.10200023651123,
                "geospatial_lat_resolution": 0.003372000064700842,
                "geospatial_lat_units": "degrees_north",
                "geospatial_lon_max": 105.93035125732422,
                "geospatial_lon_min": 95.92900085449219,
                "geospatial_lon_resolution": 0.003372000064700842,
                "geospatial_lon_units": "degrees_east",
                "history": "VIIRS Flood Detection Version: v2r0",
                "history_package": "v1r1",
                "id": "VIIRS-Flood-UDF001_v2r0_n20_s202606220656421_e202606220658066_c202606220712031.nc",
                "institution": "DOC/NOAA/NESDIS/OSPO > Office of Satellite and Product Operations, NESDIS, NOAA, U.S. Department of Commerce.",
                "instrument": "VIIRS",
                "keywords": "VIIRS Flood Detection",
                "level": 2,
                "lowquality_pixel_percent": 0.020063301548361778,
                "metadata_link": "VIIRS-Flood-UDF001_v2r0_n20_s202606220656421_e202606220658066_c202606220712031.nc",
                "moderatequality_pixel_percent": 2.862595558166504,
                "naming_authority": "gov.noaa.nesdis.ospo",
                "platform": "n20",
                "processing_level": "NOAA Level 3",
                "product": "FLOOD",
                "product_description": "Flood Detection",
                "production_environment": "Unknown",
                "production_site": "Unknown",
                "project": "NESDIS Common Cloud Framework",
                "publisher_email": "espcoperations@noaa.gov",
                "publisher_name": "DOC/NOAA/NESDIS/OSPO > Office of Satellite and Product Operations, NESDIS, NOAA, U.S. Department of Commerce.",
                "publisher_url": "http://www.ospo.noaa.gov",
                "references": "https://www.ssec.wisc.edu/flood-map-demo/flood-products/",
                "satellite": "JPSS-1",
                "satellite_name": "JPSS-1 (NOAA-20)",
                "sensor": "VIIRS",
                "sensor_name": "Visible Infrared Imaging Radiometer Suite",
                "source": "GITCO, VIIRS I-bands: 01, 02, 03, 05, JRR-CloudMask",
                "standard_name_vocabulary": "CF Standard Name Table (version 69, 15 October 2019)",
                "start_orbit_number": 44520,
                "summary": "VIIRS 375-m flood water fraction product",
                "time_coverage_end": "2026-06-22T06:58:06Z",
                "time_coverage_start": "2026-06-22T06:56:42Z",
                "title": "VIIRS_Flood_Detection",
                "variables": {
                    "QualityFlag": {
                        "attributes": {
                            "TypeDescription": "0: high quality detection; 1: moderate quality detection; 2: low quality detection; 255: FillValue",
                            "long_name": "QualityFlag"
                        },
                        "dimensions": [
                            "lat",
                            "lon"
                        ],
                        "dtype": "float32",
                        "shape": [
                            2966,
                            2966
                        ]
                    },
                    "WaterDetection": {
                        "attributes": {
                            "ProjectionMaxLatitude": 18.101999282836914,
                            "ProjectionMaxLongitude": 105.93035125732422,
                            "ProjectionMinLatitude": 8.10200023651123,
                            "ProjectionMinLongitude": 95.92900085449219,
                            "ProjectionResolution": 0.003372000064700842,
                            "Type": [
                                1,
                                15,
                                16,
                                17,
                                20,
                                27,
                                30,
                                38,
                                50,
                                99,
                                100
                            ],
                            "TypeDescription": "1: no_valid_data; 15: Floodwater without fraction retrieval; 16: Bareland; 17: Vegetation; 20: Snow_ice; 27: River/lake ice; 30: Cloud; 38: Supar-snow/ice water or mixed ice&water or melting ice; 50: Shadow; 99: NormalWater; 100-200: Water Fractions",
                            "long_name": "WaterDetection",
                            "units": "1"
                        },
                        "dimensions": [
                            "lat",
                            "lon"
                        ],
                        "dtype": "float32",
                        "shape": [
                            2966,
                            2966
                        ]
                    },
                    "quality_information": {
                        "attributes": {
                            "long_name": "total number of retrievals, percentage of optimal retrievals, percentage of sub optimal retrievals, percentage of bad retrievals",
                            "percentage_bad_retrievals": 0.03888329863548279,
                            "percentage_optimal_retrievals": 94.41331481933594,
                            "percentage_sub_optimal_retrievals": 5.5477986335754395,
                            "total_number_retrievals": 4539224
                        },
                        "dimensions": [],
                        "dtype": "|S1",
                        "shape": []
                    }
                }
            },
            "assets": {
                "S3:file": {
                    "href": "https://nsdc.gistda.or.th/core/api/stac/1.0/jpss-1/collections/VIIRS_Flood_UDF001_v2r0_n20_s202606220656421_e202606220658066_c202606220712031/items/VIIRS_Flood_UDF001_v2r0_n20_s202606220656421_e202606220658066_c202606220712031/download?api_key=p6IIcJWIvxcdUSwnXJTQCkRxPiO25OJHSHXXmi83sk1MkigY99l1UfTdJAoHTWDx&asset=S3:file",
                    "title": "VIIRS-Flood-UDF001_v2r0_n20_s202606220656421_e202606220658066_c202606220712031",
                    "type": "application/file",
                    "roles": [
                        "download"
                    ]
                },
                "data": {
                    "href": "https://nsdc.gistda.or.th/core/api/features/1.0/collections/6a3941f2ffd4b06740877b89",
                    "title": "Coverage Collection",
                    "type": "application/geo+json",
                    "roles": [
                        "Coverage"
                    ]
                },
                "download": {
                    "href": "https://nsdc.gistda.or.th/core/api/coverages/1.0-beta/manager/6a3941f2ffd4b06740877b89",
                    "title": "Download data",
                    "type": "application/zip",
                    "roles": [
                        "download"
                    ]
                },
                "thumbnail": {
                    "href": "https://nsdc.gistda.or.th/core/api/managements/1.0/files/6a3941f3352fab6af33c5b30/download",
                    "title": "Thumbnail",
                    "type": "image/jpeg",
                    "roles": [
                        "thumbnail"
                    ]
                }
            },
            "collection": "VIIRS_Flood_UDF001_v2r0_n20_s202606220656421_e202606220658066_c202606220712031",
            "links": [
                {
                    "href": "https://nsdc.gistda.or.th/core/api/stac/1.0/jpss-1/collections/VIIRS_Flood_UDF001_v2r0_n20_s202606220656421_e202606220658066_c202606220712031/items/VIIRS_Flood_UDF001_v2r0_n20_s202606220656421_e202606220658066_c202606220712031?api_key=p6IIcJWIvxcdUSwnXJTQCkRxPiO25OJHSHXXmi83sk1MkigY99l1UfTdJAoHTWDx",
                    "rel": "self",
                    "type": "application/geo+json"
                },
                {
                    "href": "https://nsdc.gistda.or.th/core/api/stac/1.0/jpss-1/?api_key=p6IIcJWIvxcdUSwnXJTQCkRxPiO25OJHSHXXmi83sk1MkigY99l1UfTdJAoHTWDx",
                    "rel": "root",
                    "type": "application/json"
                },
                {
                    "href": "https://nsdc.gistda.or.th/core/api/stac/1.0/jpss-1/collections/VIIRS_Flood_UDF001_v2r0_n20_s202606220656421_e202606220658066_c202606220712031?api_key=p6IIcJWIvxcdUSwnXJTQCkRxPiO25OJHSHXXmi83sk1MkigY99l1UfTdJAoHTWDx",
                    "rel": "parent",
                    "type": "application/json"
                },
                {
                    "href": "https://nsdc.gistda.or.th/core/api/stac/1.0/jpss-1/collections/VIIRS_Flood_UDF001_v2r0_n20_s202606220656421_e202606220658066_c202606220712031?api_key=p6IIcJWIvxcdUSwnXJTQCkRxPiO25OJHSHXXmi83sk1MkigY99l1UfTdJAoHTWDx",
                    "rel": "collection",
                    "type": "application/json"
                }
            ],
            "parents": [],
            "stac": "jpss-1",
            "created_at": "2026-06-22T14:11:38.905Z",
            "created_by": "62fe8bd5afc1d2d764d061b2",
            "updated_at": "2026-06-22T14:11:38.905Z",
            "updated_by": "62fe8bd5afc1d2d764d061b2"
        },
        {
            "id": "VIIRS_Flood_UDF001_v2r0_n20_s202606220655164_e202606220656409_c202606220712026",
            "type": "Feature",
            "stac_version": "1.0.0",
            "geometry": {
                "type": "Polygon",
                "coordinates": [
                    [
                        [
                            105.90506106886453,
                            9.231953178328569
                        ],
                        [
                            101.54169384986916,
                            8.638481171336183
                        ],
                        [
                            97.95388649205533,
                            8.102333165019198
                        ],
                        [
                            105.92866506463962,
                            8.102333165019198
                        ],
                        [
                            105.90506106886453,
                            9.231953178328569
                        ]
                    ]
                ]
            },
            "bbox": [
                95.927315,
                8.102333,
                105.928665,
                18.103685
            ],
            "properties": {
                "Conventions": "CF-1.6, ACDD-1.3",
                "DaynightFlag": 1,
                "Observingdate": "20260622",
                "Observingtime": "065516.417458Z",
                "Resolution": 0.003372000064700842,
                "Satellitename": "n20",
                "SensorIdentifyCode": "VIIRS",
                "ascend_descend_data_flag": 0,
                "cdm_data_type": "Grid",
                "created": "2026-06-22T14:11:29.664763Z",
                "creator_email": "slia@gmu.edu",
                "creator_name": "The VIIRS Flood Team in George Mason University funded by NOAA JPSS Program.",
                "creator_url": "https://jpssflood.gmu.edu",
                "date_created": "2026-06-22T07:12:02Z",
                "datetime": "2026-06-22T06:55:58Z",
                "day_night_data_flag": "day",
                "dimensions": {
                    "lat": 2966,
                    "lon": 2966
                },
                "end_orbit_number": 44520,
                "fillvalue_pixel_percent": 95.36994934082031,
                "flood_pixel_count": 3228,
                "flood_pixel_percent": 0.7924992442131042,
                "footprint": {
                    "geometry": {
                        "coordinates": [
                            [
                                [
                                    105.90506106886453,
                                    9.231953178328569
                                ],
                                [
                                    101.54169384986916,
                                    8.638481171336183
                                ],
                                [
                                    97.95388649205533,
                                    8.102333165019198
                                ],
                                [
                                    105.92866506463962,
                                    8.102333165019198
                                ],
                                [
                                    105.90506106886453,
                                    9.231953178328569
                                ]
                            ]
                        ],
                        "type": "Polygon"
                    },
                    "properties": {},
                    "type": "Feature"
                },
                "geospatial_lat_max": 18.101999282836914,
                "geospatial_lat_min": 8.10200023651123,
                "geospatial_lat_resolution": 0.003372000064700842,
                "geospatial_lat_units": "degrees_north",
                "geospatial_lon_max": 105.93035125732422,
                "geospatial_lon_min": 95.92900085449219,
                "geospatial_lon_resolution": 0.003372000064700842,
                "geospatial_lon_units": "degrees_east",
                "history": "VIIRS Flood Detection Version: v2r0",
                "history_package": "v1r1",
                "id": "VIIRS-Flood-UDF001_v2r0_n20_s202606220655164_e202606220656409_c202606220712026.nc",
                "institution": "DOC/NOAA/NESDIS/OSPO > Office of Satellite and Product Operations, NESDIS, NOAA, U.S. Department of Commerce.",
                "instrument": "VIIRS",
                "keywords": "VIIRS Flood Detection",
                "level": 2,
                "lowquality_pixel_percent": 0.011526452377438545,
                "metadata_link": "VIIRS-Flood-UDF001_v2r0_n20_s202606220655164_e202606220656409_c202606220712026.nc",
                "moderatequality_pixel_percent": 0.10147597640752792,
                "naming_authority": "gov.noaa.nesdis.ospo",
                "platform": "n20",
                "processing_level": "NOAA Level 3",
                "product": "FLOOD",
                "product_description": "Flood Detection",
                "production_environment": "Unknown",
                "production_site": "Unknown",
                "project": "NESDIS Common Cloud Framework",
                "publisher_email": "espcoperations@noaa.gov",
                "publisher_name": "DOC/NOAA/NESDIS/OSPO > Office of Satellite and Product Operations, NESDIS, NOAA, U.S. Department of Commerce.",
                "publisher_url": "http://www.ospo.noaa.gov",
                "references": "https://www.ssec.wisc.edu/flood-map-demo/flood-products/",
                "satellite": "JPSS-1",
                "satellite_name": "JPSS-1 (NOAA-20)",
                "sensor": "VIIRS",
                "sensor_name": "Visible Infrared Imaging Radiometer Suite",
                "source": "GITCO, VIIRS I-bands: 01, 02, 03, 05, JRR-CloudMask",
                "standard_name_vocabulary": "CF Standard Name Table (version 69, 15 October 2019)",
                "start_orbit_number": 44520,
                "summary": "VIIRS 375-m flood water fraction product",
                "time_coverage_end": "2026-06-22T06:56:40Z",
                "time_coverage_start": "2026-06-22T06:55:16Z",
                "title": "VIIRS_Flood_Detection",
                "variables": {
                    "QualityFlag": {
                        "attributes": {
                            "TypeDescription": "0: high quality detection; 1: moderate quality detection; 2: low quality detection; 255: FillValue",
                            "long_name": "QualityFlag"
                        },
                        "dimensions": [
                            "lat",
                            "lon"
                        ],
                        "dtype": "float32",
                        "shape": [
                            2966,
                            2966
                        ]
                    },
                    "WaterDetection": {
                        "attributes": {
                            "ProjectionMaxLatitude": 18.101999282836914,
                            "ProjectionMaxLongitude": 105.93035125732422,
                            "ProjectionMinLatitude": 8.10200023651123,
                            "ProjectionMinLongitude": 95.92900085449219,
                            "ProjectionResolution": 0.003372000064700842,
                            "Type": [
                                1,
                                15,
                                16,
                                17,
                                20,
                                27,
                                30,
                                38,
                                50,
                                99,
                                100
                            ],
                            "TypeDescription": "1: no_valid_data; 15: Floodwater without fraction retrieval; 16: Bareland; 17: Vegetation; 20: Snow_ice; 27: River/lake ice; 30: Cloud; 38: Supar-snow/ice water or mixed ice&water or melting ice; 50: Shadow; 99: NormalWater; 100-200: Water Fractions",
                            "long_name": "WaterDetection",
                            "units": "1"
                        },
                        "dimensions": [
                            "lat",
                            "lon"
                        ],
                        "dtype": "float32",
                        "shape": [
                            2966,
                            2966
                        ]
                    },
                    "quality_information": {
                        "attributes": {
                            "long_name": "total number of retrievals, percentage of optimal retrievals, percentage of sub optimal retrievals, percentage of bad retrievals",
                            "percentage_bad_retrievals": 0.2489486038684845,
                            "percentage_optimal_retrievals": 97.55937194824219,
                            "percentage_sub_optimal_retrievals": 2.191680669784546,
                            "total_number_retrievals": 407313
                        },
                        "dimensions": [],
                        "dtype": "|S1",
                        "shape": []
                    }
                }
            },
            "assets": {
                "S3:file": {
                    "href": "https://nsdc.gistda.or.th/core/api/stac/1.0/jpss-1/collections/VIIRS_Flood_UDF001_v2r0_n20_s202606220655164_e202606220656409_c202606220712026/items/VIIRS_Flood_UDF001_v2r0_n20_s202606220655164_e202606220656409_c202606220712026/download?api_key=p6IIcJWIvxcdUSwnXJTQCkRxPiO25OJHSHXXmi83sk1MkigY99l1UfTdJAoHTWDx&asset=S3:file",
                    "title": "VIIRS-Flood-UDF001_v2r0_n20_s202606220655164_e202606220656409_c202606220712026",
                    "type": "application/file",
                    "roles": [
                        "download"
                    ]
                },
                "data": {
                    "href": "https://nsdc.gistda.or.th/core/api/features/1.0/collections/6a3941e7ffd4b06740877b86",
                    "title": "Coverage Collection",
                    "type": "application/geo+json",
                    "roles": [
                        "Coverage"
                    ]
                },
                "download": {
                    "href": "https://nsdc.gistda.or.th/core/api/coverages/1.0-beta/manager/6a3941e7ffd4b06740877b86",
                    "title": "Download data",
                    "type": "application/zip",
                    "roles": [
                        "download"
                    ]
                },
                "thumbnail": {
                    "href": "https://nsdc.gistda.or.th/core/api/managements/1.0/files/6a3941e8584f4ec462a3f717/download",
                    "title": "Thumbnail",
                    "type": "image/jpeg",
                    "roles": [
                        "thumbnail"
                    ]
                }
            },
            "collection": "VIIRS_Flood_UDF001_v2r0_n20_s202606220655164_e202606220656409_c202606220712026",
            "links": [
                {
                    "href": "https://nsdc.gistda.or.th/core/api/stac/1.0/jpss-1/collections/VIIRS_Flood_UDF001_v2r0_n20_s202606220655164_e202606220656409_c202606220712026/items/VIIRS_Flood_UDF001_v2r0_n20_s202606220655164_e202606220656409_c202606220712026?api_key=p6IIcJWIvxcdUSwnXJTQCkRxPiO25OJHSHXXmi83sk1MkigY99l1UfTdJAoHTWDx",
                    "rel": "self",
                    "type": "application/geo+json"
                },
                {
                    "href": "https://nsdc.gistda.or.th/core/api/stac/1.0/jpss-1/?api_key=p6IIcJWIvxcdUSwnXJTQCkRxPiO25OJHSHXXmi83sk1MkigY99l1UfTdJAoHTWDx",
                    "rel": "root",
                    "type": "application/json"
                },
                {
                    "href": "https://nsdc.gistda.or.th/core/api/stac/1.0/jpss-1/collections/VIIRS_Flood_UDF001_v2r0_n20_s202606220655164_e202606220656409_c202606220712026?api_key=p6IIcJWIvxcdUSwnXJTQCkRxPiO25OJHSHXXmi83sk1MkigY99l1UfTdJAoHTWDx",
                    "rel": "parent",
                    "type": "application/json"
                },
                {
                    "href": "https://nsdc.gistda.or.th/core/api/stac/1.0/jpss-1/collections/VIIRS_Flood_UDF001_v2r0_n20_s202606220655164_e202606220656409_c202606220712026?api_key=p6IIcJWIvxcdUSwnXJTQCkRxPiO25OJHSHXXmi83sk1MkigY99l1UfTdJAoHTWDx",
                    "rel": "collection",
                    "type": "application/json"
                }
            ],
            "parents": [],
            "stac": "jpss-1",
            "created_at": "2026-06-22T14:11:30.151Z",
            "created_by": "62fe8bd5afc1d2d764d061b2",
            "updated_at": "2026-06-22T14:11:30.151Z",
            "updated_by": "62fe8bd5afc1d2d764d061b2"
        },
        {
            "id": "VIIRS_Flood_UDF001_v2r0_n20_s202606210717030_e202606210718275_c202606210729042",
            "type": "Feature",
            "stac_version": "1.0.0",
            "geometry": {
                "type": "Polygon",
                "coordinates": [
                    [
                        [
                            95.92731485479396,
                            18.10368528285678
                        ],
                        [
                            95.92731485479396,
                            13.399745227434181
                        ],
                        [
                            104.89346124993206,
                            14.401229239233832
                        ],
                        [
                            104.28312935917614,
                            18.10368528285678
                        ],
                        [
                            95.92731485479396,
                            18.10368528285678
                        ]
                    ]
                ]
            },
            "bbox": [
                95.927315,
                8.102333,
                105.928665,
                18.103685
            ],
            "properties": {
                "Conventions": "CF-1.6, ACDD-1.3",
                "DaynightFlag": 1,
                "Observingdate": "20260621",
                "Observingtime": "071703.028813Z",
                "Resolution": 0.003372000064700842,
                "Satellitename": "n20",
                "SensorIdentifyCode": "VIIRS",
                "ascend_descend_data_flag": 0,
                "cdm_data_type": "Grid",
                "created": "2026-06-21T16:10:05.121608Z",
                "creator_email": "slia@gmu.edu",
                "creator_name": "The VIIRS Flood Team in George Mason University funded by NOAA JPSS Program.",
                "creator_url": "https://jpssflood.gmu.edu",
                "date_created": "2026-06-21T07:29:04Z",
                "datetime": "2026-06-21T07:17:45Z",
                "day_night_data_flag": "day",
                "dimensions": {
                    "lat": 2966,
                    "lon": 2966
                },
                "end_orbit_number": 44506,
                "fillvalue_pixel_percent": 63.69992446899414,
                "flood_pixel_count": 3400,
                "flood_pixel_percent": 0.1064646914601326,
                "footprint": {
                    "geometry": {
                        "coordinates": [
                            [
                                [
                                    95.92731485479396,
                                    18.10368528285678
                                ],
                                [
                                    95.92731485479396,
                                    13.399745227434181
                                ],
                                [
                                    104.89346124993206,
                                    14.401229239233832
                                ],
                                [
                                    104.28312935917614,
                                    18.10368528285678
                                ],
                                [
                                    95.92731485479396,
                                    18.10368528285678
                                ]
                            ]
                        ],
                        "type": "Polygon"
                    },
                    "properties": {},
                    "type": "Feature"
                },
                "geospatial_lat_max": 18.101999282836914,
                "geospatial_lat_min": 8.10200023651123,
                "geospatial_lat_resolution": 0.003372000064700842,
                "geospatial_lat_units": "degrees_north",
                "geospatial_lon_max": 105.93035125732422,
                "geospatial_lon_min": 95.92900085449219,
                "geospatial_lon_resolution": 0.003372000064700842,
                "geospatial_lon_units": "degrees_east",
                "history": "VIIRS Flood Detection Version: v2r0",
                "history_package": "v1r1",
                "id": "VIIRS-Flood-UDF001_v2r0_n20_s202606210717030_e202606210718275_c202606210729042.nc",
                "institution": "DOC/NOAA/NESDIS/OSPO > Office of Satellite and Product Operations, NESDIS, NOAA, U.S. Department of Commerce.",
                "instrument": "VIIRS",
                "keywords": "VIIRS Flood Detection",
                "level": 2,
                "lowquality_pixel_percent": 0.0024098698049783707,
                "metadata_link": "VIIRS-Flood-UDF001_v2r0_n20_s202606210717030_e202606210718275_c202606210729042.nc",
                "moderatequality_pixel_percent": 2.7144341468811035,
                "naming_authority": "gov.noaa.nesdis.ospo",
                "platform": "n20",
                "processing_level": "NOAA Level 3",
                "product": "FLOOD",
                "product_description": "Flood Detection",
                "production_environment": "Unknown",
                "production_site": "Unknown",
                "project": "NESDIS Common Cloud Framework",
                "publisher_email": "espcoperations@noaa.gov",
                "publisher_name": "DOC/NOAA/NESDIS/OSPO > Office of Satellite and Product Operations, NESDIS, NOAA, U.S. Department of Commerce.",
                "publisher_url": "http://www.ospo.noaa.gov",
                "references": "https://www.ssec.wisc.edu/flood-map-demo/flood-products/",
                "satellite": "JPSS-1",
                "satellite_name": "JPSS-1 (NOAA-20)",
                "sensor": "VIIRS",
                "sensor_name": "Visible Infrared Imaging Radiometer Suite",
                "source": "GITCO, VIIRS I-bands: 01, 02, 03, 05, JRR-CloudMask",
                "standard_name_vocabulary": "CF Standard Name Table (version 69, 15 October 2019)",
                "start_orbit_number": 44506,
                "summary": "VIIRS 375-m flood water fraction product",
                "time_coverage_end": "2026-06-21T07:18:27Z",
                "time_coverage_start": "2026-06-21T07:17:03Z",
                "title": "VIIRS_Flood_Detection",
                "variables": {
                    "QualityFlag": {
                        "attributes": {
                            "TypeDescription": "0: high quality detection; 1: moderate quality detection; 2: low quality detection; 255: FillValue",
                            "long_name": "QualityFlag"
                        },
                        "dimensions": [
                            "lat",
                            "lon"
                        ],
                        "dtype": "float32",
                        "shape": [
                            2966,
                            2966
                        ]
                    },
                    "WaterDetection": {
                        "attributes": {
                            "ProjectionMaxLatitude": 18.101999282836914,
                            "ProjectionMaxLongitude": 105.93035125732422,
                            "ProjectionMinLatitude": 8.10200023651123,
                            "ProjectionMinLongitude": 95.92900085449219,
                            "ProjectionResolution": 0.003372000064700842,
                            "Type": [
                                1,
                                15,
                                16,
                                17,
                                20,
                                27,
                                30,
                                38,
                                50,
                                99,
                                100
                            ],
                            "TypeDescription": "1: no_valid_data; 15: Floodwater without fraction retrieval; 16: Bareland; 17: Vegetation; 20: Snow_ice; 27: River/lake ice; 30: Cloud; 38: Supar-snow/ice water or mixed ice&water or melting ice; 50: Shadow; 99: NormalWater; 100-200: Water Fractions",
                            "long_name": "WaterDetection",
                            "units": "1"
                        },
                        "dimensions": [
                            "lat",
                            "lon"
                        ],
                        "dtype": "float32",
                        "shape": [
                            2966,
                            2966
                        ]
                    },
                    "quality_information": {
                        "attributes": {
                            "long_name": "total number of retrievals, percentage of optimal retrievals, percentage of sub optimal retrievals, percentage of bad retrievals",
                            "percentage_bad_retrievals": 0.006638746242970228,
                            "percentage_optimal_retrievals": 92.51559448242188,
                            "percentage_sub_optimal_retrievals": 7.477765083312988,
                            "total_number_retrievals": 3193374
                        },
                        "dimensions": [],
                        "dtype": "|S1",
                        "shape": []
                    }
                }
            },
            "assets": {
                "S3:file": {
                    "href": "https://nsdc.gistda.or.th/core/api/stac/1.0/jpss-1/collections/VIIRS_Flood_UDF001_v2r0_n20_s202606210717030_e202606210718275_c202606210729042/items/VIIRS_Flood_UDF001_v2r0_n20_s202606210717030_e202606210718275_c202606210729042/download?api_key=p6IIcJWIvxcdUSwnXJTQCkRxPiO25OJHSHXXmi83sk1MkigY99l1UfTdJAoHTWDx&asset=S3:file",
                    "title": "VIIRS-Flood-UDF001_v2r0_n20_s202606210717030_e202606210718275_c202606210729042",
                    "type": "application/file",
                    "roles": [
                        "download"
                    ]
                },
                "data": {
                    "href": "https://nsdc.gistda.or.th/core/api/features/1.0/collections/6a380c458438f708b7a0edc0",
                    "title": "Coverage Collection",
                    "type": "application/geo+json",
                    "roles": [
                        "Coverage"
                    ]
                },
                "download": {
                    "href": "https://nsdc.gistda.or.th/core/api/coverages/1.0-beta/manager/6a380c458438f708b7a0edc0",
                    "title": "Download data",
                    "type": "application/zip",
                    "roles": [
                        "download"
                    ]
                },
                "thumbnail": {
                    "href": "https://nsdc.gistda.or.th/core/api/managements/1.0/files/6a380c464072c2acedff7e86/download",
                    "title": "Thumbnail",
                    "type": "image/jpeg",
                    "roles": [
                        "thumbnail"
                    ]
                }
            },
            "collection": "VIIRS_Flood_UDF001_v2r0_n20_s202606210717030_e202606210718275_c202606210729042",
            "links": [
                {
                    "href": "https://nsdc.gistda.or.th/core/api/stac/1.0/jpss-1/collections/VIIRS_Flood_UDF001_v2r0_n20_s202606210717030_e202606210718275_c202606210729042/items/VIIRS_Flood_UDF001_v2r0_n20_s202606210717030_e202606210718275_c202606210729042?api_key=p6IIcJWIvxcdUSwnXJTQCkRxPiO25OJHSHXXmi83sk1MkigY99l1UfTdJAoHTWDx",
                    "rel": "self",
                    "type": "application/geo+json"
                },
                {
                    "href": "https://nsdc.gistda.or.th/core/api/stac/1.0/jpss-1/?api_key=p6IIcJWIvxcdUSwnXJTQCkRxPiO25OJHSHXXmi83sk1MkigY99l1UfTdJAoHTWDx",
                    "rel": "root",
                    "type": "application/json"
                },
                {
                    "href": "https://nsdc.gistda.or.th/core/api/stac/1.0/jpss-1/collections/VIIRS_Flood_UDF001_v2r0_n20_s202606210717030_e202606210718275_c202606210729042?api_key=p6IIcJWIvxcdUSwnXJTQCkRxPiO25OJHSHXXmi83sk1MkigY99l1UfTdJAoHTWDx",
                    "rel": "parent",
                    "type": "application/json"
                },
                {
                    "href": "https://nsdc.gistda.or.th/core/api/stac/1.0/jpss-1/collections/VIIRS_Flood_UDF001_v2r0_n20_s202606210717030_e202606210718275_c202606210729042?api_key=p6IIcJWIvxcdUSwnXJTQCkRxPiO25OJHSHXXmi83sk1MkigY99l1UfTdJAoHTWDx",
                    "rel": "collection",
                    "type": "application/json"
                }
            ],
            "parents": [],
            "stac": "jpss-1",
            "created_at": "2026-06-21T16:10:05.376Z",
            "created_by": "62fe8bd5afc1d2d764d061b2",
            "updated_at": "2026-06-21T16:10:05.376Z",
            "updated_by": "62fe8bd5afc1d2d764d061b2"
        },
        {
            "id": "VIIRS_Flood_UDF001_v2r0_n20_s202606210715372_e202606210717017_c202606210729042",
            "type": "Feature",
            "stac_version": "1.0.0",
            "geometry": {
                "type": "Polygon",
                "coordinates": [
                    [
                        [
                            104.86648525476053,
                            14.478785240147609
                        ],
                        [
                            95.92731485479396,
                            13.409861227553371
                        ],
                        [
                            95.92731485479396,
                            8.210237166290542
                        ],
                        [
                            105.81064508576416,
                            9.478109181228819
                        ],
                        [
                            104.86648525476053,
                            14.478785240147609
                        ]
                    ]
                ]
            },
            "bbox": [
                95.927315,
                8.102333,
                105.928665,
                18.103685
            ],
            "properties": {
                "Conventions": "CF-1.6, ACDD-1.3",
                "DaynightFlag": 1,
                "Observingdate": "20260621",
                "Observingtime": "071537.272595Z",
                "Resolution": 0.003372000064700842,
                "Satellitename": "n20",
                "SensorIdentifyCode": "VIIRS",
                "ascend_descend_data_flag": 0,
                "cdm_data_type": "Grid",
                "created": "2026-06-21T16:10:01.917123Z",
                "creator_email": "slia@gmu.edu",
                "creator_name": "The VIIRS Flood Team in George Mason University funded by NOAA JPSS Program.",
                "creator_url": "https://jpssflood.gmu.edu",
                "date_created": "2026-06-21T07:29:04Z",
                "datetime": "2026-06-21T07:16:19Z",
                "day_night_data_flag": "day",
                "dimensions": {
                    "lat": 2966,
                    "lon": 2966
                },
                "end_orbit_number": 44506,
                "fillvalue_pixel_percent": 51.44375991821289,
                "flood_pixel_count": 4822,
                "flood_pixel_percent": 0.1128765121102333,
                "footprint": {
                    "geometry": {
                        "coordinates": [
                            [
                                [
                                    104.86648525476053,
                                    14.478785240147609
                                ],
                                [
                                    95.92731485479396,
                                    13.409861227553371
                                ],
                                [
                                    95.92731485479396,
                                    8.210237166290542
                                ],
                                [
                                    105.81064508576416,
                                    9.478109181228819
                                ],
                                [
                                    104.86648525476053,
                                    14.478785240147609
                                ]
                            ]
                        ],
                        "type": "Polygon"
                    },
                    "properties": {},
                    "type": "Feature"
                },
                "geospatial_lat_max": 18.101999282836914,
                "geospatial_lat_min": 8.10200023651123,
                "geospatial_lat_resolution": 0.003372000064700842,
                "geospatial_lat_units": "degrees_north",
                "geospatial_lon_max": 105.93035125732422,
                "geospatial_lon_min": 95.92900085449219,
                "geospatial_lon_resolution": 0.003372000064700842,
                "geospatial_lon_units": "degrees_east",
                "history": "VIIRS Flood Detection Version: v2r0",
                "history_package": "v1r1",
                "id": "VIIRS-Flood-UDF001_v2r0_n20_s202606210715372_e202606210717017_c202606210729042.nc",
                "institution": "DOC/NOAA/NESDIS/OSPO > Office of Satellite and Product Operations, NESDIS, NOAA, U.S. Department of Commerce.",
                "instrument": "VIIRS",
                "keywords": "VIIRS Flood Detection",
                "level": 2,
                "lowquality_pixel_percent": 0.004558291286230087,
                "metadata_link": "VIIRS-Flood-UDF001_v2r0_n20_s202606210715372_e202606210717017_c202606210729042.nc",
                "moderatequality_pixel_percent": 1.5744179487228394,
                "naming_authority": "gov.noaa.nesdis.ospo",
                "platform": "n20",
                "processing_level": "NOAA Level 3",
                "product": "FLOOD",
                "product_description": "Flood Detection",
                "production_environment": "Unknown",
                "production_site": "Unknown",
                "project": "NESDIS Common Cloud Framework",
                "publisher_email": "espcoperations@noaa.gov",
                "publisher_name": "DOC/NOAA/NESDIS/OSPO > Office of Satellite and Product Operations, NESDIS, NOAA, U.S. Department of Commerce.",
                "publisher_url": "http://www.ospo.noaa.gov",
                "references": "https://www.ssec.wisc.edu/flood-map-demo/flood-products/",
                "satellite": "JPSS-1",
                "satellite_name": "JPSS-1 (NOAA-20)",
                "sensor": "VIIRS",
                "sensor_name": "Visible Infrared Imaging Radiometer Suite",
                "source": "GITCO, VIIRS I-bands: 01, 02, 03, 05, JRR-CloudMask",
                "standard_name_vocabulary": "CF Standard Name Table (version 69, 15 October 2019)",
                "start_orbit_number": 44506,
                "summary": "VIIRS 375-m flood water fraction product",
                "time_coverage_end": "2026-06-21T07:17:01Z",
                "time_coverage_start": "2026-06-21T07:15:37Z",
                "title": "VIIRS_Flood_Detection",
                "variables": {
                    "QualityFlag": {
                        "attributes": {
                            "TypeDescription": "0: high quality detection; 1: moderate quality detection; 2: low quality detection; 255: FillValue",
                            "long_name": "QualityFlag"
                        },
                        "dimensions": [
                            "lat",
                            "lon"
                        ],
                        "dtype": "float32",
                        "shape": [
                            2966,
                            2966
                        ]
                    },
                    "WaterDetection": {
                        "attributes": {
                            "ProjectionMaxLatitude": 18.101999282836914,
                            "ProjectionMaxLongitude": 105.93035125732422,
                            "ProjectionMinLatitude": 8.10200023651123,
                            "ProjectionMinLongitude": 95.92900085449219,
                            "ProjectionResolution": 0.003372000064700842,
                            "Type": [
                                1,
                                15,
                                16,
                                17,
                                20,
                                27,
                                30,
                                38,
                                50,
                                99,
                                100
                            ],
                            "TypeDescription": "1: no_valid_data; 15: Floodwater without fraction retrieval; 16: Bareland; 17: Vegetation; 20: Snow_ice; 27: River/lake ice; 30: Cloud; 38: Supar-snow/ice water or mixed ice&water or melting ice; 50: Shadow; 99: NormalWater; 100-200: Water Fractions",
                            "long_name": "WaterDetection",
                            "units": "1"
                        },
                        "dimensions": [
                            "lat",
                            "lon"
                        ],
                        "dtype": "float32",
                        "shape": [
                            2966,
                            2966
                        ]
                    },
                    "quality_information": {
                        "attributes": {
                            "long_name": "total number of retrievals, percentage of optimal retrievals, percentage of sub optimal retrievals, percentage of bad retrievals",
                            "percentage_bad_retrievals": 0.009387653321027756,
                            "percentage_optimal_retrievals": 96.7481460571289,
                            "percentage_sub_optimal_retrievals": 3.242462635040283,
                            "total_number_retrievals": 4271568
                        },
                        "dimensions": [],
                        "dtype": "|S1",
                        "shape": []
                    }
                }
            },
            "assets": {
                "S3:file": {
                    "href": "https://nsdc.gistda.or.th/core/api/stac/1.0/jpss-1/collections/VIIRS_Flood_UDF001_v2r0_n20_s202606210715372_e202606210717017_c202606210729042/items/VIIRS_Flood_UDF001_v2r0_n20_s202606210715372_e202606210717017_c202606210729042/download?api_key=p6IIcJWIvxcdUSwnXJTQCkRxPiO25OJHSHXXmi83sk1MkigY99l1UfTdJAoHTWDx&asset=S3:file",
                    "title": "VIIRS-Flood-UDF001_v2r0_n20_s202606210715372_e202606210717017_c202606210729042",
                    "type": "application/file",
                    "roles": [
                        "download"
                    ]
                },
                "data": {
                    "href": "https://nsdc.gistda.or.th/core/api/features/1.0/collections/6a380c408438f708b7a0edbe",
                    "title": "Coverage Collection",
                    "type": "application/geo+json",
                    "roles": [
                        "Coverage"
                    ]
                },
                "download": {
                    "href": "https://nsdc.gistda.or.th/core/api/coverages/1.0-beta/manager/6a380c408438f708b7a0edbe",
                    "title": "Download data",
                    "type": "application/zip",
                    "roles": [
                        "download"
                    ]
                },
                "thumbnail": {
                    "href": "https://nsdc.gistda.or.th/core/api/managements/1.0/files/6a380c42584f4ec462a3f4e4/download",
                    "title": "Thumbnail",
                    "type": "image/jpeg",
                    "roles": [
                        "thumbnail"
                    ]
                }
            },
            "collection": "VIIRS_Flood_UDF001_v2r0_n20_s202606210715372_e202606210717017_c202606210729042",
            "links": [
                {
                    "href": "https://nsdc.gistda.or.th/core/api/stac/1.0/jpss-1/collections/VIIRS_Flood_UDF001_v2r0_n20_s202606210715372_e202606210717017_c202606210729042/items/VIIRS_Flood_UDF001_v2r0_n20_s202606210715372_e202606210717017_c202606210729042?api_key=p6IIcJWIvxcdUSwnXJTQCkRxPiO25OJHSHXXmi83sk1MkigY99l1UfTdJAoHTWDx",
                    "rel": "self",
                    "type": "application/geo+json"
                },
                {
                    "href": "https://nsdc.gistda.or.th/core/api/stac/1.0/jpss-1/?api_key=p6IIcJWIvxcdUSwnXJTQCkRxPiO25OJHSHXXmi83sk1MkigY99l1UfTdJAoHTWDx",
                    "rel": "root",
                    "type": "application/json"
                },
                {
                    "href": "https://nsdc.gistda.or.th/core/api/stac/1.0/jpss-1/collections/VIIRS_Flood_UDF001_v2r0_n20_s202606210715372_e202606210717017_c202606210729042?api_key=p6IIcJWIvxcdUSwnXJTQCkRxPiO25OJHSHXXmi83sk1MkigY99l1UfTdJAoHTWDx",
                    "rel": "parent",
                    "type": "application/json"
                },
                {
                    "href": "https://nsdc.gistda.or.th/core/api/stac/1.0/jpss-1/collections/VIIRS_Flood_UDF001_v2r0_n20_s202606210715372_e202606210717017_c202606210729042?api_key=p6IIcJWIvxcdUSwnXJTQCkRxPiO25OJHSHXXmi83sk1MkigY99l1UfTdJAoHTWDx",
                    "rel": "collection",
                    "type": "application/json"
                }
            ],
            "parents": [],
            "stac": "jpss-1",
            "created_at": "2026-06-21T16:10:02.168Z",
            "created_by": "62fe8bd5afc1d2d764d061b2",
            "updated_at": "2026-06-21T16:10:02.168Z",
            "updated_by": "62fe8bd5afc1d2d764d061b2"
        },
        {
            "id": "VIIRS_Flood_UDF001_v2r0_n20_s202606210714115_e202606210715360_c202606210729036",
            "type": "Feature",
            "stac_version": "1.0.0",
            "geometry": {
                "type": "Polygon",
                "coordinates": [
                    [
                        [
                            105.79041308938552,
                            9.555665182142597
                        ],
                        [
                            96.17009881133775,
                            8.267561166965942
                        ],
                        [
                            95.92731485479396,
                            8.102333165019198
                        ],
                        [
                            105.92866506463962,
                            8.102333165019198
                        ],
                        [
                            105.79041308938552,
                            9.555665182142597
                        ]
                    ]
                ]
            },
            "bbox": [
                95.927315,
                8.102333,
                105.928665,
                18.103685
            ],
            "properties": {
                "Conventions": "CF-1.6, ACDD-1.3",
                "DaynightFlag": 1,
                "Observingdate": "20260621",
                "Observingtime": "071411.516376Z",
                "Resolution": 0.003372000064700842,
                "Satellitename": "n20",
                "SensorIdentifyCode": "VIIRS",
                "ascend_descend_data_flag": 0,
                "cdm_data_type": "Grid",
                "created": "2026-06-21T16:10:00.180478Z",
                "creator_email": "slia@gmu.edu",
                "creator_name": "The VIIRS Flood Team in George Mason University funded by NOAA JPSS Program.",
                "creator_url": "https://jpssflood.gmu.edu",
                "date_created": "2026-06-21T07:29:03Z",
                "datetime": "2026-06-21T07:14:53.5Z",
                "day_night_data_flag": "day",
                "dimensions": {
                    "lat": 2966,
                    "lon": 2966
                },
                "end_orbit_number": 44506,
                "fillvalue_pixel_percent": 91.89501190185547,
                "flood_pixel_count": 1020,
                "flood_pixel_percent": 0.14304928481578827,
                "footprint": {
                    "geometry": {
                        "coordinates": [
                            [
                                [
                                    105.79041308938552,
                                    9.555665182142597
                                ],
                                [
                                    96.17009881133775,
                                    8.267561166965942
                                ],
                                [
                                    95.92731485479396,
                                    8.102333165019198
                                ],
                                [
                                    105.92866506463962,
                                    8.102333165019198
                                ],
                                [
                                    105.79041308938552,
                                    9.555665182142597
                                ]
                            ]
                        ],
                        "type": "Polygon"
                    },
                    "properties": {},
                    "type": "Feature"
                },
                "geospatial_lat_max": 18.101999282836914,
                "geospatial_lat_min": 8.10200023651123,
                "geospatial_lat_resolution": 0.003372000064700842,
                "geospatial_lat_units": "degrees_north",
                "geospatial_lon_max": 105.93035125732422,
                "geospatial_lon_min": 95.92900085449219,
                "geospatial_lon_resolution": 0.003372000064700842,
                "geospatial_lon_units": "degrees_east",
                "history": "VIIRS Flood Detection Version: v2r0",
                "history_package": "v1r1",
                "id": "VIIRS-Flood-UDF001_v2r0_n20_s202606210714115_e202606210715360_c202606210729036.nc",
                "institution": "DOC/NOAA/NESDIS/OSPO > Office of Satellite and Product Operations, NESDIS, NOAA, U.S. Department of Commerce.",
                "instrument": "VIIRS",
                "keywords": "VIIRS Flood Detection",
                "level": 2,
                "lowquality_pixel_percent": 0.006729447282850742,
                "metadata_link": "VIIRS-Flood-UDF001_v2r0_n20_s202606210714115_e202606210715360_c202606210729036.nc",
                "moderatequality_pixel_percent": 0.04225229099392891,
                "naming_authority": "gov.noaa.nesdis.ospo",
                "platform": "n20",
                "processing_level": "NOAA Level 3",
                "product": "FLOOD",
                "product_description": "Flood Detection",
                "production_environment": "Unknown",
                "production_site": "Unknown",
                "project": "NESDIS Common Cloud Framework",
                "publisher_email": "espcoperations@noaa.gov",
                "publisher_name": "DOC/NOAA/NESDIS/OSPO > Office of Satellite and Product Operations, NESDIS, NOAA, U.S. Department of Commerce.",
                "publisher_url": "http://www.ospo.noaa.gov",
                "references": "https://www.ssec.wisc.edu/flood-map-demo/flood-products/",
                "satellite": "JPSS-1",
                "satellite_name": "JPSS-1 (NOAA-20)",
                "sensor": "VIIRS",
                "sensor_name": "Visible Infrared Imaging Radiometer Suite",
                "source": "GITCO, VIIRS I-bands: 01, 02, 03, 05, JRR-CloudMask",
                "standard_name_vocabulary": "CF Standard Name Table (version 69, 15 October 2019)",
                "start_orbit_number": 44506,
                "summary": "VIIRS 375-m flood water fraction product",
                "time_coverage_end": "2026-06-21T07:15:36Z",
                "time_coverage_start": "2026-06-21T07:14:11Z",
                "title": "VIIRS_Flood_Detection",
                "variables": {
                    "QualityFlag": {
                        "attributes": {
                            "TypeDescription": "0: high quality detection; 1: moderate quality detection; 2: low quality detection; 255: FillValue",
                            "long_name": "QualityFlag"
                        },
                        "dimensions": [
                            "lat",
                            "lon"
                        ],
                        "dtype": "float32",
                        "shape": [
                            2966,
                            2966
                        ]
                    },
                    "WaterDetection": {
                        "attributes": {
                            "ProjectionMaxLatitude": 18.101999282836914,
                            "ProjectionMaxLongitude": 105.93035125732422,
                            "ProjectionMinLatitude": 8.10200023651123,
                            "ProjectionMinLongitude": 95.92900085449219,
                            "ProjectionResolution": 0.003372000064700842,
                            "Type": [
                                1,
                                15,
                                16,
                                17,
                                20,
                                27,
                                30,
                                38,
                                50,
                                99,
                                100
                            ],
                            "TypeDescription": "1: no_valid_data; 15: Floodwater without fraction retrieval; 16: Bareland; 17: Vegetation; 20: Snow_ice; 27: River/lake ice; 30: Cloud; 38: Supar-snow/ice water or mixed ice&water or melting ice; 50: Shadow; 99: NormalWater; 100-200: Water Fractions",
                            "long_name": "WaterDetection",
                            "units": "1"
                        },
                        "dimensions": [
                            "lat",
                            "lon"
                        ],
                        "dtype": "float32",
                        "shape": [
                            2966,
                            2966
                        ]
                    },
                    "quality_information": {
                        "attributes": {
                            "long_name": "total number of retrievals, percentage of optimal retrievals, percentage of sub optimal retrievals, percentage of bad retrievals",
                            "percentage_bad_retrievals": 0.08302852511405945,
                            "percentage_optimal_retrievals": 99.39566040039062,
                            "percentage_sub_optimal_retrievals": 0.5213125348091125,
                            "total_number_retrievals": 713008
                        },
                        "dimensions": [],
                        "dtype": "|S1",
                        "shape": []
                    }
                }
            },
            "assets": {
                "S3:file": {
                    "href": "https://nsdc.gistda.or.th/core/api/stac/1.0/jpss-1/collections/VIIRS_Flood_UDF001_v2r0_n20_s202606210714115_e202606210715360_c202606210729036/items/VIIRS_Flood_UDF001_v2r0_n20_s202606210714115_e202606210715360_c202606210729036/download?api_key=p6IIcJWIvxcdUSwnXJTQCkRxPiO25OJHSHXXmi83sk1MkigY99l1UfTdJAoHTWDx&asset=S3:file",
                    "title": "VIIRS-Flood-UDF001_v2r0_n20_s202606210714115_e202606210715360_c202606210729036",
                    "type": "application/file",
                    "roles": [
                        "download"
                    ]
                },
                "data": {
                    "href": "https://nsdc.gistda.or.th/core/api/features/1.0/collections/6a380c3effd4b06740877b44",
                    "title": "Coverage Collection",
                    "type": "application/geo+json",
                    "roles": [
                        "Coverage"
                    ]
                },
                "download": {
                    "href": "https://nsdc.gistda.or.th/core/api/coverages/1.0-beta/manager/6a380c3effd4b06740877b44",
                    "title": "Download data",
                    "type": "application/zip",
                    "roles": [
                        "download"
                    ]
                },
                "thumbnail": {
                    "href": "https://nsdc.gistda.or.th/core/api/managements/1.0/files/6a380c3f4072c2acedff7e82/download",
                    "title": "Thumbnail",
                    "type": "image/jpeg",
                    "roles": [
                        "thumbnail"
                    ]
                }
            },
            "collection": "VIIRS_Flood_UDF001_v2r0_n20_s202606210714115_e202606210715360_c202606210729036",
            "links": [
                {
                    "href": "https://nsdc.gistda.or.th/core/api/stac/1.0/jpss-1/collections/VIIRS_Flood_UDF001_v2r0_n20_s202606210714115_e202606210715360_c202606210729036/items/VIIRS_Flood_UDF001_v2r0_n20_s202606210714115_e202606210715360_c202606210729036?api_key=p6IIcJWIvxcdUSwnXJTQCkRxPiO25OJHSHXXmi83sk1MkigY99l1UfTdJAoHTWDx",
                    "rel": "self",
                    "type": "application/geo+json"
                },
                {
                    "href": "https://nsdc.gistda.or.th/core/api/stac/1.0/jpss-1/?api_key=p6IIcJWIvxcdUSwnXJTQCkRxPiO25OJHSHXXmi83sk1MkigY99l1UfTdJAoHTWDx",
                    "rel": "root",
                    "type": "application/json"
                },
                {
                    "href": "https://nsdc.gistda.or.th/core/api/stac/1.0/jpss-1/collections/VIIRS_Flood_UDF001_v2r0_n20_s202606210714115_e202606210715360_c202606210729036?api_key=p6IIcJWIvxcdUSwnXJTQCkRxPiO25OJHSHXXmi83sk1MkigY99l1UfTdJAoHTWDx",
                    "rel": "parent",
                    "type": "application/json"
                },
                {
                    "href": "https://nsdc.gistda.or.th/core/api/stac/1.0/jpss-1/collections/VIIRS_Flood_UDF001_v2r0_n20_s202606210714115_e202606210715360_c202606210729036?api_key=p6IIcJWIvxcdUSwnXJTQCkRxPiO25OJHSHXXmi83sk1MkigY99l1UfTdJAoHTWDx",
                    "rel": "collection",
                    "type": "application/json"
                }
            ],
            "parents": [],
            "stac": "jpss-1",
            "created_at": "2026-06-21T16:10:00.429Z",
            "created_by": "62fe8bd5afc1d2d764d061b2",
            "updated_at": "2026-06-21T16:10:00.429Z",
            "updated_by": "62fe8bd5afc1d2d764d061b2"
        },
        {
            "id": "VIIRS_Flood_UDF001_v2r0_n20_s202606210537286_e202606210538531_c202606210547016",
            "type": "Feature",
            "stac_version": "1.0.0",
            "geometry": {
                "type": "Polygon",
                "coordinates": [
                    [
                        [
                            100.38847005628614,
                            18.10368528285678
                        ],
                        [
                            100.82008597903067,
                            16.765001267084184
                        ],
                        [
                            105.92866506463962,
                            17.90473728051274
                        ],
                        [
                            105.92866506463962,
                            18.10368528285678
                        ],
                        [
                            100.38847005628614,
                            18.10368528285678
                        ]
                    ]
                ]
            },
            "bbox": [
                95.927315,
                8.102333,
                105.928665,
                18.103685
            ],
            "properties": {
                "Conventions": "CF-1.6, ACDD-1.3",
                "DaynightFlag": 1,
                "Observingdate": "20260621",
                "Observingtime": "053728.679257Z",
                "Resolution": 0.003372000064700842,
                "Satellitename": "n20",
                "SensorIdentifyCode": "VIIRS",
                "ascend_descend_data_flag": 0,
                "cdm_data_type": "Grid",
                "created": "2026-06-21T16:10:06.929314Z",
                "creator_email": "slia@gmu.edu",
                "creator_name": "The VIIRS Flood Team in George Mason University funded by NOAA JPSS Program.",
                "creator_url": "https://jpssflood.gmu.edu",
                "date_created": "2026-06-21T05:47:01Z",
                "datetime": "2026-06-21T05:38:10.5Z",
                "day_night_data_flag": "day",
                "dimensions": {
                    "lat": 2966,
                    "lon": 2966
                },
                "end_orbit_number": 44505,
                "fillvalue_pixel_percent": 95.83317565917969,
                "flood_pixel_count": 186,
                "flood_pixel_percent": 0.05073040723800659,
                "footprint": {
                    "geometry": {
                        "coordinates": [
                            [
                                [
                                    100.38847005628614,
                                    18.10368528285678
                                ],
                                [
                                    100.82008597903067,
                                    16.765001267084184
                                ],
                                [
                                    105.92866506463962,
                                    17.90473728051274
                                ],
                                [
                                    105.92866506463962,
                                    18.10368528285678
                                ],
                                [
                                    100.38847005628614,
                                    18.10368528285678
                                ]
                            ]
                        ],
                        "type": "Polygon"
                    },
                    "properties": {},
                    "type": "Feature"
                },
                "geospatial_lat_max": 18.101999282836914,
                "geospatial_lat_min": 8.10200023651123,
                "geospatial_lat_resolution": 0.003372000064700842,
                "geospatial_lat_units": "degrees_north",
                "geospatial_lon_max": 105.93035125732422,
                "geospatial_lon_min": 95.92900085449219,
                "geospatial_lon_resolution": 0.003372000064700842,
                "geospatial_lon_units": "degrees_east",
                "history": "VIIRS Flood Detection Version: v2r0",
                "history_package": "v1r1",
                "id": "VIIRS-Flood-UDF001_v2r0_n20_s202606210537286_e202606210538531_c202606210547016.nc",
                "institution": "DOC/NOAA/NESDIS/OSPO > Office of Satellite and Product Operations, NESDIS, NOAA, U.S. Department of Commerce.",
                "instrument": "VIIRS",
                "keywords": "VIIRS Flood Detection",
                "level": 2,
                "lowquality_pixel_percent": 0.0058086952194571495,
                "metadata_link": "VIIRS-Flood-UDF001_v2r0_n20_s202606210537286_e202606210538531_c202606210547016.nc",
                "moderatequality_pixel_percent": 0.7505266666412354,
                "naming_authority": "gov.noaa.nesdis.ospo",
                "platform": "n20",
                "processing_level": "NOAA Level 3",
                "product": "FLOOD",
                "product_description": "Flood Detection",
                "production_environment": "Unknown",
                "production_site": "Unknown",
                "project": "NESDIS Common Cloud Framework",
                "publisher_email": "espcoperations@noaa.gov",
                "publisher_name": "DOC/NOAA/NESDIS/OSPO > Office of Satellite and Product Operations, NESDIS, NOAA, U.S. Department of Commerce.",
                "publisher_url": "http://www.ospo.noaa.gov",
                "references": "https://www.ssec.wisc.edu/flood-map-demo/flood-products/",
                "satellite": "JPSS-1",
                "satellite_name": "JPSS-1 (NOAA-20)",
                "sensor": "VIIRS",
                "sensor_name": "Visible Infrared Imaging Radiometer Suite",
                "source": "GITCO, VIIRS I-bands: 01, 02, 03, 05, JRR-CloudMask",
                "standard_name_vocabulary": "CF Standard Name Table (version 69, 15 October 2019)",
                "start_orbit_number": 44505,
                "summary": "VIIRS 375-m flood water fraction product",
                "time_coverage_end": "2026-06-21T05:38:53Z",
                "time_coverage_start": "2026-06-21T05:37:28Z",
                "title": "VIIRS_Flood_Detection",
                "variables": {
                    "QualityFlag": {
                        "attributes": {
                            "TypeDescription": "0: high quality detection; 1: moderate quality detection; 2: low quality detection; 255: FillValue",
                            "long_name": "QualityFlag"
                        },
                        "dimensions": [
                            "lat",
                            "lon"
                        ],
                        "dtype": "float32",
                        "shape": [
                            2966,
                            2966
                        ]
                    },
                    "WaterDetection": {
                        "attributes": {
                            "ProjectionMaxLatitude": 18.101999282836914,
                            "ProjectionMaxLongitude": 105.93035125732422,
                            "ProjectionMinLatitude": 8.10200023651123,
                            "ProjectionMinLongitude": 95.92900085449219,
                            "ProjectionResolution": 0.003372000064700842,
                            "Type": [
                                1,
                                15,
                                16,
                                17,
                                20,
                                27,
                                30,
                                38,
                                50,
                                99,
                                100
                            ],
                            "TypeDescription": "1: no_valid_data; 15: Floodwater without fraction retrieval; 16: Bareland; 17: Vegetation; 20: Snow_ice; 27: River/lake ice; 30: Cloud; 38: Supar-snow/ice water or mixed ice&water or melting ice; 50: Shadow; 99: NormalWater; 100-200: Water Fractions",
                            "long_name": "WaterDetection",
                            "units": "1"
                        },
                        "dimensions": [
                            "lat",
                            "lon"
                        ],
                        "dtype": "float32",
                        "shape": [
                            2966,
                            2966
                        ]
                    },
                    "quality_information": {
                        "attributes": {
                            "long_name": "total number of retrievals, percentage of optimal retrievals, percentage of sub optimal retrievals, percentage of bad retrievals",
                            "percentage_bad_retrievals": 0.13940343260765076,
                            "percentage_optimal_retrievals": 81.84864044189453,
                            "percentage_sub_optimal_retrievals": 18.011959075927734,
                            "total_number_retrievals": 366562
                        },
                        "dimensions": [],
                        "dtype": "|S1",
                        "shape": []
                    }
                }
            },
            "assets": {
                "S3:file": {
                    "href": "https://nsdc.gistda.or.th/core/api/stac/1.0/jpss-1/collections/VIIRS_Flood_UDF001_v2r0_n20_s202606210537286_e202606210538531_c202606210547016/items/VIIRS_Flood_UDF001_v2r0_n20_s202606210537286_e202606210538531_c202606210547016/download?api_key=p6IIcJWIvxcdUSwnXJTQCkRxPiO25OJHSHXXmi83sk1MkigY99l1UfTdJAoHTWDx&asset=S3:file",
                    "title": "VIIRS-Flood-UDF001_v2r0_n20_s202606210537286_e202606210538531_c202606210547016",
                    "type": "application/file",
                    "roles": [
                        "download"
                    ]
                },
                "data": {
                    "href": "https://nsdc.gistda.or.th/core/api/features/1.0/collections/6a380c478438f708b7a0edc1",
                    "title": "Coverage Collection",
                    "type": "application/geo+json",
                    "roles": [
                        "Coverage"
                    ]
                },
                "download": {
                    "href": "https://nsdc.gistda.or.th/core/api/coverages/1.0-beta/manager/6a380c478438f708b7a0edc1",
                    "title": "Download data",
                    "type": "application/zip",
                    "roles": [
                        "download"
                    ]
                },
                "thumbnail": {
                    "href": "https://nsdc.gistda.or.th/core/api/managements/1.0/files/6a380c484072c2acedff7e88/download",
                    "title": "Thumbnail",
                    "type": "image/jpeg",
                    "roles": [
                        "thumbnail"
                    ]
                }
            },
            "collection": "VIIRS_Flood_UDF001_v2r0_n20_s202606210537286_e202606210538531_c202606210547016",
            "links": [
                {
                    "href": "https://nsdc.gistda.or.th/core/api/stac/1.0/jpss-1/collections/VIIRS_Flood_UDF001_v2r0_n20_s202606210537286_e202606210538531_c202606210547016/items/VIIRS_Flood_UDF001_v2r0_n20_s202606210537286_e202606210538531_c202606210547016?api_key=p6IIcJWIvxcdUSwnXJTQCkRxPiO25OJHSHXXmi83sk1MkigY99l1UfTdJAoHTWDx",
                    "rel": "self",
                    "type": "application/geo+json"
                },
                {
                    "href": "https://nsdc.gistda.or.th/core/api/stac/1.0/jpss-1/?api_key=p6IIcJWIvxcdUSwnXJTQCkRxPiO25OJHSHXXmi83sk1MkigY99l1UfTdJAoHTWDx",
                    "rel": "root",
                    "type": "application/json"
                },
                {
                    "href": "https://nsdc.gistda.or.th/core/api/stac/1.0/jpss-1/collections/VIIRS_Flood_UDF001_v2r0_n20_s202606210537286_e202606210538531_c202606210547016?api_key=p6IIcJWIvxcdUSwnXJTQCkRxPiO25OJHSHXXmi83sk1MkigY99l1UfTdJAoHTWDx",
                    "rel": "parent",
                    "type": "application/json"
                },
                {
                    "href": "https://nsdc.gistda.or.th/core/api/stac/1.0/jpss-1/collections/VIIRS_Flood_UDF001_v2r0_n20_s202606210537286_e202606210538531_c202606210547016?api_key=p6IIcJWIvxcdUSwnXJTQCkRxPiO25OJHSHXXmi83sk1MkigY99l1UfTdJAoHTWDx",
                    "rel": "collection",
                    "type": "application/json"
                }
            ],
            "parents": [],
            "stac": "jpss-1",
            "created_at": "2026-06-21T16:10:07.172Z",
            "created_by": "62fe8bd5afc1d2d764d061b2",
            "updated_at": "2026-06-21T16:10:07.172Z",
            "updated_by": "62fe8bd5afc1d2d764d061b2"
        },
        {
            "id": "VIIRS_Flood_UDF001_v2r0_n20_s202606210536029_e202606210537274_c202606210547017",
            "type": "Feature",
            "stac_version": "1.0.0",
            "geometry": {
                "type": "Polygon",
                "coordinates": [
                    [
                        [
                            105.91517706705386,
                            17.92834128079085
                        ],
                        [
                            100.81334198023778,
                            16.835813267918503
                        ],
                        [
                            102.30713771286139,
                            11.929553210112136
                        ],
                        [
                            105.92866506463962,
                            12.688253219051266
                        ],
                        [
                            105.91517706705386,
                            17.92834128079085
                        ]
                    ]
                ]
            },
            "bbox": [
                95.927315,
                8.102333,
                105.928665,
                18.103685
            ],
            "properties": {
                "Conventions": "CF-1.6, ACDD-1.3",
                "DaynightFlag": 1,
                "Observingdate": "20260621",
                "Observingtime": "053602.923061Z",
                "Resolution": 0.003372000064700842,
                "Satellitename": "n20",
                "SensorIdentifyCode": "VIIRS",
                "ascend_descend_data_flag": 0,
                "cdm_data_type": "Grid",
                "created": "2026-06-21T16:10:03.545270Z",
                "creator_email": "slia@gmu.edu",
                "creator_name": "The VIIRS Flood Team in George Mason University funded by NOAA JPSS Program.",
                "creator_url": "https://jpssflood.gmu.edu",
                "date_created": "2026-06-21T05:47:01Z",
                "datetime": "2026-06-21T05:36:44.5Z",
                "day_night_data_flag": "day",
                "dimensions": {
                    "lat": 2966,
                    "lon": 2966
                },
                "end_orbit_number": 44505,
                "fillvalue_pixel_percent": 77.14271545410156,
                "flood_pixel_count": 1081,
                "flood_pixel_percent": 0.05375603586435318,
                "footprint": {
                    "geometry": {
                        "coordinates": [
                            [
                                [
                                    105.91517706705386,
                                    17.92834128079085
                                ],
                                [
                                    100.81334198023778,
                                    16.835813267918503
                                ],
                                [
                                    102.30713771286139,
                                    11.929553210112136
                                ],
                                [
                                    105.92866506463962,
                                    12.688253219051266
                                ],
                                [
                                    105.91517706705386,
                                    17.92834128079085
                                ]
                            ]
                        ],
                        "type": "Polygon"
                    },
                    "properties": {},
                    "type": "Feature"
                },
                "geospatial_lat_max": 18.101999282836914,
                "geospatial_lat_min": 8.10200023651123,
                "geospatial_lat_resolution": 0.003372000064700842,
                "geospatial_lat_units": "degrees_north",
                "geospatial_lon_max": 105.93035125732422,
                "geospatial_lon_min": 95.92900085449219,
                "geospatial_lon_resolution": 0.003372000064700842,
                "geospatial_lon_units": "degrees_east",
                "history": "VIIRS Flood Detection Version: v2r0",
                "history_package": "v1r1",
                "id": "VIIRS-Flood-UDF001_v2r0_n20_s202606210536029_e202606210537274_c202606210547017.nc",
                "institution": "DOC/NOAA/NESDIS/OSPO > Office of Satellite and Product Operations, NESDIS, NOAA, U.S. Department of Commerce.",
                "instrument": "VIIRS",
                "keywords": "VIIRS Flood Detection",
                "level": 2,
                "lowquality_pixel_percent": 0.00904837902635336,
                "metadata_link": "VIIRS-Flood-UDF001_v2r0_n20_s202606210536029_e202606210537274_c202606210547017.nc",
                "moderatequality_pixel_percent": 2.5076401233673096,
                "naming_authority": "gov.noaa.nesdis.ospo",
                "platform": "n20",
                "processing_level": "NOAA Level 3",
                "product": "FLOOD",
                "product_description": "Flood Detection",
                "production_environment": "Unknown",
                "production_site": "Unknown",
                "project": "NESDIS Common Cloud Framework",
                "publisher_email": "espcoperations@noaa.gov",
                "publisher_name": "DOC/NOAA/NESDIS/OSPO > Office of Satellite and Product Operations, NESDIS, NOAA, U.S. Department of Commerce.",
                "publisher_url": "http://www.ospo.noaa.gov",
                "references": "https://www.ssec.wisc.edu/flood-map-demo/flood-products/",
                "satellite": "JPSS-1",
                "satellite_name": "JPSS-1 (NOAA-20)",
                "sensor": "VIIRS",
                "sensor_name": "Visible Infrared Imaging Radiometer Suite",
                "source": "GITCO, VIIRS I-bands: 01, 02, 03, 05, JRR-CloudMask",
                "standard_name_vocabulary": "CF Standard Name Table (version 69, 15 October 2019)",
                "start_orbit_number": 44505,
                "summary": "VIIRS 375-m flood water fraction product",
                "time_coverage_end": "2026-06-21T05:37:27Z",
                "time_coverage_start": "2026-06-21T05:36:02Z",
                "title": "VIIRS_Flood_Detection",
                "variables": {
                    "QualityFlag": {
                        "attributes": {
                            "TypeDescription": "0: high quality detection; 1: moderate quality detection; 2: low quality detection; 255: FillValue",
                            "long_name": "QualityFlag"
                        },
                        "dimensions": [
                            "lat",
                            "lon"
                        ],
                        "dtype": "float32",
                        "shape": [
                            2966,
                            2966
                        ]
                    },
                    "WaterDetection": {
                        "attributes": {
                            "ProjectionMaxLatitude": 18.101999282836914,
                            "ProjectionMaxLongitude": 105.93035125732422,
                            "ProjectionMinLatitude": 8.10200023651123,
                            "ProjectionMinLongitude": 95.92900085449219,
                            "ProjectionResolution": 0.003372000064700842,
                            "Type": [
                                1,
                                15,
                                16,
                                17,
                                20,
                                27,
                                30,
                                38,
                                50,
                                99,
                                100
                            ],
                            "TypeDescription": "1: no_valid_data; 15: Floodwater without fraction retrieval; 16: Bareland; 17: Vegetation; 20: Snow_ice; 27: River/lake ice; 30: Cloud; 38: Supar-snow/ice water or mixed ice&water or melting ice; 50: Shadow; 99: NormalWater; 100-200: Water Fractions",
                            "long_name": "WaterDetection",
                            "units": "1"
                        },
                        "dimensions": [
                            "lat",
                            "lon"
                        ],
                        "dtype": "float32",
                        "shape": [
                            2966,
                            2966
                        ]
                    },
                    "quality_information": {
                        "attributes": {
                            "long_name": "total number of retrievals, percentage of optimal retrievals, percentage of sub optimal retrievals, percentage of bad retrievals",
                            "percentage_bad_retrievals": 0.03958640992641449,
                            "percentage_optimal_retrievals": 88.98955535888672,
                            "percentage_sub_optimal_retrievals": 10.970856666564941,
                            "total_number_retrievals": 2010791
                        },
                        "dimensions": [],
                        "dtype": "|S1",
                        "shape": []
                    }
                }
            },
            "assets": {
                "S3:file": {
                    "href": "https://nsdc.gistda.or.th/core/api/stac/1.0/jpss-1/collections/VIIRS_Flood_UDF001_v2r0_n20_s202606210536029_e202606210537274_c202606210547017/items/VIIRS_Flood_UDF001_v2r0_n20_s202606210536029_e202606210537274_c202606210547017/download?api_key=p6IIcJWIvxcdUSwnXJTQCkRxPiO25OJHSHXXmi83sk1MkigY99l1UfTdJAoHTWDx&asset=S3:file",
                    "title": "VIIRS-Flood-UDF001_v2r0_n20_s202606210536029_e202606210537274_c202606210547017",
                    "type": "application/file",
                    "roles": [
                        "download"
                    ]
                },
                "data": {
                    "href": "https://nsdc.gistda.or.th/core/api/features/1.0/collections/6a380c438438f708b7a0edbf",
                    "title": "Coverage Collection",
                    "type": "application/geo+json",
                    "roles": [
                        "Coverage"
                    ]
                },
                "download": {
                    "href": "https://nsdc.gistda.or.th/core/api/coverages/1.0-beta/manager/6a380c438438f708b7a0edbf",
                    "title": "Download data",
                    "type": "application/zip",
                    "roles": [
                        "download"
                    ]
                },
                "thumbnail": {
                    "href": "https://nsdc.gistda.or.th/core/api/managements/1.0/files/6a380c444072c2acedff7e84/download",
                    "title": "Thumbnail",
                    "type": "image/jpeg",
                    "roles": [
                        "thumbnail"
                    ]
                }
            },
            "collection": "VIIRS_Flood_UDF001_v2r0_n20_s202606210536029_e202606210537274_c202606210547017",
            "links": [
                {
                    "href": "https://nsdc.gistda.or.th/core/api/stac/1.0/jpss-1/collections/VIIRS_Flood_UDF001_v2r0_n20_s202606210536029_e202606210537274_c202606210547017/items/VIIRS_Flood_UDF001_v2r0_n20_s202606210536029_e202606210537274_c202606210547017?api_key=p6IIcJWIvxcdUSwnXJTQCkRxPiO25OJHSHXXmi83sk1MkigY99l1UfTdJAoHTWDx",
                    "rel": "self",
                    "type": "application/geo+json"
                },
                {
                    "href": "https://nsdc.gistda.or.th/core/api/stac/1.0/jpss-1/?api_key=p6IIcJWIvxcdUSwnXJTQCkRxPiO25OJHSHXXmi83sk1MkigY99l1UfTdJAoHTWDx",
                    "rel": "root",
                    "type": "application/json"
                },
                {
                    "href": "https://nsdc.gistda.or.th/core/api/stac/1.0/jpss-1/collections/VIIRS_Flood_UDF001_v2r0_n20_s202606210536029_e202606210537274_c202606210547017?api_key=p6IIcJWIvxcdUSwnXJTQCkRxPiO25OJHSHXXmi83sk1MkigY99l1UfTdJAoHTWDx",
                    "rel": "parent",
                    "type": "application/json"
                },
                {
                    "href": "https://nsdc.gistda.or.th/core/api/stac/1.0/jpss-1/collections/VIIRS_Flood_UDF001_v2r0_n20_s202606210536029_e202606210537274_c202606210547017?api_key=p6IIcJWIvxcdUSwnXJTQCkRxPiO25OJHSHXXmi83sk1MkigY99l1UfTdJAoHTWDx",
                    "rel": "collection",
                    "type": "application/json"
                }
            ],
            "parents": [],
            "stac": "jpss-1",
            "created_at": "2026-06-21T16:10:03.829Z",
            "created_by": "62fe8bd5afc1d2d764d061b2",
            "updated_at": "2026-06-21T16:10:03.829Z",
            "updated_by": "62fe8bd5afc1d2d764d061b2"
        },
        {
            "id": "VIIRS_Flood_UDF001_v2r0_n20_s202606210534371_e202606210536016_c202606210547017",
            "type": "Feature",
            "stac_version": "1.0.0",
            "geometry": {
                "type": "Polygon",
                "coordinates": [
                    [
                        [
                            105.92192106584673,
                            12.72534521948829
                        ],
                        [
                            102.30713771286139,
                            12.003737210986184
                        ],
                        [
                            103.3861775197227,
                            8.102333165019198
                        ],
                        [
                            105.92866506463962,
                            8.102333165019198
                        ],
                        [
                            105.92192106584673,
                            12.72534521948829
                        ]
                    ]
                ]
            },
            "bbox": [
                95.927315,
                8.102333,
                105.928665,
                18.103685
            ],
            "properties": {
                "Conventions": "CF-1.6, ACDD-1.3",
                "DaynightFlag": 1,
                "Observingdate": "20260621",
                "Observingtime": "053437.166842Z",
                "Resolution": 0.003372000064700842,
                "Satellitename": "n20",
                "SensorIdentifyCode": "VIIRS",
                "ascend_descend_data_flag": 0,
                "cdm_data_type": "Grid",
                "created": "2026-06-21T16:09:58.445825Z",
                "creator_email": "slia@gmu.edu",
                "creator_name": "The VIIRS Flood Team in George Mason University funded by NOAA JPSS Program.",
                "creator_url": "https://jpssflood.gmu.edu",
                "date_created": "2026-06-21T05:47:01Z",
                "datetime": "2026-06-21T05:35:19Z",
                "day_night_data_flag": "day",
                "dimensions": {
                    "lat": 2966,
                    "lon": 2966
                },
                "end_orbit_number": 44505,
                "fillvalue_pixel_percent": 86.66091918945312,
                "flood_pixel_count": 18367,
                "flood_pixel_percent": 1.565114974975586,
                "footprint": {
                    "geometry": {
                        "coordinates": [
                            [
                                [
                                    105.92192106584673,
                                    12.72534521948829
                                ],
                                [
                                    102.30713771286139,
                                    12.003737210986184
                                ],
                                [
                                    103.3861775197227,
                                    8.102333165019198
                                ],
                                [
                                    105.92866506463962,
                                    8.102333165019198
                                ],
                                [
                                    105.92192106584673,
                                    12.72534521948829
                                ]
                            ]
                        ],
                        "type": "Polygon"
                    },
                    "properties": {},
                    "type": "Feature"
                },
                "geospatial_lat_max": 18.101999282836914,
                "geospatial_lat_min": 8.10200023651123,
                "geospatial_lat_resolution": 0.003372000064700842,
                "geospatial_lat_units": "degrees_north",
                "geospatial_lon_max": 105.93035125732422,
                "geospatial_lon_min": 95.92900085449219,
                "geospatial_lon_resolution": 0.003372000064700842,
                "geospatial_lon_units": "degrees_east",
                "history": "VIIRS Flood Detection Version: v2r0",
                "history_package": "v1r1",
                "id": "VIIRS-Flood-UDF001_v2r0_n20_s202606210534371_e202606210536016_c202606210547017.nc",
                "institution": "DOC/NOAA/NESDIS/OSPO > Office of Satellite and Product Operations, NESDIS, NOAA, U.S. Department of Commerce.",
                "instrument": "VIIRS",
                "keywords": "VIIRS Flood Detection",
                "level": 2,
                "lowquality_pixel_percent": 0.011981144547462463,
                "metadata_link": "VIIRS-Flood-UDF001_v2r0_n20_s202606210534371_e202606210536016_c202606210547017.nc",
                "moderatequality_pixel_percent": 0.6786056756973267,
                "naming_authority": "gov.noaa.nesdis.ospo",
                "platform": "n20",
                "processing_level": "NOAA Level 3",
                "product": "FLOOD",
                "product_description": "Flood Detection",
                "production_environment": "Unknown",
                "production_site": "Unknown",
                "project": "NESDIS Common Cloud Framework",
                "publisher_email": "espcoperations@noaa.gov",
                "publisher_name": "DOC/NOAA/NESDIS/OSPO > Office of Satellite and Product Operations, NESDIS, NOAA, U.S. Department of Commerce.",
                "publisher_url": "http://www.ospo.noaa.gov",
                "references": "https://www.ssec.wisc.edu/flood-map-demo/flood-products/",
                "satellite": "JPSS-1",
                "satellite_name": "JPSS-1 (NOAA-20)",
                "sensor": "VIIRS",
                "sensor_name": "Visible Infrared Imaging Radiometer Suite",
                "source": "GITCO, VIIRS I-bands: 01, 02, 03, 05, JRR-CloudMask",
                "standard_name_vocabulary": "CF Standard Name Table (version 69, 15 October 2019)",
                "start_orbit_number": 44505,
                "summary": "VIIRS 375-m flood water fraction product",
                "time_coverage_end": "2026-06-21T05:36:01Z",
                "time_coverage_start": "2026-06-21T05:34:37Z",
                "title": "VIIRS_Flood_Detection",
                "variables": {
                    "QualityFlag": {
                        "attributes": {
                            "TypeDescription": "0: high quality detection; 1: moderate quality detection; 2: low quality detection; 255: FillValue",
                            "long_name": "QualityFlag"
                        },
                        "dimensions": [
                            "lat",
                            "lon"
                        ],
                        "dtype": "float32",
                        "shape": [
                            2966,
                            2966
                        ]
                    },
                    "WaterDetection": {
                        "attributes": {
                            "ProjectionMaxLatitude": 18.101999282836914,
                            "ProjectionMaxLongitude": 105.93035125732422,
                            "ProjectionMinLatitude": 8.10200023651123,
                            "ProjectionMinLongitude": 95.92900085449219,
                            "ProjectionResolution": 0.003372000064700842,
                            "Type": [
                                1,
                                15,
                                16,
                                17,
                                20,
                                27,
                                30,
                                38,
                                50,
                                99,
                                100
                            ],
                            "TypeDescription": "1: no_valid_data; 15: Floodwater without fraction retrieval; 16: Bareland; 17: Vegetation; 20: Snow_ice; 27: River/lake ice; 30: Cloud; 38: Supar-snow/ice water or mixed ice&water or melting ice; 50: Shadow; 99: NormalWater; 100-200: Water Fractions",
                            "long_name": "WaterDetection",
                            "units": "1"
                        },
                        "dimensions": [
                            "lat",
                            "lon"
                        ],
                        "dtype": "float32",
                        "shape": [
                            2966,
                            2966
                        ]
                    },
                    "quality_information": {
                        "attributes": {
                            "long_name": "total number of retrievals, percentage of optimal retrievals, percentage of sub optimal retrievals, percentage of bad retrievals",
                            "percentage_bad_retrievals": 0.08981984853744507,
                            "percentage_optimal_retrievals": 94.82283020019531,
                            "percentage_sub_optimal_retrievals": 5.087348461151123,
                            "total_number_retrievals": 1173460
                        },
                        "dimensions": [],
                        "dtype": "|S1",
                        "shape": []
                    }
                }
            },
            "assets": {
                "S3:file": {
                    "href": "https://nsdc.gistda.or.th/core/api/stac/1.0/jpss-1/collections/VIIRS_Flood_UDF001_v2r0_n20_s202606210534371_e202606210536016_c202606210547017/items/VIIRS_Flood_UDF001_v2r0_n20_s202606210534371_e202606210536016_c202606210547017/download?api_key=p6IIcJWIvxcdUSwnXJTQCkRxPiO25OJHSHXXmi83sk1MkigY99l1UfTdJAoHTWDx&asset=S3:file",
                    "title": "VIIRS-Flood-UDF001_v2r0_n20_s202606210534371_e202606210536016_c202606210547017",
                    "type": "application/file",
                    "roles": [
                        "download"
                    ]
                },
                "data": {
                    "href": "https://nsdc.gistda.or.th/core/api/features/1.0/collections/6a380c3c8438f708b7a0edbd",
                    "title": "Coverage Collection",
                    "type": "application/geo+json",
                    "roles": [
                        "Coverage"
                    ]
                },
                "download": {
                    "href": "https://nsdc.gistda.or.th/core/api/coverages/1.0-beta/manager/6a380c3c8438f708b7a0edbd",
                    "title": "Download data",
                    "type": "application/zip",
                    "roles": [
                        "download"
                    ]
                },
                "thumbnail": {
                    "href": "https://nsdc.gistda.or.th/core/api/managements/1.0/files/6a380c3d4072c2acedff7e80/download",
                    "title": "Thumbnail",
                    "type": "image/jpeg",
                    "roles": [
                        "thumbnail"
                    ]
                }
            },
            "collection": "VIIRS_Flood_UDF001_v2r0_n20_s202606210534371_e202606210536016_c202606210547017",
            "links": [
                {
                    "href": "https://nsdc.gistda.or.th/core/api/stac/1.0/jpss-1/collections/VIIRS_Flood_UDF001_v2r0_n20_s202606210534371_e202606210536016_c202606210547017/items/VIIRS_Flood_UDF001_v2r0_n20_s202606210534371_e202606210536016_c202606210547017?api_key=p6IIcJWIvxcdUSwnXJTQCkRxPiO25OJHSHXXmi83sk1MkigY99l1UfTdJAoHTWDx",
                    "rel": "self",
                    "type": "application/geo+json"
                },
                {
                    "href": "https://nsdc.gistda.or.th/core/api/stac/1.0/jpss-1/?api_key=p6IIcJWIvxcdUSwnXJTQCkRxPiO25OJHSHXXmi83sk1MkigY99l1UfTdJAoHTWDx",
                    "rel": "root",
                    "type": "application/json"
                },
                {
                    "href": "https://nsdc.gistda.or.th/core/api/stac/1.0/jpss-1/collections/VIIRS_Flood_UDF001_v2r0_n20_s202606210534371_e202606210536016_c202606210547017?api_key=p6IIcJWIvxcdUSwnXJTQCkRxPiO25OJHSHXXmi83sk1MkigY99l1UfTdJAoHTWDx",
                    "rel": "parent",
                    "type": "application/json"
                },
                {
                    "href": "https://nsdc.gistda.or.th/core/api/stac/1.0/jpss-1/collections/VIIRS_Flood_UDF001_v2r0_n20_s202606210534371_e202606210536016_c202606210547017?api_key=p6IIcJWIvxcdUSwnXJTQCkRxPiO25OJHSHXXmi83sk1MkigY99l1UfTdJAoHTWDx",
                    "rel": "collection",
                    "type": "application/json"
                }
            ],
            "parents": [],
            "stac": "jpss-1",
            "created_at": "2026-06-21T16:09:58.7Z",
            "created_by": "62fe8bd5afc1d2d764d061b2",
            "updated_at": "2026-06-21T16:09:58.7Z",
            "updated_by": "62fe8bd5afc1d2d764d061b2"
        },
        {
            "id": "VIIRS_Flood_UDF001_v2r0_n20_s202606200556237_e202606200557482_c202606200607046",
            "type": "Feature",
            "stac_version": "1.0.0",
            "geometry": {
                "type": "Polygon",
                "coordinates": [
                    [
                        [
                            95.92731485479396,
                            18.10368528285678
                        ],
                        [
                            96.13975081676978,
                            16.498613263945558
                        ],
                        [
                            103.5817534847163,
                            18.096941282777323
                        ],
                        [
                            103.5817534847163,
                            18.10368528285678
                        ],
                        [
                            95.92731485479396,
                            18.10368528285678
                        ]
                    ]
                ]
            },
            "bbox": [
                95.927315,
                8.102333,
                105.928665,
                18.103685
            ],
            "properties": {
                "Conventions": "CF-1.6, ACDD-1.3",
                "DaynightFlag": 1,
                "Observingdate": "20260620",
                "Observingtime": "055623.779429Z",
                "Resolution": 0.003372000064700842,
                "Satellitename": "n20",
                "SensorIdentifyCode": "VIIRS",
                "ascend_descend_data_flag": 0,
                "cdm_data_type": "Grid",
                "created": "2026-06-21T10:07:41.062498Z",
                "creator_email": "slia@gmu.edu",
                "creator_name": "The VIIRS Flood Team in George Mason University funded by NOAA JPSS Program.",
                "creator_url": "https://jpssflood.gmu.edu",
                "date_created": "2026-06-20T06:07:04Z",
                "datetime": "2026-06-20T05:57:05.5Z",
                "day_night_data_flag": "day",
                "dimensions": {
                    "lat": 2966,
                    "lon": 2966
                },
                "end_orbit_number": 44491,
                "fillvalue_pixel_percent": 93.95414733886719,
                "flood_pixel_count": 294,
                "flood_pixel_percent": 0.05526471510529518,
                "footprint": {
                    "geometry": {
                        "coordinates": [
                            [
                                [
                                    95.92731485479396,
                                    18.10368528285678
                                ],
                                [
                                    96.13975081676978,
                                    16.498613263945558
                                ],
                                [
                                    103.5817534847163,
                                    18.096941282777323
                                ],
                                [
                                    103.5817534847163,
                                    18.10368528285678
                                ],
                                [
                                    95.92731485479396,
                                    18.10368528285678
                                ]
                            ]
                        ],
                        "type": "Polygon"
                    },
                    "properties": {},
                    "type": "Feature"
                },
                "geospatial_lat_max": 18.101999282836914,
                "geospatial_lat_min": 8.10200023651123,
                "geospatial_lat_resolution": 0.003372000064700842,
                "geospatial_lat_units": "degrees_north",
                "geospatial_lon_max": 105.93035125732422,
                "geospatial_lon_min": 95.92900085449219,
                "geospatial_lon_resolution": 0.003372000064700842,
                "geospatial_lon_units": "degrees_east",
                "history": "VIIRS Flood Detection Version: v2r0",
                "history_package": "v1r1",
                "id": "VIIRS-Flood-UDF001_v2r0_n20_s202606200556237_e202606200557482_c202606200607046.nc",
                "institution": "DOC/NOAA/NESDIS/OSPO > Office of Satellite and Product Operations, NESDIS, NOAA, U.S. Department of Commerce.",
                "instrument": "VIIRS",
                "keywords": "VIIRS Flood Detection",
                "level": 2,
                "lowquality_pixel_percent": 0.00038648853660561144,
                "metadata_link": "VIIRS-Flood-UDF001_v2r0_n20_s202606200556237_e202606200557482_c202606200607046.nc",
                "moderatequality_pixel_percent": 0.7285763621330261,
                "naming_authority": "gov.noaa.nesdis.ospo",
                "platform": "n20",
                "processing_level": "NOAA Level 3",
                "product": "FLOOD",
                "product_description": "Flood Detection",
                "production_environment": "Unknown",
                "production_site": "Unknown",
                "project": "NESDIS Common Cloud Framework",
                "publisher_email": "espcoperations@noaa.gov",
                "publisher_name": "DOC/NOAA/NESDIS/OSPO > Office of Satellite and Product Operations, NESDIS, NOAA, U.S. Department of Commerce.",
                "publisher_url": "http://www.ospo.noaa.gov",
                "references": "https://www.ssec.wisc.edu/flood-map-demo/flood-products/",
                "satellite": "JPSS-1",
                "satellite_name": "JPSS-1 (NOAA-20)",
                "sensor": "VIIRS",
                "sensor_name": "Visible Infrared Imaging Radiometer Suite",
                "source": "GITCO, VIIRS I-bands: 01, 02, 03, 05, JRR-CloudMask",
                "standard_name_vocabulary": "CF Standard Name Table (version 69, 15 October 2019)",
                "start_orbit_number": 44491,
                "summary": "VIIRS 375-m flood water fraction product",
                "time_coverage_end": "2026-06-20T05:57:48Z",
                "time_coverage_start": "2026-06-20T05:56:23Z",
                "title": "VIIRS_Flood_Detection",
                "variables": {
                    "QualityFlag": {
                        "attributes": {
                            "TypeDescription": "0: high quality detection; 1: moderate quality detection; 2: low quality detection; 255: FillValue",
                            "long_name": "QualityFlag"
                        },
                        "dimensions": [
                            "lat",
                            "lon"
                        ],
                        "dtype": "float32",
                        "shape": [
                            2966,
                            2966
                        ]
                    },
                    "WaterDetection": {
                        "attributes": {
                            "ProjectionMaxLatitude": 18.101999282836914,
                            "ProjectionMaxLongitude": 105.93035125732422,
                            "ProjectionMinLatitude": 8.10200023651123,
                            "ProjectionMinLongitude": 95.92900085449219,
                            "ProjectionResolution": 0.003372000064700842,
                            "Type": [
                                1,
                                15,
                                16,
                                17,
                                20,
                                27,
                                30,
                                38,
                                50,
                                99,
                                100
                            ],
                            "TypeDescription": "1: no_valid_data; 15: Floodwater without fraction retrieval; 16: Bareland; 17: Vegetation; 20: Snow_ice; 27: River/lake ice; 30: Cloud; 38: Supar-snow/ice water or mixed ice&water or melting ice; 50: Shadow; 99: NormalWater; 100-200: Water Fractions",
                            "long_name": "WaterDetection",
                            "units": "1"
                        },
                        "dimensions": [
                            "lat",
                            "lon"
                        ],
                        "dtype": "float32",
                        "shape": [
                            2966,
                            2966
                        ]
                    },
                    "quality_information": {
                        "attributes": {
                            "long_name": "total number of retrievals, percentage of optimal retrievals, percentage of sub optimal retrievals, percentage of bad retrievals",
                            "percentage_bad_retrievals": 0.0063926237635314465,
                            "percentage_optimal_retrievals": 87.94275665283203,
                            "percentage_sub_optimal_retrievals": 12.050848007202148,
                            "total_number_retrievals": 531863
                        },
                        "dimensions": [],
                        "dtype": "|S1",
                        "shape": []
                    }
                }
            },
            "assets": {
                "S3:file": {
                    "href": "https://nsdc.gistda.or.th/core/api/stac/1.0/jpss-1/collections/VIIRS_Flood_UDF001_v2r0_n20_s202606200556237_e202606200557482_c202606200607046/items/VIIRS_Flood_UDF001_v2r0_n20_s202606200556237_e202606200557482_c202606200607046/download?api_key=p6IIcJWIvxcdUSwnXJTQCkRxPiO25OJHSHXXmi83sk1MkigY99l1UfTdJAoHTWDx&asset=S3:file",
                    "title": "VIIRS-Flood-UDF001_v2r0_n20_s202606200556237_e202606200557482_c202606200607046",
                    "type": "application/file",
                    "roles": [
                        "download"
                    ]
                },
                "data": {
                    "href": "https://nsdc.gistda.or.th/core/api/features/1.0/collections/6a37b6ceffd4b06740877acd",
                    "title": "Coverage Collection",
                    "type": "application/geo+json",
                    "roles": [
                        "Coverage"
                    ]
                },
                "download": {
                    "href": "https://nsdc.gistda.or.th/core/api/coverages/1.0-beta/manager/6a37b6ceffd4b06740877acd",
                    "title": "Download data",
                    "type": "application/zip",
                    "roles": [
                        "download"
                    ]
                },
                "thumbnail": {
                    "href": "https://nsdc.gistda.or.th/core/api/managements/1.0/files/6a37b6cf584f4ec462a3f418/download",
                    "title": "Thumbnail",
                    "type": "image/jpeg",
                    "roles": [
                        "thumbnail"
                    ]
                }
            },
            "collection": "VIIRS_Flood_UDF001_v2r0_n20_s202606200556237_e202606200557482_c202606200607046",
            "links": [
                {
                    "href": "https://nsdc.gistda.or.th/core/api/stac/1.0/jpss-1/collections/VIIRS_Flood_UDF001_v2r0_n20_s202606200556237_e202606200557482_c202606200607046/items/VIIRS_Flood_UDF001_v2r0_n20_s202606200556237_e202606200557482_c202606200607046?api_key=p6IIcJWIvxcdUSwnXJTQCkRxPiO25OJHSHXXmi83sk1MkigY99l1UfTdJAoHTWDx",
                    "rel": "self",
                    "type": "application/geo+json"
                },
                {
                    "href": "https://nsdc.gistda.or.th/core/api/stac/1.0/jpss-1/?api_key=p6IIcJWIvxcdUSwnXJTQCkRxPiO25OJHSHXXmi83sk1MkigY99l1UfTdJAoHTWDx",
                    "rel": "root",
                    "type": "application/json"
                },
                {
                    "href": "https://nsdc.gistda.or.th/core/api/stac/1.0/jpss-1/collections/VIIRS_Flood_UDF001_v2r0_n20_s202606200556237_e202606200557482_c202606200607046?api_key=p6IIcJWIvxcdUSwnXJTQCkRxPiO25OJHSHXXmi83sk1MkigY99l1UfTdJAoHTWDx",
                    "rel": "parent",
                    "type": "application/json"
                },
                {
                    "href": "https://nsdc.gistda.or.th/core/api/stac/1.0/jpss-1/collections/VIIRS_Flood_UDF001_v2r0_n20_s202606200556237_e202606200557482_c202606200607046?api_key=p6IIcJWIvxcdUSwnXJTQCkRxPiO25OJHSHXXmi83sk1MkigY99l1UfTdJAoHTWDx",
                    "rel": "collection",
                    "type": "application/json"
                }
            ],
            "parents": [],
            "stac": "jpss-1",
            "created_at": "2026-06-21T10:07:41.337Z",
            "created_by": "62fe8bd5afc1d2d764d061b2",
            "updated_at": "2026-06-21T10:07:41.337Z",
            "updated_by": "62fe8bd5afc1d2d764d061b2"
        },
        {
            "id": "VIIRS_Flood_UDF001_v2r0_n20_s202606200554580_e202606200556225_c202606200607044",
            "type": "Feature",
            "stac_version": "1.0.0",
            "geometry": {
                "type": "Polygon",
                "coordinates": [
                    [
                        [
                            105.92866506463962,
                            18.10368528285678
                        ],
                        [
                            96.12963481858046,
                            16.572797264819606
                        ],
                        [
                            97.63354654939339,
                            11.666537207013238
                        ],
                        [
                            105.92866506463962,
                            13.305329226321756
                        ],
                        [
                            105.92866506463962,
                            18.10368528285678
                        ]
                    ]
                ]
            },
            "bbox": [
                95.927315,
                8.102333,
                105.928665,
                18.103685
            ],
            "properties": {
                "Conventions": "CF-1.6, ACDD-1.3",
                "DaynightFlag": 1,
                "Observingdate": "20260620",
                "Observingtime": "055458.023211Z",
                "Resolution": 0.003372000064700842,
                "Satellitename": "n20",
                "SensorIdentifyCode": "VIIRS",
                "ascend_descend_data_flag": 0,
                "cdm_data_type": "Grid",
                "created": "2026-06-21T10:07:45.950786Z",
                "creator_email": "slia@gmu.edu",
                "creator_name": "The VIIRS Flood Team in George Mason University funded by NOAA JPSS Program.",
                "creator_url": "https://jpssflood.gmu.edu",
                "date_created": "2026-06-20T06:07:04Z",
                "datetime": "2026-06-20T05:55:40Z",
                "day_night_data_flag": "day",
                "dimensions": {
                    "lat": 2966,
                    "lon": 2966
                },
                "end_orbit_number": 44491,
                "fillvalue_pixel_percent": 53.15085220336914,
                "flood_pixel_count": 4153,
                "flood_pixel_percent": 0.10076237469911575,
                "footprint": {
                    "geometry": {
                        "coordinates": [
                            [
                                [
                                    105.92866506463962,
                                    18.10368528285678
                                ],
                                [
                                    96.12963481858046,
                                    16.572797264819606
                                ],
                                [
                                    97.63354654939339,
                                    11.666537207013238
                                ],
                                [
                                    105.92866506463962,
                                    13.305329226321756
                                ],
                                [
                                    105.92866506463962,
                                    18.10368528285678
                                ]
                            ]
                        ],
                        "type": "Polygon"
                    },
                    "properties": {},
                    "type": "Feature"
                },
                "geospatial_lat_max": 18.101999282836914,
                "geospatial_lat_min": 8.10200023651123,
                "geospatial_lat_resolution": 0.003372000064700842,
                "geospatial_lat_units": "degrees_north",
                "geospatial_lon_max": 105.93035125732422,
                "geospatial_lon_min": 95.92900085449219,
                "geospatial_lon_resolution": 0.003372000064700842,
                "geospatial_lon_units": "degrees_east",
                "history": "VIIRS Flood Detection Version: v2r0",
                "history_package": "v1r1",
                "id": "VIIRS-Flood-UDF001_v2r0_n20_s202606200554580_e202606200556225_c202606200607044.nc",
                "institution": "DOC/NOAA/NESDIS/OSPO > Office of Satellite and Product Operations, NESDIS, NOAA, U.S. Department of Commerce.",
                "instrument": "VIIRS",
                "keywords": "VIIRS Flood Detection",
                "level": 2,
                "lowquality_pixel_percent": 0.000022734620870323852,
                "metadata_link": "VIIRS-Flood-UDF001_v2r0_n20_s202606200554580_e202606200556225_c202606200607044.nc",
                "moderatequality_pixel_percent": 2.457794427871704,
                "naming_authority": "gov.noaa.nesdis.ospo",
                "platform": "n20",
                "processing_level": "NOAA Level 3",
                "product": "FLOOD",
                "product_description": "Flood Detection",
                "production_environment": "Unknown",
                "production_site": "Unknown",
                "project": "NESDIS Common Cloud Framework",
                "publisher_email": "espcoperations@noaa.gov",
                "publisher_name": "DOC/NOAA/NESDIS/OSPO > Office of Satellite and Product Operations, NESDIS, NOAA, U.S. Department of Commerce.",
                "publisher_url": "http://www.ospo.noaa.gov",
                "references": "https://www.ssec.wisc.edu/flood-map-demo/flood-products/",
                "satellite": "JPSS-1",
                "satellite_name": "JPSS-1 (NOAA-20)",
                "sensor": "VIIRS",
                "sensor_name": "Visible Infrared Imaging Radiometer Suite",
                "source": "GITCO, VIIRS I-bands: 01, 02, 03, 05, JRR-CloudMask",
                "standard_name_vocabulary": "CF Standard Name Table (version 69, 15 October 2019)",
                "start_orbit_number": 44491,
                "summary": "VIIRS 375-m flood water fraction product",
                "time_coverage_end": "2026-06-20T05:56:22Z",
                "time_coverage_start": "2026-06-20T05:54:58Z",
                "title": "VIIRS_Flood_Detection",
                "variables": {
                    "QualityFlag": {
                        "attributes": {
                            "TypeDescription": "0: high quality detection; 1: moderate quality detection; 2: low quality detection; 255: FillValue",
                            "long_name": "QualityFlag"
                        },
                        "dimensions": [
                            "lat",
                            "lon"
                        ],
                        "dtype": "float32",
                        "shape": [
                            2966,
                            2966
                        ]
                    },
                    "WaterDetection": {
                        "attributes": {
                            "ProjectionMaxLatitude": 18.101999282836914,
                            "ProjectionMaxLongitude": 105.93035125732422,
                            "ProjectionMinLatitude": 8.10200023651123,
                            "ProjectionMinLongitude": 95.92900085449219,
                            "ProjectionResolution": 0.003372000064700842,
                            "Type": [
                                1,
                                15,
                                16,
                                17,
                                20,
                                27,
                                30,
                                38,
                                50,
                                99,
                                100
                            ],
                            "TypeDescription": "1: no_valid_data; 15: Floodwater without fraction retrieval; 16: Bareland; 17: Vegetation; 20: Snow_ice; 27: River/lake ice; 30: Cloud; 38: Supar-snow/ice water or mixed ice&water or melting ice; 50: Shadow; 99: NormalWater; 100-200: Water Fractions",
                            "long_name": "WaterDetection",
                            "units": "1"
                        },
                        "dimensions": [
                            "lat",
                            "lon"
                        ],
                        "dtype": "float32",
                        "shape": [
                            2966,
                            2966
                        ]
                    },
                    "quality_information": {
                        "attributes": {
                            "long_name": "total number of retrievals, percentage of optimal retrievals, percentage of sub optimal retrievals, percentage of bad retrievals",
                            "percentage_bad_retrievals": 0.00004852728307014331,
                            "percentage_optimal_retrievals": 94.7537612915039,
                            "percentage_sub_optimal_retrievals": 5.246187210083008,
                            "total_number_retrievals": 4121393
                        },
                        "dimensions": [],
                        "dtype": "|S1",
                        "shape": []
                    }
                }
            },
            "assets": {
                "S3:file": {
                    "href": "https://nsdc.gistda.or.th/core/api/stac/1.0/jpss-1/collections/VIIRS_Flood_UDF001_v2r0_n20_s202606200554580_e202606200556225_c202606200607044/items/VIIRS_Flood_UDF001_v2r0_n20_s202606200554580_e202606200556225_c202606200607044/download?api_key=p6IIcJWIvxcdUSwnXJTQCkRxPiO25OJHSHXXmi83sk1MkigY99l1UfTdJAoHTWDx&asset=S3:file",
                    "title": "VIIRS-Flood-UDF001_v2r0_n20_s202606200554580_e202606200556225_c202606200607044",
                    "type": "application/file",
                    "roles": [
                        "download"
                    ]
                },
                "data": {
                    "href": "https://nsdc.gistda.or.th/core/api/features/1.0/collections/6a37b6d5ffd4b06740877ace",
                    "title": "Coverage Collection",
                    "type": "application/geo+json",
                    "roles": [
                        "Coverage"
                    ]
                },
                "download": {
                    "href": "https://nsdc.gistda.or.th/core/api/coverages/1.0-beta/manager/6a37b6d5ffd4b06740877ace",
                    "title": "Download data",
                    "type": "application/zip",
                    "roles": [
                        "download"
                    ]
                },
                "thumbnail": {
                    "href": "https://nsdc.gistda.or.th/core/api/managements/1.0/files/6a37b6d64072c2acedff7db4/download",
                    "title": "Thumbnail",
                    "type": "image/jpeg",
                    "roles": [
                        "thumbnail"
                    ]
                }
            },
            "collection": "VIIRS_Flood_UDF001_v2r0_n20_s202606200554580_e202606200556225_c202606200607044",
            "links": [
                {
                    "href": "https://nsdc.gistda.or.th/core/api/stac/1.0/jpss-1/collections/VIIRS_Flood_UDF001_v2r0_n20_s202606200554580_e202606200556225_c202606200607044/items/VIIRS_Flood_UDF001_v2r0_n20_s202606200554580_e202606200556225_c202606200607044?api_key=p6IIcJWIvxcdUSwnXJTQCkRxPiO25OJHSHXXmi83sk1MkigY99l1UfTdJAoHTWDx",
                    "rel": "self",
                    "type": "application/geo+json"
                },
                {
                    "href": "https://nsdc.gistda.or.th/core/api/stac/1.0/jpss-1/?api_key=p6IIcJWIvxcdUSwnXJTQCkRxPiO25OJHSHXXmi83sk1MkigY99l1UfTdJAoHTWDx",
                    "rel": "root",
                    "type": "application/json"
                },
                {
                    "href": "https://nsdc.gistda.or.th/core/api/stac/1.0/jpss-1/collections/VIIRS_Flood_UDF001_v2r0_n20_s202606200554580_e202606200556225_c202606200607044?api_key=p6IIcJWIvxcdUSwnXJTQCkRxPiO25OJHSHXXmi83sk1MkigY99l1UfTdJAoHTWDx",
                    "rel": "parent",
                    "type": "application/json"
                },
                {
                    "href": "https://nsdc.gistda.or.th/core/api/stac/1.0/jpss-1/collections/VIIRS_Flood_UDF001_v2r0_n20_s202606200554580_e202606200556225_c202606200607044?api_key=p6IIcJWIvxcdUSwnXJTQCkRxPiO25OJHSHXXmi83sk1MkigY99l1UfTdJAoHTWDx",
                    "rel": "collection",
                    "type": "application/json"
                }
            ],
            "parents": [],
            "stac": "jpss-1",
            "created_at": "2026-06-21T10:07:46.427Z",
            "created_by": "62fe8bd5afc1d2d764d061b2",
            "updated_at": "2026-06-21T10:07:46.427Z",
            "updated_by": "62fe8bd5afc1d2d764d061b2"
        },
        {
            "id": "VIIRS_Flood_UDF001_v2r0_n20_s202606200553322_e202606200554567_c202606200607044",
            "type": "Feature",
            "stac_version": "1.0.0",
            "geometry": {
                "type": "Polygon",
                "coordinates": [
                    [
                        [
                            105.92529306524318,
                            13.318817226480675
                        ],
                        [
                            97.6268025506005,
                            11.744093207927015
                        ],
                        [
                            98.63503037013653,
                            8.105705165058929
                        ],
                        [
                            105.92866506463962,
                            8.102333165019198
                        ],
                        [
                            105.92529306524318,
                            13.318817226480675
                        ]
                    ]
                ]
            },
            "bbox": [
                95.927315,
                8.102333,
                105.928665,
                18.103685
            ],
            "properties": {
                "Conventions": "CF-1.6, ACDD-1.3",
                "DaynightFlag": 1,
                "Observingdate": "20260620",
                "Observingtime": "055332.267017Z",
                "Resolution": 0.003372000064700842,
                "Satellitename": "n20",
                "SensorIdentifyCode": "VIIRS",
                "ascend_descend_data_flag": 0,
                "cdm_data_type": "Grid",
                "created": "2026-06-21T10:07:44.320968Z",
                "creator_email": "slia@gmu.edu",
                "creator_name": "The VIIRS Flood Team in George Mason University funded by NOAA JPSS Program.",
                "creator_url": "https://jpssflood.gmu.edu",
                "date_created": "2026-06-20T06:07:04Z",
                "datetime": "2026-06-20T05:54:14Z",
                "day_night_data_flag": "day",
                "dimensions": {
                    "lat": 2966,
                    "lon": 2966
                },
                "end_orbit_number": 44491,
                "fillvalue_pixel_percent": 64.9184341430664,
                "flood_pixel_count": 17729,
                "flood_pixel_percent": 0.5744396448135376,
                "footprint": {
                    "geometry": {
                        "coordinates": [
                            [
                                [
                                    105.92529306524318,
                                    13.318817226480675
                                ],
                                [
                                    97.6268025506005,
                                    11.744093207927015
                                ],
                                [
                                    98.63503037013653,
                                    8.105705165058929
                                ],
                                [
                                    105.92866506463962,
                                    8.102333165019198
                                ],
                                [
                                    105.92529306524318,
                                    13.318817226480675
                                ]
                            ]
                        ],
                        "type": "Polygon"
                    },
                    "properties": {},
                    "type": "Feature"
                },
                "geospatial_lat_max": 18.101999282836914,
                "geospatial_lat_min": 8.10200023651123,
                "geospatial_lat_resolution": 0.003372000064700842,
                "geospatial_lat_units": "degrees_north",
                "geospatial_lon_max": 105.93035125732422,
                "geospatial_lon_min": 95.92900085449219,
                "geospatial_lon_resolution": 0.003372000064700842,
                "geospatial_lon_units": "degrees_east",
                "history": "VIIRS Flood Detection Version: v2r0",
                "history_package": "v1r1",
                "id": "VIIRS-Flood-UDF001_v2r0_n20_s202606200553322_e202606200554567_c202606200607044.nc",
                "institution": "DOC/NOAA/NESDIS/OSPO > Office of Satellite and Product Operations, NESDIS, NOAA, U.S. Department of Commerce.",
                "instrument": "VIIRS",
                "keywords": "VIIRS Flood Detection",
                "level": 2,
                "lowquality_pixel_percent": 0.012242592871189117,
                "metadata_link": "VIIRS-Flood-UDF001_v2r0_n20_s202606200553322_e202606200554567_c202606200607044.nc",
                "moderatequality_pixel_percent": 1.8904858827590942,
                "naming_authority": "gov.noaa.nesdis.ospo",
                "platform": "n20",
                "processing_level": "NOAA Level 3",
                "product": "FLOOD",
                "product_description": "Flood Detection",
                "production_environment": "Unknown",
                "production_site": "Unknown",
                "project": "NESDIS Common Cloud Framework",
                "publisher_email": "espcoperations@noaa.gov",
                "publisher_name": "DOC/NOAA/NESDIS/OSPO > Office of Satellite and Product Operations, NESDIS, NOAA, U.S. Department of Commerce.",
                "publisher_url": "http://www.ospo.noaa.gov",
                "references": "https://www.ssec.wisc.edu/flood-map-demo/flood-products/",
                "satellite": "JPSS-1",
                "satellite_name": "JPSS-1 (NOAA-20)",
                "sensor": "VIIRS",
                "sensor_name": "Visible Infrared Imaging Radiometer Suite",
                "source": "GITCO, VIIRS I-bands: 01, 02, 03, 05, JRR-CloudMask",
                "standard_name_vocabulary": "CF Standard Name Table (version 69, 15 October 2019)",
                "start_orbit_number": 44491,
                "summary": "VIIRS 375-m flood water fraction product",
                "time_coverage_end": "2026-06-20T05:54:56Z",
                "time_coverage_start": "2026-06-20T05:53:32Z",
                "title": "VIIRS_Flood_Detection",
                "variables": {
                    "QualityFlag": {
                        "attributes": {
                            "TypeDescription": "0: high quality detection; 1: moderate quality detection; 2: low quality detection; 255: FillValue",
                            "long_name": "QualityFlag"
                        },
                        "dimensions": [
                            "lat",
                            "lon"
                        ],
                        "dtype": "float32",
                        "shape": [
                            2966,
                            2966
                        ]
                    },
                    "WaterDetection": {
                        "attributes": {
                            "ProjectionMaxLatitude": 18.101999282836914,
                            "ProjectionMaxLongitude": 105.93035125732422,
                            "ProjectionMinLatitude": 8.10200023651123,
                            "ProjectionMinLongitude": 95.92900085449219,
                            "ProjectionResolution": 0.003372000064700842,
                            "Type": [
                                1,
                                15,
                                16,
                                17,
                                20,
                                27,
                                30,
                                38,
                                50,
                                99,
                                100
                            ],
                            "TypeDescription": "1: no_valid_data; 15: Floodwater without fraction retrieval; 16: Bareland; 17: Vegetation; 20: Snow_ice; 27: River/lake ice; 30: Cloud; 38: Supar-snow/ice water or mixed ice&water or melting ice; 50: Shadow; 99: NormalWater; 100-200: Water Fractions",
                            "long_name": "WaterDetection",
                            "units": "1"
                        },
                        "dimensions": [
                            "lat",
                            "lon"
                        ],
                        "dtype": "float32",
                        "shape": [
                            2966,
                            2966
                        ]
                    },
                    "quality_information": {
                        "attributes": {
                            "long_name": "total number of retrievals, percentage of optimal retrievals, percentage of sub optimal retrievals, percentage of bad retrievals",
                            "percentage_bad_retrievals": 0.03489750996232033,
                            "percentage_optimal_retrievals": 94.5762710571289,
                            "percentage_sub_optimal_retrievals": 5.388830184936523,
                            "total_number_retrievals": 3086180
                        },
                        "dimensions": [],
                        "dtype": "|S1",
                        "shape": []
                    }
                }
            },
            "assets": {
                "S3:file": {
                    "href": "https://nsdc.gistda.or.th/core/api/stac/1.0/jpss-1/collections/VIIRS_Flood_UDF001_v2r0_n20_s202606200553322_e202606200554567_c202606200607044/items/VIIRS_Flood_UDF001_v2r0_n20_s202606200553322_e202606200554567_c202606200607044/download?api_key=p6IIcJWIvxcdUSwnXJTQCkRxPiO25OJHSHXXmi83sk1MkigY99l1UfTdJAoHTWDx&asset=S3:file",
                    "title": "VIIRS-Flood-UDF001_v2r0_n20_s202606200553322_e202606200554567_c202606200607044",
                    "type": "application/file",
                    "roles": [
                        "download"
                    ]
                },
                "data": {
                    "href": "https://nsdc.gistda.or.th/core/api/features/1.0/collections/6a37b6d38438f708b7a0ed6e",
                    "title": "Coverage Collection",
                    "type": "application/geo+json",
                    "roles": [
                        "Coverage"
                    ]
                },
                "download": {
                    "href": "https://nsdc.gistda.or.th/core/api/coverages/1.0-beta/manager/6a37b6d38438f708b7a0ed6e",
                    "title": "Download data",
                    "type": "application/zip",
                    "roles": [
                        "download"
                    ]
                },
                "thumbnail": {
                    "href": "https://nsdc.gistda.or.th/core/api/managements/1.0/files/6a37b6d4584f4ec462a3f41a/download",
                    "title": "Thumbnail",
                    "type": "image/jpeg",
                    "roles": [
                        "thumbnail"
                    ]
                }
            },
            "collection": "VIIRS_Flood_UDF001_v2r0_n20_s202606200553322_e202606200554567_c202606200607044",
            "links": [
                {
                    "href": "https://nsdc.gistda.or.th/core/api/stac/1.0/jpss-1/collections/VIIRS_Flood_UDF001_v2r0_n20_s202606200553322_e202606200554567_c202606200607044/items/VIIRS_Flood_UDF001_v2r0_n20_s202606200553322_e202606200554567_c202606200607044?api_key=p6IIcJWIvxcdUSwnXJTQCkRxPiO25OJHSHXXmi83sk1MkigY99l1UfTdJAoHTWDx",
                    "rel": "self",
                    "type": "application/geo+json"
                },
                {
                    "href": "https://nsdc.gistda.or.th/core/api/stac/1.0/jpss-1/?api_key=p6IIcJWIvxcdUSwnXJTQCkRxPiO25OJHSHXXmi83sk1MkigY99l1UfTdJAoHTWDx",
                    "rel": "root",
                    "type": "application/json"
                },
                {
                    "href": "https://nsdc.gistda.or.th/core/api/stac/1.0/jpss-1/collections/VIIRS_Flood_UDF001_v2r0_n20_s202606200553322_e202606200554567_c202606200607044?api_key=p6IIcJWIvxcdUSwnXJTQCkRxPiO25OJHSHXXmi83sk1MkigY99l1UfTdJAoHTWDx",
                    "rel": "parent",
                    "type": "application/json"
                },
                {
                    "href": "https://nsdc.gistda.or.th/core/api/stac/1.0/jpss-1/collections/VIIRS_Flood_UDF001_v2r0_n20_s202606200553322_e202606200554567_c202606200607044?api_key=p6IIcJWIvxcdUSwnXJTQCkRxPiO25OJHSHXXmi83sk1MkigY99l1UfTdJAoHTWDx",
                    "rel": "collection",
                    "type": "application/json"
                }
            ],
            "parents": [],
            "stac": "jpss-1",
            "created_at": "2026-06-21T10:07:44.597Z",
            "created_by": "62fe8bd5afc1d2d764d061b2",
            "updated_at": "2026-06-21T10:07:44.597Z",
            "updated_by": "62fe8bd5afc1d2d764d061b2"
        },
        {
            "id": "VIIRS_Flood_UDF001_v2r0_n20_s202606190615188_e202606190616433_c202606190627058",
            "type": "Feature",
            "stac_version": "1.0.0",
            "geometry": {
                "type": "Polygon",
                "coordinates": [
                    [
                        [
                            100.31765806896087,
                            18.10368528285678
                        ],
                        [
                            95.92731485479396,
                            17.237081272646307
                        ],
                        [
                            100.31765806896087,
                            18.096941282777323
                        ],
                        [
                            100.31765806896087,
                            18.10368528285678
                        ]
                    ]
                ]
            },
            "bbox": [
                95.927315,
                8.102333,
                105.928665,
                18.103685
            ],
            "properties": {
                "Conventions": "CF-1.6, ACDD-1.3",
                "DaynightFlag": 1,
                "Observingdate": "20260619",
                "Observingtime": "061518.878554Z",
                "Resolution": 0.003372000064700842,
                "Satellitename": "n20",
                "SensorIdentifyCode": "VIIRS",
                "ascend_descend_data_flag": 0,
                "cdm_data_type": "Grid",
                "created": "2026-06-19T22:03:21.486781Z",
                "creator_email": "slia@gmu.edu",
                "creator_name": "The VIIRS Flood Team in George Mason University funded by NOAA JPSS Program.",
                "creator_url": "https://jpssflood.gmu.edu",
                "date_created": "2026-06-19T06:27:05Z",
                "datetime": "2026-06-19T06:16:00.5Z",
                "day_night_data_flag": "day",
                "dimensions": {
                    "lat": 2966,
                    "lon": 2966
                },
                "end_orbit_number": 44477,
                "fillvalue_pixel_percent": 98.11540222167969,
                "flood_pixel_count": 0,
                "flood_pixel_percent": 0,
                "footprint": {
                    "geometry": {
                        "coordinates": [
                            [
                                [
                                    100.31765806896087,
                                    18.10368528285678
                                ],
                                [
                                    95.92731485479396,
                                    17.237081272646307
                                ],
                                [
                                    100.31765806896087,
                                    18.096941282777323
                                ],
                                [
                                    100.31765806896087,
                                    18.10368528285678
                                ]
                            ]
                        ],
                        "type": "Polygon"
                    },
                    "properties": {},
                    "type": "Feature"
                },
                "geospatial_lat_max": 18.101999282836914,
                "geospatial_lat_min": 8.10200023651123,
                "geospatial_lat_resolution": 0.003372000064700842,
                "geospatial_lat_units": "degrees_north",
                "geospatial_lon_max": 105.93035125732422,
                "geospatial_lon_min": 95.92900085449219,
                "geospatial_lon_resolution": 0.003372000064700842,
                "geospatial_lon_units": "degrees_east",
                "history": "VIIRS Flood Detection Version: v2r0",
                "history_package": "v1r1",
                "id": "VIIRS-Flood-UDF001_v2r0_n20_s202606190615188_e202606190616433_c202606190627058.nc",
                "institution": "DOC/NOAA/NESDIS/OSPO > Office of Satellite and Product Operations, NESDIS, NOAA, U.S. Department of Commerce.",
                "instrument": "VIIRS",
                "keywords": "VIIRS Flood Detection",
                "level": 2,
                "lowquality_pixel_percent": 0,
                "metadata_link": "VIIRS-Flood-UDF001_v2r0_n20_s202606190615188_e202606190616433_c202606190627058.nc",
                "moderatequality_pixel_percent": 0.03539780527353287,
                "naming_authority": "gov.noaa.nesdis.ospo",
                "platform": "n20",
                "processing_level": "NOAA Level 3",
                "product": "FLOOD",
                "product_description": "Flood Detection",
                "production_environment": "Unknown",
                "production_site": "Unknown",
                "project": "NESDIS Common Cloud Framework",
                "publisher_email": "espcoperations@noaa.gov",
                "publisher_name": "DOC/NOAA/NESDIS/OSPO > Office of Satellite and Product Operations, NESDIS, NOAA, U.S. Department of Commerce.",
                "publisher_url": "http://www.ospo.noaa.gov",
                "references": "https://www.ssec.wisc.edu/flood-map-demo/flood-products/",
                "satellite": "JPSS-1",
                "satellite_name": "JPSS-1 (NOAA-20)",
                "sensor": "VIIRS",
                "sensor_name": "Visible Infrared Imaging Radiometer Suite",
                "source": "GITCO, VIIRS I-bands: 01, 02, 03, 05, JRR-CloudMask",
                "standard_name_vocabulary": "CF Standard Name Table (version 69, 15 October 2019)",
                "start_orbit_number": 44477,
                "summary": "VIIRS 375-m flood water fraction product",
                "time_coverage_end": "2026-06-19T06:16:43Z",
                "time_coverage_start": "2026-06-19T06:15:18Z",
                "title": "VIIRS_Flood_Detection",
                "variables": {
                    "QualityFlag": {
                        "attributes": {
                            "TypeDescription": "0: high quality detection; 1: moderate quality detection; 2: low quality detection; 255: FillValue",
                            "long_name": "QualityFlag"
                        },
                        "dimensions": [
                            "lat",
                            "lon"
                        ],
                        "dtype": "float32",
                        "shape": [
                            2966,
                            2966
                        ]
                    },
                    "WaterDetection": {
                        "attributes": {
                            "ProjectionMaxLatitude": 18.101999282836914,
                            "ProjectionMaxLongitude": 105.93035125732422,
                            "ProjectionMinLatitude": 8.10200023651123,
                            "ProjectionMinLongitude": 95.92900085449219,
                            "ProjectionResolution": 0.003372000064700842,
                            "Type": [
                                1,
                                15,
                                16,
                                17,
                                20,
                                27,
                                30,
                                38,
                                50,
                                99,
                                100
                            ],
                            "TypeDescription": "1: no_valid_data; 15: Floodwater without fraction retrieval; 16: Bareland; 17: Vegetation; 20: Snow_ice; 27: River/lake ice; 30: Cloud; 38: Supar-snow/ice water or mixed ice&water or melting ice; 50: Shadow; 99: NormalWater; 100-200: Water Fractions",
                            "long_name": "WaterDetection",
                            "units": "1"
                        },
                        "dimensions": [
                            "lat",
                            "lon"
                        ],
                        "dtype": "float32",
                        "shape": [
                            2966,
                            2966
                        ]
                    },
                    "quality_information": {
                        "attributes": {
                            "long_name": "total number of retrievals, percentage of optimal retrievals, percentage of sub optimal retrievals, percentage of bad retrievals",
                            "percentage_bad_retrievals": 0,
                            "percentage_optimal_retrievals": 98.12173461914062,
                            "percentage_sub_optimal_retrievals": 1.8782684803009033,
                            "total_number_retrievals": 165791
                        },
                        "dimensions": [],
                        "dtype": "|S1",
                        "shape": []
                    }
                }
            },
            "assets": {
                "S3:file": {
                    "href": "https://nsdc.gistda.or.th/core/api/stac/1.0/jpss-1/collections/VIIRS_Flood_UDF001_v2r0_n20_s202606190615188_e202606190616433_c202606190627058/items/VIIRS_Flood_UDF001_v2r0_n20_s202606190615188_e202606190616433_c202606190627058/download?api_key=p6IIcJWIvxcdUSwnXJTQCkRxPiO25OJHSHXXmi83sk1MkigY99l1UfTdJAoHTWDx&asset=S3:file",
                    "title": "VIIRS-Flood-UDF001_v2r0_n20_s202606190615188_e202606190616433_c202606190627058",
                    "type": "application/file",
                    "roles": [
                        "download"
                    ]
                },
                "data": {
                    "href": "https://nsdc.gistda.or.th/core/api/features/1.0/collections/6a35bc55ffd4b06740877aa5",
                    "title": "Coverage Collection",
                    "type": "application/geo+json",
                    "roles": [
                        "Coverage"
                    ]
                },
                "download": {
                    "href": "https://nsdc.gistda.or.th/core/api/coverages/1.0-beta/manager/6a35bc55ffd4b06740877aa5",
                    "title": "Download data",
                    "type": "application/zip",
                    "roles": [
                        "download"
                    ]
                },
                "thumbnail": {
                    "href": "https://nsdc.gistda.or.th/core/api/managements/1.0/files/6a35bc56352fab6af33c54fd/download",
                    "title": "Thumbnail",
                    "type": "image/jpeg",
                    "roles": [
                        "thumbnail"
                    ]
                }
            },
            "collection": "VIIRS_Flood_UDF001_v2r0_n20_s202606190615188_e202606190616433_c202606190627058",
            "links": [
                {
                    "href": "https://nsdc.gistda.or.th/core/api/stac/1.0/jpss-1/collections/VIIRS_Flood_UDF001_v2r0_n20_s202606190615188_e202606190616433_c202606190627058/items/VIIRS_Flood_UDF001_v2r0_n20_s202606190615188_e202606190616433_c202606190627058?api_key=p6IIcJWIvxcdUSwnXJTQCkRxPiO25OJHSHXXmi83sk1MkigY99l1UfTdJAoHTWDx",
                    "rel": "self",
                    "type": "application/geo+json"
                },
                {
                    "href": "https://nsdc.gistda.or.th/core/api/stac/1.0/jpss-1/?api_key=p6IIcJWIvxcdUSwnXJTQCkRxPiO25OJHSHXXmi83sk1MkigY99l1UfTdJAoHTWDx",
                    "rel": "root",
                    "type": "application/json"
                },
                {
                    "href": "https://nsdc.gistda.or.th/core/api/stac/1.0/jpss-1/collections/VIIRS_Flood_UDF001_v2r0_n20_s202606190615188_e202606190616433_c202606190627058?api_key=p6IIcJWIvxcdUSwnXJTQCkRxPiO25OJHSHXXmi83sk1MkigY99l1UfTdJAoHTWDx",
                    "rel": "parent",
                    "type": "application/json"
                },
                {
                    "href": "https://nsdc.gistda.or.th/core/api/stac/1.0/jpss-1/collections/VIIRS_Flood_UDF001_v2r0_n20_s202606190615188_e202606190616433_c202606190627058?api_key=p6IIcJWIvxcdUSwnXJTQCkRxPiO25OJHSHXXmi83sk1MkigY99l1UfTdJAoHTWDx",
                    "rel": "collection",
                    "type": "application/json"
                }
            ],
            "parents": [],
            "stac": "jpss-1",
            "created_at": "2026-06-19T22:03:21.814Z",
            "created_by": "62fe8bd5afc1d2d764d061b2",
            "updated_at": "2026-06-19T22:03:21.814Z",
            "updated_by": "62fe8bd5afc1d2d764d061b2"
        },
        {
            "id": "VIIRS_Flood_UDF001_v2r0_n20_s202606190613531_e202606190615176_c202606190628000",
            "type": "Feature",
            "stac_version": "1.0.0",
            "geometry": {
                "type": "Polygon",
                "coordinates": [
                    [
                        [
                            105.92866506463962,
                            18.10368528285678
                        ],
                        [
                            95.92731485479396,
                            17.267429273003874
                        ],
                        [
                            95.92731485479396,
                            12.027341211264291
                        ],
                        [
                            105.92866506463962,
                            13.814501232320906
                        ],
                        [
                            105.92866506463962,
                            18.10368528285678
                        ]
                    ]
                ]
            },
            "bbox": [
                95.927315,
                8.102333,
                105.928665,
                18.103685
            ],
            "properties": {
                "Conventions": "CF-1.6, ACDD-1.3",
                "DaynightFlag": 1,
                "Observingdate": "20260619",
                "Observingtime": "061353.122337Z",
                "Resolution": 0.003372000064700842,
                "Satellitename": "n20",
                "SensorIdentifyCode": "VIIRS",
                "ascend_descend_data_flag": 0,
                "cdm_data_type": "Grid",
                "created": "2026-06-19T22:03:13.159783Z",
                "creator_email": "slia@gmu.edu",
                "creator_name": "The VIIRS Flood Team in George Mason University funded by NOAA JPSS Program.",
                "creator_url": "https://jpssflood.gmu.edu",
                "date_created": "2026-06-19T06:28:00Z",
                "datetime": "2026-06-19T06:14:35Z",
                "day_night_data_flag": "day",
                "dimensions": {
                    "lat": 2966,
                    "lon": 2966
                },
                "end_orbit_number": 44477,
                "fillvalue_pixel_percent": 50.31939697265625,
                "flood_pixel_count": 708,
                "flood_pixel_percent": 0.01619955711066723,
                "footprint": {
                    "geometry": {
                        "coordinates": [
                            [
                                [
                                    105.92866506463962,
                                    18.10368528285678
                                ],
                                [
                                    95.92731485479396,
                                    17.267429273003874
                                ],
                                [
                                    95.92731485479396,
                                    12.027341211264291
                                ],
                                [
                                    105.92866506463962,
                                    13.814501232320906
                                ],
                                [
                                    105.92866506463962,
                                    18.10368528285678
                                ]
                            ]
                        ],
                        "type": "Polygon"
                    },
                    "properties": {},
                    "type": "Feature"
                },
                "geospatial_lat_max": 18.101999282836914,
                "geospatial_lat_min": 8.10200023651123,
                "geospatial_lat_resolution": 0.003372000064700842,
                "geospatial_lat_units": "degrees_north",
                "geospatial_lon_max": 105.93035125732422,
                "geospatial_lon_min": 95.92900085449219,
                "geospatial_lon_resolution": 0.003372000064700842,
                "geospatial_lon_units": "degrees_east",
                "history": "VIIRS Flood Detection Version: v2r0",
                "history_package": "v1r1",
                "id": "VIIRS-Flood-UDF001_v2r0_n20_s202606190613531_e202606190615176_c202606190628000.nc",
                "institution": "DOC/NOAA/NESDIS/OSPO > Office of Satellite and Product Operations, NESDIS, NOAA, U.S. Department of Commerce.",
                "instrument": "VIIRS",
                "keywords": "VIIRS Flood Detection",
                "level": 2,
                "lowquality_pixel_percent": 0.00918478611856699,
                "metadata_link": "VIIRS-Flood-UDF001_v2r0_n20_s202606190613531_e202606190615176_c202606190628000.nc",
                "moderatequality_pixel_percent": 0.296845942735672,
                "naming_authority": "gov.noaa.nesdis.ospo",
                "platform": "n20",
                "processing_level": "NOAA Level 3",
                "product": "FLOOD",
                "product_description": "Flood Detection",
                "production_environment": "Unknown",
                "production_site": "Unknown",
                "project": "NESDIS Common Cloud Framework",
                "publisher_email": "espcoperations@noaa.gov",
                "publisher_name": "DOC/NOAA/NESDIS/OSPO > Office of Satellite and Product Operations, NESDIS, NOAA, U.S. Department of Commerce.",
                "publisher_url": "http://www.ospo.noaa.gov",
                "references": "https://www.ssec.wisc.edu/flood-map-demo/flood-products/",
                "satellite": "JPSS-1",
                "satellite_name": "JPSS-1 (NOAA-20)",
                "sensor": "VIIRS",
                "sensor_name": "Visible Infrared Imaging Radiometer Suite",
                "source": "GITCO, VIIRS I-bands: 01, 02, 03, 05, JRR-CloudMask",
                "standard_name_vocabulary": "CF Standard Name Table (version 69, 15 October 2019)",
                "start_orbit_number": 44477,
                "summary": "VIIRS 375-m flood water fraction product",
                "time_coverage_end": "2026-06-19T06:15:17Z",
                "time_coverage_start": "2026-06-19T06:13:53Z",
                "title": "VIIRS_Flood_Detection",
                "variables": {
                    "QualityFlag": {
                        "attributes": {
                            "TypeDescription": "0: high quality detection; 1: moderate quality detection; 2: low quality detection; 255: FillValue",
                            "long_name": "QualityFlag"
                        },
                        "dimensions": [
                            "lat",
                            "lon"
                        ],
                        "dtype": "float32",
                        "shape": [
                            2966,
                            2966
                        ]
                    },
                    "WaterDetection": {
                        "attributes": {
                            "ProjectionMaxLatitude": 18.101999282836914,
                            "ProjectionMaxLongitude": 105.93035125732422,
                            "ProjectionMinLatitude": 8.10200023651123,
                            "ProjectionMinLongitude": 95.92900085449219,
                            "ProjectionResolution": 0.003372000064700842,
                            "Type": [
                                1,
                                15,
                                16,
                                17,
                                20,
                                27,
                                30,
                                38,
                                50,
                                99,
                                100
                            ],
                            "TypeDescription": "1: no_valid_data; 15: Floodwater without fraction retrieval; 16: Bareland; 17: Vegetation; 20: Snow_ice; 27: River/lake ice; 30: Cloud; 38: Supar-snow/ice water or mixed ice&water or melting ice; 50: Shadow; 99: NormalWater; 100-200: Water Fractions",
                            "long_name": "WaterDetection",
                            "units": "1"
                        },
                        "dimensions": [
                            "lat",
                            "lon"
                        ],
                        "dtype": "float32",
                        "shape": [
                            2966,
                            2966
                        ]
                    },
                    "quality_information": {
                        "attributes": {
                            "long_name": "total number of retrievals, percentage of optimal retrievals, percentage of sub optimal retrievals, percentage of bad retrievals",
                            "percentage_bad_retrievals": 0.01848767139017582,
                            "percentage_optimal_retrievals": 99.38400268554688,
                            "percentage_sub_optimal_retrievals": 0.5975087285041809,
                            "total_number_retrievals": 4370480
                        },
                        "dimensions": [],
                        "dtype": "|S1",
                        "shape": []
                    }
                }
            },
            "assets": {
                "S3:file": {
                    "href": "https://nsdc.gistda.or.th/core/api/stac/1.0/jpss-1/collections/VIIRS_Flood_UDF001_v2r0_n20_s202606190613531_e202606190615176_c202606190628000/items/VIIRS_Flood_UDF001_v2r0_n20_s202606190613531_e202606190615176_c202606190628000/download?api_key=p6IIcJWIvxcdUSwnXJTQCkRxPiO25OJHSHXXmi83sk1MkigY99l1UfTdJAoHTWDx&asset=S3:file",
                    "title": "VIIRS-Flood-UDF001_v2r0_n20_s202606190613531_e202606190615176_c202606190628000",
                    "type": "application/file",
                    "roles": [
                        "download"
                    ]
                },
                "data": {
                    "href": "https://nsdc.gistda.or.th/core/api/features/1.0/collections/6a35bc498438f708b7a0ed56",
                    "title": "Coverage Collection",
                    "type": "application/geo+json",
                    "roles": [
                        "Coverage"
                    ]
                },
                "download": {
                    "href": "https://nsdc.gistda.or.th/core/api/coverages/1.0-beta/manager/6a35bc498438f708b7a0ed56",
                    "title": "Download data",
                    "type": "application/zip",
                    "roles": [
                        "download"
                    ]
                },
                "thumbnail": {
                    "href": "https://nsdc.gistda.or.th/core/api/managements/1.0/files/6a35bc4a4072c2acedff7a48/download",
                    "title": "Thumbnail",
                    "type": "image/jpeg",
                    "roles": [
                        "thumbnail"
                    ]
                }
            },
            "collection": "VIIRS_Flood_UDF001_v2r0_n20_s202606190613531_e202606190615176_c202606190628000",
            "links": [
                {
                    "href": "https://nsdc.gistda.or.th/core/api/stac/1.0/jpss-1/collections/VIIRS_Flood_UDF001_v2r0_n20_s202606190613531_e202606190615176_c202606190628000/items/VIIRS_Flood_UDF001_v2r0_n20_s202606190613531_e202606190615176_c202606190628000?api_key=p6IIcJWIvxcdUSwnXJTQCkRxPiO25OJHSHXXmi83sk1MkigY99l1UfTdJAoHTWDx",
                    "rel": "self",
                    "type": "application/geo+json"
                },
                {
                    "href": "https://nsdc.gistda.or.th/core/api/stac/1.0/jpss-1/?api_key=p6IIcJWIvxcdUSwnXJTQCkRxPiO25OJHSHXXmi83sk1MkigY99l1UfTdJAoHTWDx",
                    "rel": "root",
                    "type": "application/json"
                },
                {
                    "href": "https://nsdc.gistda.or.th/core/api/stac/1.0/jpss-1/collections/VIIRS_Flood_UDF001_v2r0_n20_s202606190613531_e202606190615176_c202606190628000?api_key=p6IIcJWIvxcdUSwnXJTQCkRxPiO25OJHSHXXmi83sk1MkigY99l1UfTdJAoHTWDx",
                    "rel": "parent",
                    "type": "application/json"
                },
                {
                    "href": "https://nsdc.gistda.or.th/core/api/stac/1.0/jpss-1/collections/VIIRS_Flood_UDF001_v2r0_n20_s202606190613531_e202606190615176_c202606190628000?api_key=p6IIcJWIvxcdUSwnXJTQCkRxPiO25OJHSHXXmi83sk1MkigY99l1UfTdJAoHTWDx",
                    "rel": "collection",
                    "type": "application/json"
                }
            ],
            "parents": [],
            "stac": "jpss-1",
            "created_at": "2026-06-19T22:03:13.407Z",
            "created_by": "62fe8bd5afc1d2d764d061b2",
            "updated_at": "2026-06-19T22:03:13.407Z",
            "updated_by": "62fe8bd5afc1d2d764d061b2"
        },
        {
            "id": "VIIRS_Flood_UDF001_v2r0_n20_s202606190612291_e202606190613518_c202606190627056",
            "type": "Feature",
            "stac_version": "1.0.0",
            "geometry": {
                "type": "Polygon",
                "coordinates": [
                    [
                        [
                            105.9185490664503,
                            13.817873232360636
                        ],
                        [
                            95.92731485479396,
                            12.071177211780775
                        ],
                        [
                            95.92731485479396,
                            8.102333165019198
                        ],
                        [
                            105.92866506463962,
                            8.702549172091043
                        ],
                        [
                            105.9185490664503,
                            13.817873232360636
                        ]
                    ]
                ]
            },
            "bbox": [
                95.927315,
                8.102333,
                105.928665,
                18.103685
            ],
            "properties": {
                "Conventions": "CF-1.6, ACDD-1.3",
                "DaynightFlag": 1,
                "Observingdate": "20260619",
                "Observingtime": "061229.152705Z",
                "Resolution": 0.003372000064700842,
                "Satellitename": "n20",
                "SensorIdentifyCode": "VIIRS",
                "ascend_descend_data_flag": 0,
                "cdm_data_type": "Grid",
                "created": "2026-06-19T22:03:16.438764Z",
                "creator_email": "slia@gmu.edu",
                "creator_name": "The VIIRS Flood Team in George Mason University funded by NOAA JPSS Program.",
                "creator_url": "https://jpssflood.gmu.edu",
                "date_created": "2026-06-19T06:27:05Z",
                "datetime": "2026-06-19T06:13:10Z",
                "day_night_data_flag": "day",
                "dimensions": {
                    "lat": 2966,
                    "lon": 2966
                },
                "end_orbit_number": 44477,
                "fillvalue_pixel_percent": 52.3571891784668,
                "flood_pixel_count": 18389,
                "flood_pixel_percent": 0.43875062465667725,
                "footprint": {
                    "geometry": {
                        "coordinates": [
                            [
                                [
                                    105.9185490664503,
                                    13.817873232360636
                                ],
                                [
                                    95.92731485479396,
                                    12.071177211780775
                                ],
                                [
                                    95.92731485479396,
                                    8.102333165019198
                                ],
                                [
                                    105.92866506463962,
                                    8.702549172091043
                                ],
                                [
                                    105.9185490664503,
                                    13.817873232360636
                                ]
                            ]
                        ],
                        "type": "Polygon"
                    },
                    "properties": {},
                    "type": "Feature"
                },
                "geospatial_lat_max": 18.101999282836914,
                "geospatial_lat_min": 8.10200023651123,
                "geospatial_lat_resolution": 0.003372000064700842,
                "geospatial_lat_units": "degrees_north",
                "geospatial_lon_max": 105.93035125732422,
                "geospatial_lon_min": 95.92900085449219,
                "geospatial_lon_resolution": 0.003372000064700842,
                "geospatial_lon_units": "degrees_east",
                "history": "VIIRS Flood Detection Version: v2r0",
                "history_package": "v1r1",
                "id": "VIIRS-Flood-UDF001_v2r0_n20_s202606190612291_e202606190613518_c202606190627056.nc",
                "institution": "DOC/NOAA/NESDIS/OSPO > Office of Satellite and Product Operations, NESDIS, NOAA, U.S. Department of Commerce.",
                "instrument": "VIIRS",
                "keywords": "VIIRS Flood Detection",
                "level": 2,
                "lowquality_pixel_percent": 0.0008411809103563428,
                "metadata_link": "VIIRS-Flood-UDF001_v2r0_n20_s202606190612291_e202606190613518_c202606190627056.nc",
                "moderatequality_pixel_percent": 3.766967296600342,
                "naming_authority": "gov.noaa.nesdis.ospo",
                "platform": "n20",
                "processing_level": "NOAA Level 3",
                "product": "FLOOD",
                "product_description": "Flood Detection",
                "production_environment": "Unknown",
                "production_site": "Unknown",
                "project": "NESDIS Common Cloud Framework",
                "publisher_email": "espcoperations@noaa.gov",
                "publisher_name": "DOC/NOAA/NESDIS/OSPO > Office of Satellite and Product Operations, NESDIS, NOAA, U.S. Department of Commerce.",
                "publisher_url": "http://www.ospo.noaa.gov",
                "references": "https://www.ssec.wisc.edu/flood-map-demo/flood-products/",
                "satellite": "JPSS-1",
                "satellite_name": "JPSS-1 (NOAA-20)",
                "sensor": "VIIRS",
                "sensor_name": "Visible Infrared Imaging Radiometer Suite",
                "source": "GITCO, VIIRS I-bands: 01, 02, 03, 05, JRR-CloudMask",
                "standard_name_vocabulary": "CF Standard Name Table (version 69, 15 October 2019)",
                "start_orbit_number": 44477,
                "summary": "VIIRS 375-m flood water fraction product",
                "time_coverage_end": "2026-06-19T06:13:51Z",
                "time_coverage_start": "2026-06-19T06:12:29Z",
                "title": "VIIRS_Flood_Detection",
                "variables": {
                    "QualityFlag": {
                        "attributes": {
                            "TypeDescription": "0: high quality detection; 1: moderate quality detection; 2: low quality detection; 255: FillValue",
                            "long_name": "QualityFlag"
                        },
                        "dimensions": [
                            "lat",
                            "lon"
                        ],
                        "dtype": "float32",
                        "shape": [
                            2966,
                            2966
                        ]
                    },
                    "WaterDetection": {
                        "attributes": {
                            "ProjectionMaxLatitude": 18.101999282836914,
                            "ProjectionMaxLongitude": 105.93035125732422,
                            "ProjectionMinLatitude": 8.10200023651123,
                            "ProjectionMinLongitude": 95.92900085449219,
                            "ProjectionResolution": 0.003372000064700842,
                            "Type": [
                                1,
                                15,
                                16,
                                17,
                                20,
                                27,
                                30,
                                38,
                                50,
                                99,
                                100
                            ],
                            "TypeDescription": "1: no_valid_data; 15: Floodwater without fraction retrieval; 16: Bareland; 17: Vegetation; 20: Snow_ice; 27: River/lake ice; 30: Cloud; 38: Supar-snow/ice water or mixed ice&water or melting ice; 50: Shadow; 99: NormalWater; 100-200: Water Fractions",
                            "long_name": "WaterDetection",
                            "units": "1"
                        },
                        "dimensions": [
                            "lat",
                            "lon"
                        ],
                        "dtype": "float32",
                        "shape": [
                            2966,
                            2966
                        ]
                    },
                    "quality_information": {
                        "attributes": {
                            "long_name": "total number of retrievals, percentage of optimal retrievals, percentage of sub optimal retrievals, percentage of bad retrievals",
                            "percentage_bad_retrievals": 0.0017655991250649095,
                            "percentage_optimal_retrievals": 92.09154510498047,
                            "percentage_sub_optimal_retrievals": 7.906686782836914,
                            "total_number_retrievals": 4191212
                        },
                        "dimensions": [],
                        "dtype": "|S1",
                        "shape": []
                    }
                }
            },
            "assets": {
                "S3:file": {
                    "href": "https://nsdc.gistda.or.th/core/api/stac/1.0/jpss-1/collections/VIIRS_Flood_UDF001_v2r0_n20_s202606190612291_e202606190613518_c202606190627056/items/VIIRS_Flood_UDF001_v2r0_n20_s202606190612291_e202606190613518_c202606190627056/download?api_key=p6IIcJWIvxcdUSwnXJTQCkRxPiO25OJHSHXXmi83sk1MkigY99l1UfTdJAoHTWDx&asset=S3:file",
                    "title": "VIIRS-Flood-UDF001_v2r0_n20_s202606190612291_e202606190613518_c202606190627056",
                    "type": "application/file",
                    "roles": [
                        "download"
                    ]
                },
                "data": {
                    "href": "https://nsdc.gistda.or.th/core/api/features/1.0/collections/6a35bc4d8438f708b7a0ed58",
                    "title": "Coverage Collection",
                    "type": "application/geo+json",
                    "roles": [
                        "Coverage"
                    ]
                },
                "download": {
                    "href": "https://nsdc.gistda.or.th/core/api/coverages/1.0-beta/manager/6a35bc4d8438f708b7a0ed58",
                    "title": "Download data",
                    "type": "application/zip",
                    "roles": [
                        "download"
                    ]
                },
                "thumbnail": {
                    "href": "https://nsdc.gistda.or.th/core/api/managements/1.0/files/6a35bc4f4072c2acedff7a4c/download",
                    "title": "Thumbnail",
                    "type": "image/jpeg",
                    "roles": [
                        "thumbnail"
                    ]
                }
            },
            "collection": "VIIRS_Flood_UDF001_v2r0_n20_s202606190612291_e202606190613518_c202606190627056",
            "links": [
                {
                    "href": "https://nsdc.gistda.or.th/core/api/stac/1.0/jpss-1/collections/VIIRS_Flood_UDF001_v2r0_n20_s202606190612291_e202606190613518_c202606190627056/items/VIIRS_Flood_UDF001_v2r0_n20_s202606190612291_e202606190613518_c202606190627056?api_key=p6IIcJWIvxcdUSwnXJTQCkRxPiO25OJHSHXXmi83sk1MkigY99l1UfTdJAoHTWDx",
                    "rel": "self",
                    "type": "application/geo+json"
                },
                {
                    "href": "https://nsdc.gistda.or.th/core/api/stac/1.0/jpss-1/?api_key=p6IIcJWIvxcdUSwnXJTQCkRxPiO25OJHSHXXmi83sk1MkigY99l1UfTdJAoHTWDx",
                    "rel": "root",
                    "type": "application/json"
                },
                {
                    "href": "https://nsdc.gistda.or.th/core/api/stac/1.0/jpss-1/collections/VIIRS_Flood_UDF001_v2r0_n20_s202606190612291_e202606190613518_c202606190627056?api_key=p6IIcJWIvxcdUSwnXJTQCkRxPiO25OJHSHXXmi83sk1MkigY99l1UfTdJAoHTWDx",
                    "rel": "parent",
                    "type": "application/json"
                },
                {
                    "href": "https://nsdc.gistda.or.th/core/api/stac/1.0/jpss-1/collections/VIIRS_Flood_UDF001_v2r0_n20_s202606190612291_e202606190613518_c202606190627056?api_key=p6IIcJWIvxcdUSwnXJTQCkRxPiO25OJHSHXXmi83sk1MkigY99l1UfTdJAoHTWDx",
                    "rel": "collection",
                    "type": "application/json"
                }
            ],
            "parents": [],
            "stac": "jpss-1",
            "created_at": "2026-06-19T22:03:16.703Z",
            "created_by": "62fe8bd5afc1d2d764d061b2",
            "updated_at": "2026-06-19T22:03:16.703Z",
            "updated_by": "62fe8bd5afc1d2d764d061b2"
        },
        {
            "id": "VIIRS_Flood_UDF001_v2r0_n20_s202606190611033_e202606190612279_c202606190627054",
            "type": "Feature",
            "stac_version": "1.0.0",
            "geometry": {
                "type": "Polygon",
                "coordinates": [
                    [
                        [
                            105.92866506463962,
                            8.102333165019198
                        ],
                        [
                            103.08269757404295,
                            8.260817166886483
                        ],
                        [
                            102.17900173579662,
                            8.102333165019198
                        ],
                        [
                            105.92866506463962,
                            8.102333165019198
                        ]
                    ]
                ]
            },
            "bbox": [
                95.927315,
                8.102333,
                105.928665,
                18.103685
            ],
            "properties": {
                "Conventions": "CF-1.6, ACDD-1.3",
                "DaynightFlag": 1,
                "Observingdate": "20260619",
                "Observingtime": "061103.396512Z",
                "Resolution": 0.003372000064700842,
                "Satellitename": "n20",
                "SensorIdentifyCode": "VIIRS",
                "ascend_descend_data_flag": 0,
                "cdm_data_type": "Grid",
                "created": "2026-06-19T22:03:14.710151Z",
                "creator_email": "slia@gmu.edu",
                "creator_name": "The VIIRS Flood Team in George Mason University funded by NOAA JPSS Program.",
                "creator_url": "https://jpssflood.gmu.edu",
                "date_created": "2026-06-19T06:27:05Z",
                "datetime": "2026-06-19T06:11:45Z",
                "day_night_data_flag": "day",
                "dimensions": {
                    "lat": 2966,
                    "lon": 2966
                },
                "end_orbit_number": 44477,
                "fillvalue_pixel_percent": 98.84132385253906,
                "flood_pixel_count": 6,
                "flood_pixel_percent": 0.005886277183890343,
                "footprint": {
                    "geometry": {
                        "coordinates": [
                            [
                                [
                                    105.92866506463962,
                                    8.102333165019198
                                ],
                                [
                                    103.08269757404295,
                                    8.260817166886483
                                ],
                                [
                                    102.17900173579662,
                                    8.102333165019198
                                ],
                                [
                                    105.92866506463962,
                                    8.102333165019198
                                ]
                            ]
                        ],
                        "type": "Polygon"
                    },
                    "properties": {},
                    "type": "Feature"
                },
                "geospatial_lat_max": 18.101999282836914,
                "geospatial_lat_min": 8.10200023651123,
                "geospatial_lat_resolution": 0.003372000064700842,
                "geospatial_lat_units": "degrees_north",
                "geospatial_lon_max": 105.93035125732422,
                "geospatial_lon_min": 95.92900085449219,
                "geospatial_lon_resolution": 0.003372000064700842,
                "geospatial_lon_units": "degrees_east",
                "history": "VIIRS Flood Detection Version: v2r0",
                "history_package": "v1r1",
                "id": "VIIRS-Flood-UDF001_v2r0_n20_s202606190611033_e202606190612279_c202606190627054.nc",
                "institution": "DOC/NOAA/NESDIS/OSPO > Office of Satellite and Product Operations, NESDIS, NOAA, U.S. Department of Commerce.",
                "instrument": "VIIRS",
                "keywords": "VIIRS Flood Detection",
                "level": 2,
                "lowquality_pixel_percent": 0,
                "metadata_link": "VIIRS-Flood-UDF001_v2r0_n20_s202606190611033_e202606190612279_c202606190627054.nc",
                "moderatequality_pixel_percent": 0.2433968484401703,
                "naming_authority": "gov.noaa.nesdis.ospo",
                "platform": "n20",
                "processing_level": "NOAA Level 3",
                "product": "FLOOD",
                "product_description": "Flood Detection",
                "production_environment": "Unknown",
                "production_site": "Unknown",
                "project": "NESDIS Common Cloud Framework",
                "publisher_email": "espcoperations@noaa.gov",
                "publisher_name": "DOC/NOAA/NESDIS/OSPO > Office of Satellite and Product Operations, NESDIS, NOAA, U.S. Department of Commerce.",
                "publisher_url": "http://www.ospo.noaa.gov",
                "references": "https://www.ssec.wisc.edu/flood-map-demo/flood-products/",
                "satellite": "JPSS-1",
                "satellite_name": "JPSS-1 (NOAA-20)",
                "sensor": "VIIRS",
                "sensor_name": "Visible Infrared Imaging Radiometer Suite",
                "source": "GITCO, VIIRS I-bands: 01, 02, 03, 05, JRR-CloudMask",
                "standard_name_vocabulary": "CF Standard Name Table (version 69, 15 October 2019)",
                "start_orbit_number": 44477,
                "summary": "VIIRS 375-m flood water fraction product",
                "time_coverage_end": "2026-06-19T06:12:27Z",
                "time_coverage_start": "2026-06-19T06:11:03Z",
                "title": "VIIRS_Flood_Detection",
                "variables": {
                    "QualityFlag": {
                        "attributes": {
                            "TypeDescription": "0: high quality detection; 1: moderate quality detection; 2: low quality detection; 255: FillValue",
                            "long_name": "QualityFlag"
                        },
                        "dimensions": [
                            "lat",
                            "lon"
                        ],
                        "dtype": "float32",
                        "shape": [
                            2966,
                            2966
                        ]
                    },
                    "WaterDetection": {
                        "attributes": {
                            "ProjectionMaxLatitude": 18.101999282836914,
                            "ProjectionMaxLongitude": 105.93035125732422,
                            "ProjectionMinLatitude": 8.10200023651123,
                            "ProjectionMinLongitude": 95.92900085449219,
                            "ProjectionResolution": 0.003372000064700842,
                            "Type": [
                                1,
                                15,
                                16,
                                17,
                                20,
                                27,
                                30,
                                38,
                                50,
                                99,
                                100
                            ],
                            "TypeDescription": "1: no_valid_data; 15: Floodwater without fraction retrieval; 16: Bareland; 17: Vegetation; 20: Snow_ice; 27: River/lake ice; 30: Cloud; 38: Supar-snow/ice water or mixed ice&water or melting ice; 50: Shadow; 99: NormalWater; 100-200: Water Fractions",
                            "long_name": "WaterDetection",
                            "units": "1"
                        },
                        "dimensions": [
                            "lat",
                            "lon"
                        ],
                        "dtype": "float32",
                        "shape": [
                            2966,
                            2966
                        ]
                    },
                    "quality_information": {
                        "attributes": {
                            "long_name": "total number of retrievals, percentage of optimal retrievals, percentage of sub optimal retrievals, percentage of bad retrievals",
                            "percentage_bad_retrievals": 0,
                            "percentage_optimal_retrievals": 78.99342346191406,
                            "percentage_sub_optimal_retrievals": 21.006572723388672,
                            "total_number_retrievals": 101930
                        },
                        "dimensions": [],
                        "dtype": "|S1",
                        "shape": []
                    }
                }
            },
            "assets": {
                "S3:file": {
                    "href": "https://nsdc.gistda.or.th/core/api/stac/1.0/jpss-1/collections/VIIRS_Flood_UDF001_v2r0_n20_s202606190611033_e202606190612279_c202606190627054/items/VIIRS_Flood_UDF001_v2r0_n20_s202606190611033_e202606190612279_c202606190627054/download?api_key=p6IIcJWIvxcdUSwnXJTQCkRxPiO25OJHSHXXmi83sk1MkigY99l1UfTdJAoHTWDx&asset=S3:file",
                    "title": "VIIRS-Flood-UDF001_v2r0_n20_s202606190611033_e202606190612279_c202606190627054",
                    "type": "application/file",
                    "roles": [
                        "download"
                    ]
                },
                "data": {
                    "href": "https://nsdc.gistda.or.th/core/api/features/1.0/collections/6a35bc4b8438f708b7a0ed57",
                    "title": "Coverage Collection",
                    "type": "application/geo+json",
                    "roles": [
                        "Coverage"
                    ]
                },
                "download": {
                    "href": "https://nsdc.gistda.or.th/core/api/coverages/1.0-beta/manager/6a35bc4b8438f708b7a0ed57",
                    "title": "Download data",
                    "type": "application/zip",
                    "roles": [
                        "download"
                    ]
                },
                "thumbnail": {
                    "href": "https://nsdc.gistda.or.th/core/api/managements/1.0/files/6a35bc4c4072c2acedff7a4a/download",
                    "title": "Thumbnail",
                    "type": "image/jpeg",
                    "roles": [
                        "thumbnail"
                    ]
                }
            },
            "collection": "VIIRS_Flood_UDF001_v2r0_n20_s202606190611033_e202606190612279_c202606190627054",
            "links": [
                {
                    "href": "https://nsdc.gistda.or.th/core/api/stac/1.0/jpss-1/collections/VIIRS_Flood_UDF001_v2r0_n20_s202606190611033_e202606190612279_c202606190627054/items/VIIRS_Flood_UDF001_v2r0_n20_s202606190611033_e202606190612279_c202606190627054?api_key=p6IIcJWIvxcdUSwnXJTQCkRxPiO25OJHSHXXmi83sk1MkigY99l1UfTdJAoHTWDx",
                    "rel": "self",
                    "type": "application/geo+json"
                },
                {
                    "href": "https://nsdc.gistda.or.th/core/api/stac/1.0/jpss-1/?api_key=p6IIcJWIvxcdUSwnXJTQCkRxPiO25OJHSHXXmi83sk1MkigY99l1UfTdJAoHTWDx",
                    "rel": "root",
                    "type": "application/json"
                },
                {
                    "href": "https://nsdc.gistda.or.th/core/api/stac/1.0/jpss-1/collections/VIIRS_Flood_UDF001_v2r0_n20_s202606190611033_e202606190612279_c202606190627054?api_key=p6IIcJWIvxcdUSwnXJTQCkRxPiO25OJHSHXXmi83sk1MkigY99l1UfTdJAoHTWDx",
                    "rel": "parent",
                    "type": "application/json"
                },
                {
                    "href": "https://nsdc.gistda.or.th/core/api/stac/1.0/jpss-1/collections/VIIRS_Flood_UDF001_v2r0_n20_s202606190611033_e202606190612279_c202606190627054?api_key=p6IIcJWIvxcdUSwnXJTQCkRxPiO25OJHSHXXmi83sk1MkigY99l1UfTdJAoHTWDx",
                    "rel": "collection",
                    "type": "application/json"
                }
            ],
            "parents": [],
            "stac": "jpss-1",
            "created_at": "2026-06-19T22:03:14.965Z",
            "created_by": "62fe8bd5afc1d2d764d061b2",
            "updated_at": "2026-06-19T22:03:14.965Z",
            "updated_by": "62fe8bd5afc1d2d764d061b2"
        },
        {
            "id": "VIIRS_Flood_UDF001_v2r0_n20_s202606180632500_e202606180634127_c202606180647036",
            "type": "Feature",
            "stac_version": "1.0.0",
            "geometry": {
                "type": "Polygon",
                "coordinates": [
                    [
                        [
                            105.92866506463962,
                            18.10368528285678
                        ],
                        [
                            95.92731485479396,
                            17.901365280473012
                        ],
                        [
                            95.92731485479396,
                            12.762437219925314
                        ],
                        [
                            105.92866506463962,
                            14.327045238359783
                        ],
                        [
                            105.92866506463962,
                            18.10368528285678
                        ]
                    ]
                ]
            },
            "bbox": [
                95.927315,
                8.102333,
                105.928665,
                18.103685
            ],
            "properties": {
                "Conventions": "CF-1.6, ACDD-1.3",
                "DaynightFlag": 1,
                "Observingdate": "20260618",
                "Observingtime": "063250.007829Z",
                "Resolution": 0.003372000064700842,
                "Satellitename": "n20",
                "SensorIdentifyCode": "VIIRS",
                "ascend_descend_data_flag": 0,
                "cdm_data_type": "Grid",
                "created": "2026-06-18T16:11:02.861025Z",
                "creator_email": "slia@gmu.edu",
                "creator_name": "The VIIRS Flood Team in George Mason University funded by NOAA JPSS Program.",
                "creator_url": "https://jpssflood.gmu.edu",
                "date_created": "2026-06-18T06:47:03Z",
                "datetime": "2026-06-18T06:33:31Z",
                "day_night_data_flag": "day",
                "dimensions": {
                    "lat": 2966,
                    "lon": 2966
                },
                "end_orbit_number": 44463,
                "fillvalue_pixel_percent": 54.9329948425293,
                "flood_pixel_count": 17297,
                "flood_pixel_percent": 0.43628206849098206,
                "footprint": {
                    "geometry": {
                        "coordinates": [
                            [
                                [
                                    105.92866506463962,
                                    18.10368528285678
                                ],
                                [
                                    95.92731485479396,
                                    17.901365280473012
                                ],
                                [
                                    95.92731485479396,
                                    12.762437219925314
                                ],
                                [
                                    105.92866506463962,
                                    14.327045238359783
                                ],
                                [
                                    105.92866506463962,
                                    18.10368528285678
                                ]
                            ]
                        ],
                        "type": "Polygon"
                    },
                    "properties": {},
                    "type": "Feature"
                },
                "geospatial_lat_max": 18.101999282836914,
                "geospatial_lat_min": 8.10200023651123,
                "geospatial_lat_resolution": 0.003372000064700842,
                "geospatial_lat_units": "degrees_north",
                "geospatial_lon_max": 105.93035125732422,
                "geospatial_lon_min": 95.92900085449219,
                "geospatial_lon_resolution": 0.003372000064700842,
                "geospatial_lon_units": "degrees_east",
                "history": "VIIRS Flood Detection Version: v2r0",
                "history_package": "v1r1",
                "id": "VIIRS-Flood-UDF001_v2r0_n20_s202606180632500_e202606180634127_c202606180647036.nc",
                "institution": "DOC/NOAA/NESDIS/OSPO > Office of Satellite and Product Operations, NESDIS, NOAA, U.S. Department of Commerce.",
                "instrument": "VIIRS",
                "keywords": "VIIRS Flood Detection",
                "level": 2,
                "lowquality_pixel_percent": 0.0003523866180330515,
                "metadata_link": "VIIRS-Flood-UDF001_v2r0_n20_s202606180632500_e202606180634127_c202606180647036.nc",
                "moderatequality_pixel_percent": 0.6655787825584412,
                "naming_authority": "gov.noaa.nesdis.ospo",
                "platform": "n20",
                "processing_level": "NOAA Level 3",
                "product": "FLOOD",
                "product_description": "Flood Detection",
                "production_environment": "Unknown",
                "production_site": "Unknown",
                "project": "NESDIS Common Cloud Framework",
                "publisher_email": "espcoperations@noaa.gov",
                "publisher_name": "DOC/NOAA/NESDIS/OSPO > Office of Satellite and Product Operations, NESDIS, NOAA, U.S. Department of Commerce.",
                "publisher_url": "http://www.ospo.noaa.gov",
                "references": "https://www.ssec.wisc.edu/flood-map-demo/flood-products/",
                "satellite": "JPSS-1",
                "satellite_name": "JPSS-1 (NOAA-20)",
                "sensor": "VIIRS",
                "sensor_name": "Visible Infrared Imaging Radiometer Suite",
                "source": "GITCO, VIIRS I-bands: 01, 02, 03, 05, JRR-CloudMask",
                "standard_name_vocabulary": "CF Standard Name Table (version 69, 15 October 2019)",
                "start_orbit_number": 44463,
                "summary": "VIIRS 375-m flood water fraction product",
                "time_coverage_end": "2026-06-18T06:34:12Z",
                "time_coverage_start": "2026-06-18T06:32:50Z",
                "title": "VIIRS_Flood_Detection",
                "variables": {
                    "QualityFlag": {
                        "attributes": {
                            "TypeDescription": "0: high quality detection; 1: moderate quality detection; 2: low quality detection; 255: FillValue",
                            "long_name": "QualityFlag"
                        },
                        "dimensions": [
                            "lat",
                            "lon"
                        ],
                        "dtype": "float32",
                        "shape": [
                            2966,
                            2966
                        ]
                    },
                    "WaterDetection": {
                        "attributes": {
                            "ProjectionMaxLatitude": 18.101999282836914,
                            "ProjectionMaxLongitude": 105.93035125732422,
                            "ProjectionMinLatitude": 8.10200023651123,
                            "ProjectionMinLongitude": 95.92900085449219,
                            "ProjectionResolution": 0.003372000064700842,
                            "Type": [
                                1,
                                15,
                                16,
                                17,
                                20,
                                27,
                                30,
                                38,
                                50,
                                99,
                                100
                            ],
                            "TypeDescription": "1: no_valid_data; 15: Floodwater without fraction retrieval; 16: Bareland; 17: Vegetation; 20: Snow_ice; 27: River/lake ice; 30: Cloud; 38: Supar-snow/ice water or mixed ice&water or melting ice; 50: Shadow; 99: NormalWater; 100-200: Water Fractions",
                            "long_name": "WaterDetection",
                            "units": "1"
                        },
                        "dimensions": [
                            "lat",
                            "lon"
                        ],
                        "dtype": "float32",
                        "shape": [
                            2966,
                            2966
                        ]
                    },
                    "quality_information": {
                        "attributes": {
                            "long_name": "total number of retrievals, percentage of optimal retrievals, percentage of sub optimal retrievals, percentage of bad retrievals",
                            "percentage_bad_retrievals": 0.0007819170132279396,
                            "percentage_optimal_retrievals": 98.52235412597656,
                            "percentage_sub_optimal_retrievals": 1.4768646955490112,
                            "total_number_retrievals": 3964615
                        },
                        "dimensions": [],
                        "dtype": "|S1",
                        "shape": []
                    }
                }
            },
            "assets": {
                "S3:file": {
                    "href": "https://nsdc.gistda.or.th/core/api/stac/1.0/jpss-1/collections/VIIRS_Flood_UDF001_v2r0_n20_s202606180632500_e202606180634127_c202606180647036/items/VIIRS_Flood_UDF001_v2r0_n20_s202606180632500_e202606180634127_c202606180647036/download?api_key=p6IIcJWIvxcdUSwnXJTQCkRxPiO25OJHSHXXmi83sk1MkigY99l1UfTdJAoHTWDx&asset=S3:file",
                    "title": "VIIRS-Flood-UDF001_v2r0_n20_s202606180632500_e202606180634127_c202606180647036",
                    "type": "application/file",
                    "roles": [
                        "download"
                    ]
                },
                "data": {
                    "href": "https://nsdc.gistda.or.th/core/api/features/1.0/collections/6a3417e31f8d7aa5b3cd2ed3",
                    "title": "Coverage Collection",
                    "type": "application/geo+json",
                    "roles": [
                        "Coverage"
                    ]
                },
                "download": {
                    "href": "https://nsdc.gistda.or.th/core/api/coverages/1.0-beta/manager/6a3417e31f8d7aa5b3cd2ed3",
                    "title": "Download data",
                    "type": "application/zip",
                    "roles": [
                        "download"
                    ]
                },
                "thumbnail": {
                    "href": "https://nsdc.gistda.or.th/core/api/managements/1.0/files/6a3417e4584f4ec462a3ee2f/download",
                    "title": "Thumbnail",
                    "type": "image/jpeg",
                    "roles": [
                        "thumbnail"
                    ]
                }
            },
            "collection": "VIIRS_Flood_UDF001_v2r0_n20_s202606180632500_e202606180634127_c202606180647036",
            "links": [
                {
                    "href": "https://nsdc.gistda.or.th/core/api/stac/1.0/jpss-1/collections/VIIRS_Flood_UDF001_v2r0_n20_s202606180632500_e202606180634127_c202606180647036/items/VIIRS_Flood_UDF001_v2r0_n20_s202606180632500_e202606180634127_c202606180647036?api_key=p6IIcJWIvxcdUSwnXJTQCkRxPiO25OJHSHXXmi83sk1MkigY99l1UfTdJAoHTWDx",
                    "rel": "self",
                    "type": "application/geo+json"
                },
                {
                    "href": "https://nsdc.gistda.or.th/core/api/stac/1.0/jpss-1/?api_key=p6IIcJWIvxcdUSwnXJTQCkRxPiO25OJHSHXXmi83sk1MkigY99l1UfTdJAoHTWDx",
                    "rel": "root",
                    "type": "application/json"
                },
                {
                    "href": "https://nsdc.gistda.or.th/core/api/stac/1.0/jpss-1/collections/VIIRS_Flood_UDF001_v2r0_n20_s202606180632500_e202606180634127_c202606180647036?api_key=p6IIcJWIvxcdUSwnXJTQCkRxPiO25OJHSHXXmi83sk1MkigY99l1UfTdJAoHTWDx",
                    "rel": "parent",
                    "type": "application/json"
                },
                {
                    "href": "https://nsdc.gistda.or.th/core/api/stac/1.0/jpss-1/collections/VIIRS_Flood_UDF001_v2r0_n20_s202606180632500_e202606180634127_c202606180647036?api_key=p6IIcJWIvxcdUSwnXJTQCkRxPiO25OJHSHXXmi83sk1MkigY99l1UfTdJAoHTWDx",
                    "rel": "collection",
                    "type": "application/json"
                }
            ],
            "parents": [],
            "stac": "jpss-1",
            "created_at": "2026-06-18T16:11:03.103Z",
            "created_by": "62fe8bd5afc1d2d764d061b2",
            "updated_at": "2026-06-18T16:11:03.103Z",
            "updated_by": "62fe8bd5afc1d2d764d061b2"
        },
        {
            "id": "VIIRS_Flood_UDF001_v2r0_n20_s202606180631242_e202606180632487_c202606180647046",
            "type": "Feature",
            "stac_version": "1.0.0",
            "geometry": {
                "type": "Polygon",
                "coordinates": [
                    [
                        [
                            105.9185490664503,
                            14.34727723859816
                        ],
                        [
                            95.9306868541904,
                            12.78266922016369
                        ],
                        [
                            95.92731485479396,
                            8.102333165019198
                        ],
                        [
                            105.92866506463962,
                            9.137537177216144
                        ],
                        [
                            105.9185490664503,
                            14.34727723859816
                        ]
                    ]
                ]
            },
            "bbox": [
                95.927315,
                8.102333,
                105.928665,
                18.103685
            ],
            "properties": {
                "Conventions": "CF-1.6, ACDD-1.3",
                "DaynightFlag": 1,
                "Observingdate": "20260618",
                "Observingtime": "063124.251614Z",
                "Resolution": 0.003372000064700842,
                "Satellitename": "n20",
                "SensorIdentifyCode": "VIIRS",
                "ascend_descend_data_flag": 0,
                "cdm_data_type": "Grid",
                "created": "2026-06-18T16:11:04.414001Z",
                "creator_email": "slia@gmu.edu",
                "creator_name": "The VIIRS Flood Team in George Mason University funded by NOAA JPSS Program.",
                "creator_url": "https://jpssflood.gmu.edu",
                "date_created": "2026-06-18T06:47:04Z",
                "datetime": "2026-06-18T06:32:06Z",
                "day_night_data_flag": "day",
                "dimensions": {
                    "lat": 2966,
                    "lon": 2966
                },
                "end_orbit_number": 44463,
                "fillvalue_pixel_percent": 48.66886520385742,
                "flood_pixel_count": 9593,
                "flood_pixel_percent": 0.21243712306022644,
                "footprint": {
                    "geometry": {
                        "coordinates": [
                            [
                                [
                                    105.9185490664503,
                                    14.34727723859816
                                ],
                                [
                                    95.9306868541904,
                                    12.78266922016369
                                ],
                                [
                                    95.92731485479396,
                                    8.102333165019198
                                ],
                                [
                                    105.92866506463962,
                                    9.137537177216144
                                ],
                                [
                                    105.9185490664503,
                                    14.34727723859816
                                ]
                            ]
                        ],
                        "type": "Polygon"
                    },
                    "properties": {},
                    "type": "Feature"
                },
                "geospatial_lat_max": 18.101999282836914,
                "geospatial_lat_min": 8.10200023651123,
                "geospatial_lat_resolution": 0.003372000064700842,
                "geospatial_lat_units": "degrees_north",
                "geospatial_lon_max": 105.93035125732422,
                "geospatial_lon_min": 95.92900085449219,
                "geospatial_lon_resolution": 0.003372000064700842,
                "geospatial_lon_units": "degrees_east",
                "history": "VIIRS Flood Detection Version: v2r0",
                "history_package": "v1r1",
                "id": "VIIRS-Flood-UDF001_v2r0_n20_s202606180631242_e202606180632487_c202606180647046.nc",
                "institution": "DOC/NOAA/NESDIS/OSPO > Office of Satellite and Product Operations, NESDIS, NOAA, U.S. Department of Commerce.",
                "instrument": "VIIRS",
                "keywords": "VIIRS Flood Detection",
                "level": 2,
                "lowquality_pixel_percent": 0.005433574318885803,
                "metadata_link": "VIIRS-Flood-UDF001_v2r0_n20_s202606180631242_e202606180632487_c202606180647046.nc",
                "moderatequality_pixel_percent": 0.7479462623596191,
                "naming_authority": "gov.noaa.nesdis.ospo",
                "platform": "n20",
                "processing_level": "NOAA Level 3",
                "product": "FLOOD",
                "product_description": "Flood Detection",
                "production_environment": "Unknown",
                "production_site": "Unknown",
                "project": "NESDIS Common Cloud Framework",
                "publisher_email": "espcoperations@noaa.gov",
                "publisher_name": "DOC/NOAA/NESDIS/OSPO > Office of Satellite and Product Operations, NESDIS, NOAA, U.S. Department of Commerce.",
                "publisher_url": "http://www.ospo.noaa.gov",
                "references": "https://www.ssec.wisc.edu/flood-map-demo/flood-products/",
                "satellite": "JPSS-1",
                "satellite_name": "JPSS-1 (NOAA-20)",
                "sensor": "VIIRS",
                "sensor_name": "Visible Infrared Imaging Radiometer Suite",
                "source": "GITCO, VIIRS I-bands: 01, 02, 03, 05, JRR-CloudMask",
                "standard_name_vocabulary": "CF Standard Name Table (version 69, 15 October 2019)",
                "start_orbit_number": 44463,
                "summary": "VIIRS 375-m flood water fraction product",
                "time_coverage_end": "2026-06-18T06:32:48Z",
                "time_coverage_start": "2026-06-18T06:31:24Z",
                "title": "VIIRS_Flood_Detection",
                "variables": {
                    "QualityFlag": {
                        "attributes": {
                            "TypeDescription": "0: high quality detection; 1: moderate quality detection; 2: low quality detection; 255: FillValue",
                            "long_name": "QualityFlag"
                        },
                        "dimensions": [
                            "lat",
                            "lon"
                        ],
                        "dtype": "float32",
                        "shape": [
                            2966,
                            2966
                        ]
                    },
                    "WaterDetection": {
                        "attributes": {
                            "ProjectionMaxLatitude": 18.101999282836914,
                            "ProjectionMaxLongitude": 105.93035125732422,
                            "ProjectionMinLatitude": 8.10200023651123,
                            "ProjectionMinLongitude": 95.92900085449219,
                            "ProjectionResolution": 0.003372000064700842,
                            "Type": [
                                1,
                                15,
                                16,
                                17,
                                20,
                                27,
                                30,
                                38,
                                50,
                                99,
                                100
                            ],
                            "TypeDescription": "1: no_valid_data; 15: Floodwater without fraction retrieval; 16: Bareland; 17: Vegetation; 20: Snow_ice; 27: River/lake ice; 30: Cloud; 38: Supar-snow/ice water or mixed ice&water or melting ice; 50: Shadow; 99: NormalWater; 100-200: Water Fractions",
                            "long_name": "WaterDetection",
                            "units": "1"
                        },
                        "dimensions": [
                            "lat",
                            "lon"
                        ],
                        "dtype": "float32",
                        "shape": [
                            2966,
                            2966
                        ]
                    },
                    "quality_information": {
                        "attributes": {
                            "long_name": "total number of retrievals, percentage of optimal retrievals, percentage of sub optimal retrievals, percentage of bad retrievals",
                            "percentage_bad_retrievals": 0.01058533787727356,
                            "percentage_optimal_retrievals": 98.53231048583984,
                            "percentage_sub_optimal_retrievals": 1.4571006298065186,
                            "total_number_retrievals": 4515680
                        },
                        "dimensions": [],
                        "dtype": "|S1",
                        "shape": []
                    }
                }
            },
            "assets": {
                "S3:file": {
                    "href": "https://nsdc.gistda.or.th/core/api/stac/1.0/jpss-1/collections/VIIRS_Flood_UDF001_v2r0_n20_s202606180631242_e202606180632487_c202606180647046/items/VIIRS_Flood_UDF001_v2r0_n20_s202606180631242_e202606180632487_c202606180647046/download?api_key=p6IIcJWIvxcdUSwnXJTQCkRxPiO25OJHSHXXmi83sk1MkigY99l1UfTdJAoHTWDx&asset=S3:file",
                    "title": "VIIRS-Flood-UDF001_v2r0_n20_s202606180631242_e202606180632487_c202606180647046",
                    "type": "application/file",
                    "roles": [
                        "download"
                    ]
                },
                "data": {
                    "href": "https://nsdc.gistda.or.th/core/api/features/1.0/collections/6a3417e58438f708b7a0ed17",
                    "title": "Coverage Collection",
                    "type": "application/geo+json",
                    "roles": [
                        "Coverage"
                    ]
                },
                "download": {
                    "href": "https://nsdc.gistda.or.th/core/api/coverages/1.0-beta/manager/6a3417e58438f708b7a0ed17",
                    "title": "Download data",
                    "type": "application/zip",
                    "roles": [
                        "download"
                    ]
                },
                "thumbnail": {
                    "href": "https://nsdc.gistda.or.th/core/api/managements/1.0/files/6a3417e6584f4ec462a3ee31/download",
                    "title": "Thumbnail",
                    "type": "image/jpeg",
                    "roles": [
                        "thumbnail"
                    ]
                }
            },
            "collection": "VIIRS_Flood_UDF001_v2r0_n20_s202606180631242_e202606180632487_c202606180647046",
            "links": [
                {
                    "href": "https://nsdc.gistda.or.th/core/api/stac/1.0/jpss-1/collections/VIIRS_Flood_UDF001_v2r0_n20_s202606180631242_e202606180632487_c202606180647046/items/VIIRS_Flood_UDF001_v2r0_n20_s202606180631242_e202606180632487_c202606180647046?api_key=p6IIcJWIvxcdUSwnXJTQCkRxPiO25OJHSHXXmi83sk1MkigY99l1UfTdJAoHTWDx",
                    "rel": "self",
                    "type": "application/geo+json"
                },
                {
                    "href": "https://nsdc.gistda.or.th/core/api/stac/1.0/jpss-1/?api_key=p6IIcJWIvxcdUSwnXJTQCkRxPiO25OJHSHXXmi83sk1MkigY99l1UfTdJAoHTWDx",
                    "rel": "root",
                    "type": "application/json"
                },
                {
                    "href": "https://nsdc.gistda.or.th/core/api/stac/1.0/jpss-1/collections/VIIRS_Flood_UDF001_v2r0_n20_s202606180631242_e202606180632487_c202606180647046?api_key=p6IIcJWIvxcdUSwnXJTQCkRxPiO25OJHSHXXmi83sk1MkigY99l1UfTdJAoHTWDx",
                    "rel": "parent",
                    "type": "application/json"
                },
                {
                    "href": "https://nsdc.gistda.or.th/core/api/stac/1.0/jpss-1/collections/VIIRS_Flood_UDF001_v2r0_n20_s202606180631242_e202606180632487_c202606180647046?api_key=p6IIcJWIvxcdUSwnXJTQCkRxPiO25OJHSHXXmi83sk1MkigY99l1UfTdJAoHTWDx",
                    "rel": "collection",
                    "type": "application/json"
                }
            ],
            "parents": [],
            "stac": "jpss-1",
            "created_at": "2026-06-18T16:11:04.676Z",
            "created_by": "62fe8bd5afc1d2d764d061b2",
            "updated_at": "2026-06-18T16:11:04.676Z",
            "updated_by": "62fe8bd5afc1d2d764d061b2"
        },
        {
            "id": "VIIRS_Flood_UDF001_v2r0_n20_s202606180629584_e202606180631230_c202606180647030",
            "type": "Feature",
            "stac_version": "1.0.0",
            "geometry": {
                "type": "Polygon",
                "coordinates": [
                    [
                        [
                            105.91517706705386,
                            9.151025177375061
                        ],
                        [
                            101.91598578287417,
                            8.547437170263487
                        ],
                        [
                            99.10036628684547,
                            8.102333165019198
                        ],
                        [
                            105.92866506463962,
                            8.102333165019198
                        ],
                        [
                            105.91517706705386,
                            9.151025177375061
                        ]
                    ]
                ]
            },
            "bbox": [
                95.927315,
                8.102333,
                105.928665,
                18.103685
            ],
            "properties": {
                "Conventions": "CF-1.6, ACDD-1.3",
                "DaynightFlag": 1,
                "Observingdate": "20260618",
                "Observingtime": "062958.495399Z",
                "Resolution": 0.003372000064700842,
                "Satellitename": "n20",
                "SensorIdentifyCode": "VIIRS",
                "ascend_descend_data_flag": 0,
                "cdm_data_type": "Grid",
                "created": "2026-06-18T16:11:01.112778Z",
                "creator_email": "slia@gmu.edu",
                "creator_name": "The VIIRS Flood Team in George Mason University funded by NOAA JPSS Program.",
                "creator_url": "https://jpssflood.gmu.edu",
                "date_created": "2026-06-18T06:47:03Z",
                "datetime": "2026-06-18T06:30:40.5Z",
                "day_night_data_flag": "day",
                "dimensions": {
                    "lat": 2966,
                    "lon": 2966
                },
                "end_orbit_number": 44463,
                "fillvalue_pixel_percent": 96.3690185546875,
                "flood_pixel_count": 357,
                "flood_pixel_percent": 0.11176192760467529,
                "footprint": {
                    "geometry": {
                        "coordinates": [
                            [
                                [
                                    105.91517706705386,
                                    9.151025177375061
                                ],
                                [
                                    101.91598578287417,
                                    8.547437170263487
                                ],
                                [
                                    99.10036628684547,
                                    8.102333165019198
                                ],
                                [
                                    105.92866506463962,
                                    8.102333165019198
                                ],
                                [
                                    105.91517706705386,
                                    9.151025177375061
                                ]
                            ]
                        ],
                        "type": "Polygon"
                    },
                    "properties": {},
                    "type": "Feature"
                },
                "geospatial_lat_max": 18.101999282836914,
                "geospatial_lat_min": 8.10200023651123,
                "geospatial_lat_resolution": 0.003372000064700842,
                "geospatial_lat_units": "degrees_north",
                "geospatial_lon_max": 105.93035125732422,
                "geospatial_lon_min": 95.92900085449219,
                "geospatial_lon_resolution": 0.003372000064700842,
                "geospatial_lon_units": "degrees_east",
                "history": "VIIRS Flood Detection Version: v2r0",
                "history_package": "v1r1",
                "id": "VIIRS-Flood-UDF001_v2r0_n20_s202606180629584_e202606180631230_c202606180647030.nc",
                "institution": "DOC/NOAA/NESDIS/OSPO > Office of Satellite and Product Operations, NESDIS, NOAA, U.S. Department of Commerce.",
                "instrument": "VIIRS",
                "keywords": "VIIRS Flood Detection",
                "level": 2,
                "lowquality_pixel_percent": 0.0014663829933851957,
                "metadata_link": "VIIRS-Flood-UDF001_v2r0_n20_s202606180629584_e202606180631230_c202606180647030.nc",
                "moderatequality_pixel_percent": 0.03819416090846062,
                "naming_authority": "gov.noaa.nesdis.ospo",
                "platform": "n20",
                "processing_level": "NOAA Level 3",
                "product": "FLOOD",
                "product_description": "Flood Detection",
                "production_environment": "Unknown",
                "production_site": "Unknown",
                "project": "NESDIS Common Cloud Framework",
                "publisher_email": "espcoperations@noaa.gov",
                "publisher_name": "DOC/NOAA/NESDIS/OSPO > Office of Satellite and Product Operations, NESDIS, NOAA, U.S. Department of Commerce.",
                "publisher_url": "http://www.ospo.noaa.gov",
                "references": "https://www.ssec.wisc.edu/flood-map-demo/flood-products/",
                "satellite": "JPSS-1",
                "satellite_name": "JPSS-1 (NOAA-20)",
                "sensor": "VIIRS",
                "sensor_name": "Visible Infrared Imaging Radiometer Suite",
                "source": "GITCO, VIIRS I-bands: 01, 02, 03, 05, JRR-CloudMask",
                "standard_name_vocabulary": "CF Standard Name Table (version 69, 15 October 2019)",
                "start_orbit_number": 44463,
                "summary": "VIIRS 375-m flood water fraction product",
                "time_coverage_end": "2026-06-18T06:31:23Z",
                "time_coverage_start": "2026-06-18T06:29:58Z",
                "title": "VIIRS_Flood_Detection",
                "variables": {
                    "QualityFlag": {
                        "attributes": {
                            "TypeDescription": "0: high quality detection; 1: moderate quality detection; 2: low quality detection; 255: FillValue",
                            "long_name": "QualityFlag"
                        },
                        "dimensions": [
                            "lat",
                            "lon"
                        ],
                        "dtype": "float32",
                        "shape": [
                            2966,
                            2966
                        ]
                    },
                    "WaterDetection": {
                        "attributes": {
                            "ProjectionMaxLatitude": 18.101999282836914,
                            "ProjectionMaxLongitude": 105.93035125732422,
                            "ProjectionMinLatitude": 8.10200023651123,
                            "ProjectionMinLongitude": 95.92900085449219,
                            "ProjectionResolution": 0.003372000064700842,
                            "Type": [
                                1,
                                15,
                                16,
                                17,
                                20,
                                27,
                                30,
                                38,
                                50,
                                99,
                                100
                            ],
                            "TypeDescription": "1: no_valid_data; 15: Floodwater without fraction retrieval; 16: Bareland; 17: Vegetation; 20: Snow_ice; 27: River/lake ice; 30: Cloud; 38: Supar-snow/ice water or mixed ice&water or melting ice; 50: Shadow; 99: NormalWater; 100-200: Water Fractions",
                            "long_name": "WaterDetection",
                            "units": "1"
                        },
                        "dimensions": [
                            "lat",
                            "lon"
                        ],
                        "dtype": "float32",
                        "shape": [
                            2966,
                            2966
                        ]
                    },
                    "quality_information": {
                        "attributes": {
                            "long_name": "total number of retrievals, percentage of optimal retrievals, percentage of sub optimal retrievals, percentage of bad retrievals",
                            "percentage_bad_retrievals": 0.04038532078266144,
                            "percentage_optimal_retrievals": 98.90771484375,
                            "percentage_sub_optimal_retrievals": 1.0518966913223267,
                            "total_number_retrievals": 319423
                        },
                        "dimensions": [],
                        "dtype": "|S1",
                        "shape": []
                    }
                }
            },
            "assets": {
                "S3:file": {
                    "href": "https://nsdc.gistda.or.th/core/api/stac/1.0/jpss-1/collections/VIIRS_Flood_UDF001_v2r0_n20_s202606180629584_e202606180631230_c202606180647030/items/VIIRS_Flood_UDF001_v2r0_n20_s202606180629584_e202606180631230_c202606180647030/download?api_key=p6IIcJWIvxcdUSwnXJTQCkRxPiO25OJHSHXXmi83sk1MkigY99l1UfTdJAoHTWDx&asset=S3:file",
                    "title": "VIIRS-Flood-UDF001_v2r0_n20_s202606180629584_e202606180631230_c202606180647030",
                    "type": "application/file",
                    "roles": [
                        "download"
                    ]
                },
                "data": {
                    "href": "https://nsdc.gistda.or.th/core/api/features/1.0/collections/6a3417e18438f708b7a0ed16",
                    "title": "Coverage Collection",
                    "type": "application/geo+json",
                    "roles": [
                        "Coverage"
                    ]
                },
                "download": {
                    "href": "https://nsdc.gistda.or.th/core/api/coverages/1.0-beta/manager/6a3417e18438f708b7a0ed16",
                    "title": "Download data",
                    "type": "application/zip",
                    "roles": [
                        "download"
                    ]
                },
                "thumbnail": {
                    "href": "https://nsdc.gistda.or.th/core/api/managements/1.0/files/6a3417e2584f4ec462a3ee2d/download",
                    "title": "Thumbnail",
                    "type": "image/jpeg",
                    "roles": [
                        "thumbnail"
                    ]
                }
            },
            "collection": "VIIRS_Flood_UDF001_v2r0_n20_s202606180629584_e202606180631230_c202606180647030",
            "links": [
                {
                    "href": "https://nsdc.gistda.or.th/core/api/stac/1.0/jpss-1/collections/VIIRS_Flood_UDF001_v2r0_n20_s202606180629584_e202606180631230_c202606180647030/items/VIIRS_Flood_UDF001_v2r0_n20_s202606180629584_e202606180631230_c202606180647030?api_key=p6IIcJWIvxcdUSwnXJTQCkRxPiO25OJHSHXXmi83sk1MkigY99l1UfTdJAoHTWDx",
                    "rel": "self",
                    "type": "application/geo+json"
                },
                {
                    "href": "https://nsdc.gistda.or.th/core/api/stac/1.0/jpss-1/?api_key=p6IIcJWIvxcdUSwnXJTQCkRxPiO25OJHSHXXmi83sk1MkigY99l1UfTdJAoHTWDx",
                    "rel": "root",
                    "type": "application/json"
                },
                {
                    "href": "https://nsdc.gistda.or.th/core/api/stac/1.0/jpss-1/collections/VIIRS_Flood_UDF001_v2r0_n20_s202606180629584_e202606180631230_c202606180647030?api_key=p6IIcJWIvxcdUSwnXJTQCkRxPiO25OJHSHXXmi83sk1MkigY99l1UfTdJAoHTWDx",
                    "rel": "parent",
                    "type": "application/json"
                },
                {
                    "href": "https://nsdc.gistda.or.th/core/api/stac/1.0/jpss-1/collections/VIIRS_Flood_UDF001_v2r0_n20_s202606180629584_e202606180631230_c202606180647030?api_key=p6IIcJWIvxcdUSwnXJTQCkRxPiO25OJHSHXXmi83sk1MkigY99l1UfTdJAoHTWDx",
                    "rel": "collection",
                    "type": "application/json"
                }
            ],
            "parents": [],
            "stac": "jpss-1",
            "created_at": "2026-06-18T16:11:01.364Z",
            "created_by": "62fe8bd5afc1d2d764d061b2",
            "updated_at": "2026-06-18T16:11:01.364Z",
            "updated_by": "62fe8bd5afc1d2d764d061b2"
        },
        {
            "id": "VIIRS_Flood_UDF001_v2r0_n20_s202606170651451_e202606170653078_c202606170705018",
            "type": "Feature",
            "stac_version": "1.0.0",
            "geometry": {
                "type": "Polygon",
                "coordinates": [
                    [
                        [
                            95.92731485479396,
                            18.10368528285678
                        ],
                        [
                            95.92731485479396,
                            13.288469226123109
                        ],
                        [
                            105.92866506463962,
                            14.647385242134083
                        ],
                        [
                            105.92866506463962,
                            18.10368528285678
                        ],
                        [
                            95.92731485479396,
                            18.10368528285678
                        ]
                    ]
                ]
            },
            "bbox": [
                95.927315,
                8.102333,
                105.928665,
                18.103685
            ],
            "properties": {
                "Conventions": "CF-1.6, ACDD-1.3",
                "DaynightFlag": 1,
                "Observingdate": "20260617",
                "Observingtime": "065145.106116Z",
                "Resolution": 0.003372000064700842,
                "Satellitename": "n20",
                "SensorIdentifyCode": "VIIRS",
                "ascend_descend_data_flag": 0,
                "cdm_data_type": "Grid",
                "created": "2026-06-17T18:11:35.142017Z",
                "creator_email": "slia@gmu.edu",
                "creator_name": "The VIIRS Flood Team in George Mason University funded by NOAA JPSS Program.",
                "creator_url": "https://jpssflood.gmu.edu",
                "date_created": "2026-06-17T07:05:01Z",
                "datetime": "2026-06-17T06:52:26Z",
                "day_night_data_flag": "day",
                "dimensions": {
                    "lat": 2966,
                    "lon": 2966
                },
                "end_orbit_number": 44449,
                "fillvalue_pixel_percent": 58.996910095214844,
                "flood_pixel_count": 7693,
                "flood_pixel_percent": 0.21326850354671478,
                "footprint": {
                    "geometry": {
                        "coordinates": [
                            [
                                [
                                    95.92731485479396,
                                    18.10368528285678
                                ],
                                [
                                    95.92731485479396,
                                    13.288469226123109
                                ],
                                [
                                    105.92866506463962,
                                    14.647385242134083
                                ],
                                [
                                    105.92866506463962,
                                    18.10368528285678
                                ],
                                [
                                    95.92731485479396,
                                    18.10368528285678
                                ]
                            ]
                        ],
                        "type": "Polygon"
                    },
                    "properties": {},
                    "type": "Feature"
                },
                "geospatial_lat_max": 18.101999282836914,
                "geospatial_lat_min": 8.10200023651123,
                "geospatial_lat_resolution": 0.003372000064700842,
                "geospatial_lat_units": "degrees_north",
                "geospatial_lon_max": 105.93035125732422,
                "geospatial_lon_min": 95.92900085449219,
                "geospatial_lon_resolution": 0.003372000064700842,
                "geospatial_lon_units": "degrees_east",
                "history": "VIIRS Flood Detection Version: v2r0",
                "history_package": "v1r1",
                "id": "VIIRS-Flood-UDF001_v2r0_n20_s202606170651451_e202606170653078_c202606170705018.nc",
                "institution": "DOC/NOAA/NESDIS/OSPO > Office of Satellite and Product Operations, NESDIS, NOAA, U.S. Department of Commerce.",
                "instrument": "VIIRS",
                "keywords": "VIIRS Flood Detection",
                "level": 2,
                "lowquality_pixel_percent": 0.002432604320347309,
                "metadata_link": "VIIRS-Flood-UDF001_v2r0_n20_s202606170651451_e202606170653078_c202606170705018.nc",
                "moderatequality_pixel_percent": 0.7989286184310913,
                "naming_authority": "gov.noaa.nesdis.ospo",
                "platform": "n20",
                "processing_level": "NOAA Level 3",
                "product": "FLOOD",
                "product_description": "Flood Detection",
                "production_environment": "Unknown",
                "production_site": "Unknown",
                "project": "NESDIS Common Cloud Framework",
                "publisher_email": "espcoperations@noaa.gov",
                "publisher_name": "DOC/NOAA/NESDIS/OSPO > Office of Satellite and Product Operations, NESDIS, NOAA, U.S. Department of Commerce.",
                "publisher_url": "http://www.ospo.noaa.gov",
                "references": "https://www.ssec.wisc.edu/flood-map-demo/flood-products/",
                "satellite": "JPSS-1",
                "satellite_name": "JPSS-1 (NOAA-20)",
                "sensor": "VIIRS",
                "sensor_name": "Visible Infrared Imaging Radiometer Suite",
                "source": "GITCO, VIIRS I-bands: 01, 02, 03, 05, JRR-CloudMask",
                "standard_name_vocabulary": "CF Standard Name Table (version 69, 15 October 2019)",
                "start_orbit_number": 44449,
                "summary": "VIIRS 375-m flood water fraction product",
                "time_coverage_end": "2026-06-17T06:53:07Z",
                "time_coverage_start": "2026-06-17T06:51:45Z",
                "title": "VIIRS_Flood_Detection",
                "variables": {
                    "QualityFlag": {
                        "attributes": {
                            "TypeDescription": "0: high quality detection; 1: moderate quality detection; 2: low quality detection; 255: FillValue",
                            "long_name": "QualityFlag"
                        },
                        "dimensions": [
                            "lat",
                            "lon"
                        ],
                        "dtype": "float32",
                        "shape": [
                            2966,
                            2966
                        ]
                    },
                    "WaterDetection": {
                        "attributes": {
                            "ProjectionMaxLatitude": 18.101999282836914,
                            "ProjectionMaxLongitude": 105.93035125732422,
                            "ProjectionMinLatitude": 8.10200023651123,
                            "ProjectionMinLongitude": 95.92900085449219,
                            "ProjectionResolution": 0.003372000064700842,
                            "Type": [
                                1,
                                15,
                                16,
                                17,
                                20,
                                27,
                                30,
                                38,
                                50,
                                99,
                                100
                            ],
                            "TypeDescription": "1: no_valid_data; 15: Floodwater without fraction retrieval; 16: Bareland; 17: Vegetation; 20: Snow_ice; 27: River/lake ice; 30: Cloud; 38: Supar-snow/ice water or mixed ice&water or melting ice; 50: Shadow; 99: NormalWater; 100-200: Water Fractions",
                            "long_name": "WaterDetection",
                            "units": "1"
                        },
                        "dimensions": [
                            "lat",
                            "lon"
                        ],
                        "dtype": "float32",
                        "shape": [
                            2966,
                            2966
                        ]
                    },
                    "quality_information": {
                        "attributes": {
                            "long_name": "total number of retrievals, percentage of optimal retrievals, percentage of sub optimal retrievals, percentage of bad retrievals",
                            "percentage_bad_retrievals": 0.005932733882218599,
                            "percentage_optimal_retrievals": 98.04560852050781,
                            "percentage_sub_optimal_retrievals": 1.948459506034851,
                            "total_number_retrievals": 3607106
                        },
                        "dimensions": [],
                        "dtype": "|S1",
                        "shape": []
                    }
                }
            },
            "assets": {
                "S3:file": {
                    "href": "https://nsdc.gistda.or.th/core/api/stac/1.0/jpss-1/collections/VIIRS_Flood_UDF001_v2r0_n20_s202606170651451_e202606170653078_c202606170705018/items/VIIRS_Flood_UDF001_v2r0_n20_s202606170651451_e202606170653078_c202606170705018/download?api_key=p6IIcJWIvxcdUSwnXJTQCkRxPiO25OJHSHXXmi83sk1MkigY99l1UfTdJAoHTWDx&asset=S3:file",
                    "title": "VIIRS-Flood-UDF001_v2r0_n20_s202606170651451_e202606170653078_c202606170705018",
                    "type": "application/file",
                    "roles": [
                        "download"
                    ]
                },
                "data": {
                    "href": "https://nsdc.gistda.or.th/core/api/features/1.0/collections/6a32e287ffd4b06740877a22",
                    "title": "Coverage Collection",
                    "type": "application/geo+json",
                    "roles": [
                        "Coverage"
                    ]
                },
                "download": {
                    "href": "https://nsdc.gistda.or.th/core/api/coverages/1.0-beta/manager/6a32e287ffd4b06740877a22",
                    "title": "Download data",
                    "type": "application/zip",
                    "roles": [
                        "download"
                    ]
                },
                "thumbnail": {
                    "href": "https://nsdc.gistda.or.th/core/api/managements/1.0/files/6a32e288352fab6af33c4ff7/download",
                    "title": "Thumbnail",
                    "type": "image/jpeg",
                    "roles": [
                        "thumbnail"
                    ]
                }
            },
            "collection": "VIIRS_Flood_UDF001_v2r0_n20_s202606170651451_e202606170653078_c202606170705018",
            "links": [
                {
                    "href": "https://nsdc.gistda.or.th/core/api/stac/1.0/jpss-1/collections/VIIRS_Flood_UDF001_v2r0_n20_s202606170651451_e202606170653078_c202606170705018/items/VIIRS_Flood_UDF001_v2r0_n20_s202606170651451_e202606170653078_c202606170705018?api_key=p6IIcJWIvxcdUSwnXJTQCkRxPiO25OJHSHXXmi83sk1MkigY99l1UfTdJAoHTWDx",
                    "rel": "self",
                    "type": "application/geo+json"
                },
                {
                    "href": "https://nsdc.gistda.or.th/core/api/stac/1.0/jpss-1/?api_key=p6IIcJWIvxcdUSwnXJTQCkRxPiO25OJHSHXXmi83sk1MkigY99l1UfTdJAoHTWDx",
                    "rel": "root",
                    "type": "application/json"
                },
                {
                    "href": "https://nsdc.gistda.or.th/core/api/stac/1.0/jpss-1/collections/VIIRS_Flood_UDF001_v2r0_n20_s202606170651451_e202606170653078_c202606170705018?api_key=p6IIcJWIvxcdUSwnXJTQCkRxPiO25OJHSHXXmi83sk1MkigY99l1UfTdJAoHTWDx",
                    "rel": "parent",
                    "type": "application/json"
                },
                {
                    "href": "https://nsdc.gistda.or.th/core/api/stac/1.0/jpss-1/collections/VIIRS_Flood_UDF001_v2r0_n20_s202606170651451_e202606170653078_c202606170705018?api_key=p6IIcJWIvxcdUSwnXJTQCkRxPiO25OJHSHXXmi83sk1MkigY99l1UfTdJAoHTWDx",
                    "rel": "collection",
                    "type": "application/json"
                }
            ],
            "parents": [],
            "stac": "jpss-1",
            "created_at": "2026-06-17T18:11:35.414Z",
            "created_by": "62fe8bd5afc1d2d764d061b2",
            "updated_at": "2026-06-17T18:11:35.414Z",
            "updated_by": "62fe8bd5afc1d2d764d061b2"
        }
    ],
    "links": [
        {
            "href": "https://nsdc.gistda.or.th/core/api/stac/1.0/jpss-1/search?api_key=p6IIcJWIvxcdUSwnXJTQCkRxPiO25OJHSHXXmi83sk1MkigY99l1UfTdJAoHTWDx",
            "rel": "self",
            "type": "application/json"
        },
        {
            "href": "https://nsdc.gistda.or.th/core/api/stac/1.0/jpss-1/?api_key=p6IIcJWIvxcdUSwnXJTQCkRxPiO25OJHSHXXmi83sk1MkigY99l1UfTdJAoHTWDx",
            "rel": "root",
            "type": "application/json"
        },
        {
            "href": "https://nsdc.gistda.or.th/core/api/stac/1.0/jpss-1/search?api_key=p6IIcJWIvxcdUSwnXJTQCkRxPiO25OJHSHXXmi83sk1MkigY99l1UfTdJAoHTWDx&ids=RATM,2026&sortby=-id&limit=20&offset=20",
            "rel": "next"
        }
    ],
    "context": {
        "page": 1,
        "limit": 20,
        "matched": 4982,
        "returned": 20
    }
}
