{
  "type": "FeatureCollection",
  "features": [
    {
      "type": "Feature",
      "properties": {
        "type": "station",
        "buffer_km": 2500.0,
        "min_elevation_deg": 5.0,
        "reference_swath_file": "swath_jpss.geojson",
        "reference_swath_source_count": 20,
        "reference_swath_station_inside_count": 5,
        "aoi_file": "aoi_demo.geojson",
        "aoi_feature_count": 1
      },
      "geometry": {
        "type": "Point",
        "coordinates": [
          100.929,
          13.1014
        ]
      }
    },
    {
      "type": "Feature",
      "properties": {
        "type": "station_buffer",
        "buffer_km": 2500.0,
        "planning_note": "reference buffer from the original rough planning flow"
      },
      "geometry": {
        "type": "Polygon",
        "coordinates": [
          [
            [
              100.92900000000003,
              35.58440909311344
            ],
            [
              101.86910049112305,
              35.568425833349146
            ],
            [
              102.8071854164873,
              35.520514627612656
            ],
            [
              103.74125301330503,
              35.440790868636434
            ],
            [
              104.66932886248662,
              35.329445791758666
            ],
            [
              105.58947891409713,
              35.18674487115753
            ],
            [
              106.4998217624335,
              35.01302562368628
            ],
            [
              107.3985399612443,
              34.80869486712545
            ],
            [
              108.28389020156516,
              34.574225489928246
            ],
            [
              109.15421221125598,
              34.31015279771458
            ],
            [
              110.00793627475178,
              34.01707050766718
            ],
            [
              110.84358931192929,
              33.69562646551572
            ],
            [
              111.65979949456636,
              33.34651816099857
            ],
            [
              112.4552994160531,
              32.97048811670327
            ],
            [
              113.228927863509,
              32.56831922223479
            ],
            [
              113.97963027028396,
              32.14083008103399
            ],
            [
              114.70645795034648,
              31.688870431201067
            ],
            [
              115.40856623399208,
              31.213316694721694
            ],
            [
              116.0852116366487,
              30.715067701894142
            ],
            [
              116.73574819959248,
              30.195040629844414
            ],
            [
              117.35962314358375,
              29.654167186086458
            ],
            [
              117.95637197441874,
              29.093390060387613
            ],
            [
              118.52561317386926,
              28.513659660940252
            ],
            [
              119.06704260119136,
              27.915931144170358
            ],
            [
              119.58042772005126,
              27.301161741540614
            ],
            [
              120.06560175403058,
              26.67030838148974
            ],
            [
              120.52245786143328,
              26.024325600215082
            ],
            [
              120.95094340746601,
              25.364163731343453
            ],
            [
              121.35105439941378,
              24.690767361611602
            ],
            [
              121.72283013854604,
              24.005074037440583
            ],
            [
              122.0663481313934,
              23.30801320567194
            ],
            [
              122.38171929292196,
              22.60050537066565
            ],
            [
              122.66908346508797,
              21.883461449364376
            ],
            [
              122.92860526633092,
              21.157782305730723
            ],
            [
              123.16047028075184,
              20.424358446091787
            ],
            [
              123.36488158998469,
              19.684069857310917
            ],
            [
              123.5420566460379,
              18.937785970290687
            ],
            [
              123.69222447957407,
              18.186365732038595
            ],
            [
              123.81562323511787,
              17.430657770352415
            ],
            [
              123.91249802243084,
              16.671500636066003
            ],
            [
              123.98309907167163,
              15.909723108705652
            ],
            [
              124.0276801788728,
              15.146144552316409
            ],
            [
              124.04649742761859,
              14.381575309105877
            ],
            [
              124.03980817251636,
              13.616817119405308
            ],
            [
              124.00787027004526,
              12.852663557252704
            ],
            [
              123.95094154256185,
              12.089900471653731
            ],
            [
              123.86927946159062,
              11.329306424269467
            ],
            [
              123.7631410369678,
              10.57165311491458
            ],
            [
              123.6327828988978,
              9.817705786826856
            ],
            [
              123.4784615604782,
              9.068223604192555
            ],
            [
              123.30043384872522,
              8.323959994886467
            ],
            [
              123.09895749254929,
              7.58566295181774
            ],
            [
              122.87429185647579,
              6.85407528666882
            ],
            [
              122.62669880915621,
              6.129934830184693
            ],
            [
              122.35644371585471,
              5.413974573520592
            ],
            [
              122.06379654411933,
              4.706922745498742
            ],
            [
              121.74903307174316,
              4.00950282096753
            ],
            [
              121.4124361858918,
              3.3224334558100987
            ],
            [
              121.05429726191664,
              2.6464283445232004
            ],
            [
              120.67491760989645,
              1.9821959966911196
            ],
            [
              120.27460997635717,
              1.330439429122864
            ],
            [
              119.85370008793262,
              0.6918557709124528
            ],
            [
              119.41252822295166,
              0.06713577923001125
            ],
            [
              118.95145079610398,
              -0.5430367357377842
            ],
            [
              118.47084194046306,
              -1.1379855775994963
            ],
            [
              117.9710950702646,
              -1.7170429224721164
            ],
            [
              117.45262440698525,
              -2.2795501689175803
            ],
            [
              116.91586645047539,
              -2.824858877522657
            ],
            [
              116.36128137621085,
              -3.352331797568511
            ],
            [
              115.78935433918986,
              -3.861343977196314
            ],
            [
              115.20059666464579,
              -4.351283952377454
            ],
            [
              114.59554690563397,
              -4.821555008853054
            ],
            [
              113.9747717477066,
              -5.271576510033172
            ],
            [
              113.33886674137261,
              -5.700785282658385
            ],
            [
              112.68845684386787,
              -6.108637050848061
            ],
            [
              112.02419675297841,
              -6.494607908013856
            ],
            [
              111.34677101727607,
              -6.858195815030501
            ],
            [
              110.65689390915924,
              -7.1989221120572315
            ],
            [
              109.95530904953443,
              -7.516333030521086
            ],
            [
              109.24278877581708,
              -7.810001191037654
            ],
            [
              108.52013324813635,
              -8.079527072483451
            ],
            [
              107.78816929216248,
              -8.324540437073974
            ],
            [
              107.04774898076784,
              -8.544701696165736
            ],
            [
              106.29974796072025,
              -8.73970320160791
            ],
            [
              105.54506353469526,
              -8.90927044783429
            ],
            [
              104.78461251299632,
              -9.053163170515571
            ],
            [
              104.01932885337686,
              -9.171176328487059
            ],
            [
              103.25016111116747,
              -9.26314095682014
            ],
            [
              102.47806972541446,
              -9.328924880303571
            ],
            [
              101.70402416983558,
              -9.368433278219754
            ],
            [
              100.92900000000003,
              -9.38160909311345
            ],
            [
              100.15397583016443,
              -9.368433278219754
            ],
            [
              99.3799302745856,
              -9.328924880303571
            ],
            [
              98.60783888883253,
              -9.26314095682014
            ],
            [
              97.83867114662314,
              -9.171176328487055
            ],
            [
              97.07338748700374,
              -9.053163170515571
            ],
            [
              96.3129364653048,
              -8.909270447834286
            ],
            [
              95.55825203927981,
              -8.73970320160791
            ],
            [
              94.81025101923217,
              -8.544701696165736
            ],
            [
              94.06983070783758,
              -8.324540437073978
            ],
            [
              93.33786675186366,
              -8.079527072483451
            ],
            [
              92.61521122418293,
              -7.8100011910376566
            ],
            [
              91.90269095046557,
              -7.516333030521086
            ],
            [
              91.20110609084077,
              -7.198922112057228
            ],
            [
              90.51122898272394,
              -6.858195815030498
            ],
            [
              89.83380324702159,
              -6.494607908013853
            ],
            [
              89.16954315613214,
              -6.108637050848063
            ],
            [
              88.51913325862745,
              -5.700785282658392
            ],
            [
              87.8832282522934,
              -5.271576510033175
            ],
            [
              87.2624530943661,
              -4.821555008853058
            ],
            [
              86.65740333535422,
              -4.3512839523774565
            ],
            [
              86.06864566081015,
              -3.86134397719632
            ],
            [
              85.49671862378915,
              -3.352331797568508
            ],
            [
              84.94213354952467,
              -2.824858877522654
            ],
            [
              84.40537559301475,
              -2.2795501689175786
            ],
            [
              83.88690492973546,
              -1.7170429224721182
            ],
            [
              83.387158059537,
              -1.1379855775994916
            ],
            [
              82.90654920389602,
              -0.543036735737789
            ],
            [
              82.44547177704834,
              0.06713577923001443
            ],
            [
              82.00429991206738,
              0.691855770912448
            ],
            [
              81.58339002364283,
              1.3304394291228512
            ],
            [
              81.18308239010355,
              1.982195996691123
            ],
            [
              80.80370273808336,
              2.6464283445231955
            ],
            [
              80.44556381410825,
              3.322433455810102
            ],
            [
              80.10896692825685,
              4.0095028209675245
            ],
            [
              79.79420345588068,
              4.706922745498746
            ],
            [
              79.5015562841453,
              5.413974573520588
            ],
            [
              79.23130119084385,
              6.1299348301846965
            ],
            [
              78.98370814352427,
              6.85407528666882
            ],
            [
              78.75904250745077,
              7.5856629518177305
            ],
            [
              78.55756615127478,
              8.323959994886467
            ],
            [
              78.37953843952187,
              9.068223604192543
            ],
            [
              78.2252171011022,
              9.81770578682686
            ],
            [
              78.09485896303221,
              10.571653114914575
            ],
            [
              77.98872053840944,
              11.32930642426947
            ],
            [
              77.90705845743821,
              12.089900471653726
            ],
            [
              77.85012972995474,
              12.85266355725271
            ],
            [
              77.81819182748364,
              13.616817119405306
            ],
            [
              77.81150257238141,
              14.381575309105866
            ],
            [
              77.8303198211272,
              15.146144552316409
            ],
            [
              77.87490092832843,
              15.909723108705641
            ],
            [
              77.94550197756917,
              16.671500636066003
            ],
            [
              78.04237676488214,
              17.430657770352408
            ],
            [
              78.16577552042594,
              18.1863657320386
            ],
            [
              78.3159433539621,
              18.93778597029068
            ],
            [
              78.49311841001531,
              19.68406985731092
            ],
            [
              78.69752971924822,
              20.424358446091787
            ],
            [
              78.92939473366914,
              21.157782305730713
            ],
            [
              79.18891653491204,
              21.883461449364372
            ],
            [
              79.4762807070781,
              22.600505370665648
            ],
            [
              79.79165186860666,
              23.30801320567194
            ],
            [
              80.13516986145396,
              24.005074037440576
            ],
            [
              80.50694560058622,
              24.690767361611606
            ],
            [
              80.90705659253399,
              25.364163731343446
            ],
            [
              81.33554213856672,
              26.024325600215086
            ],
            [
              81.79239824596948,
              26.670308381489733
            ],
            [
              82.27757227994874,
              27.301161741540607
            ],
            [
              82.7909573988087,
              27.915931144170358
            ],
            [
              83.33238682613069,
              28.513659660940245
            ],
            [
              83.90162802558132,
              29.093390060387613
            ],
            [
              84.49837685641626,
              29.65416718608645
            ],
            [
              85.12225180040753,
              30.19504062984442
            ],
            [
              85.77278836335131,
              30.715067701894142
            ],
            [
              86.44943376600793,
              31.2133166947217
            ],
            [
              87.15154204965353,
              31.688870431201067
            ],
            [
              87.87836972971604,
              32.14083008103398
            ],
            [
              88.629072136491,
              32.56831922223479
            ],
            [
              89.40270058394691,
              32.970488116703265
            ],
            [
              90.19820050543365,
              33.34651816099857
            ],
            [
              91.01441068807071,
              33.695626465515716
            ],
            [
              91.85006372524822,
              34.01707050766718
            ],
            [
              92.70378778874402,
              34.31015279771458
            ],
            [
              93.57410979843485,
              34.574225489928246
            ],
            [
              94.45946003875571,
              34.80869486712545
            ],
            [
              95.35817823756645,
              35.013025623686275
            ],
            [
              96.26852108590288,
              35.18674487115753
            ],
            [
              97.18867113751338,
              35.32944579175866
            ],
            [
              98.11674698669498,
              35.440790868636434
            ],
            [
              99.0508145835127,
              35.520514627612656
            ],
            [
              99.98889950887695,
              35.568425833349146
            ],
            [
              100.92900000000003,
              35.58440909311344
            ]
          ]
        ]
      }
    },
    {
      "type": "Feature",
      "properties": {
        "type": "reference_swath",
        "source": "swath_jpss.geojson",
        "source_index": 0,
        "satellite": "JPSS-1",
        "satellite_name": "JPSS-1 (NOAA-20)",
        "sensor": "VIIRS",
        "sensor_name": "Visible Infrared Imaging Radiometer Suite",
        "product": "FLOOD",
        "datetime": "2026-06-22T06:58:49.5Z",
        "filename": null,
        "station_inside": false,
        "station_buffer_intersects": true,
        "bounds": [
          95.927315,
          13.008593,
          105.928665,
          18.103685
        ],
        "planning_note": "reference swath sample; not time-matched to the generated TLE planning window"
      },
      "geometry": {
        "type": "Polygon",
        "coordinates": [
          [
            [
              95.94417485177617,
              18.10368528285678
            ],
            [
              95.92731485479396,
              13.008593222825564
            ],
            [
              105.92866506463962,
              14.306813238121407
            ],
            [
              105.92866506463962,
              18.10368528285678
            ],
            [
              95.94417485177617,
              18.10368528285678
            ]
          ]
        ]
      }
    },
    {
      "type": "Feature",
      "properties": {
        "type": "reference_swath",
        "source": "swath_jpss.geojson",
        "source_index": 1,
        "satellite": "JPSS-1",
        "satellite_name": "JPSS-1 (NOAA-20)",
        "sensor": "VIIRS",
        "sensor_name": "Visible Infrared Imaging Radiometer Suite",
        "product": "FLOOD",
        "datetime": "2026-06-22T06:57:24Z",
        "filename": null,
        "station_inside": true,
        "station_buffer_intersects": true,
        "bounds": [
          95.927315,
          8.102333,
          105.928665,
          14.347277
        ],
        "planning_note": "reference swath sample; not time-matched to the generated TLE planning window"
      },
      "geometry": {
        "type": "Polygon",
        "coordinates": [
          [
            [
              105.9185490664503,
              14.34727723859816
            ],
            [
              95.92731485479396,
              13.011965222865294
            ],
            [
              95.92731485479396,
              8.102333165019198
            ],
            [
              105.92866506463962,
              9.201605177971004
            ],
            [
              105.9185490664503,
              14.34727723859816
            ]
          ]
        ]
      }
    },
    {
      "type": "Feature",
      "properties": {
        "type": "reference_swath",
        "source": "swath_jpss.geojson",
        "source_index": 2,
        "satellite": "JPSS-1",
        "satellite_name": "JPSS-1 (NOAA-20)",
        "sensor": "VIIRS",
        "sensor_name": "Visible Infrared Imaging Radiometer Suite",
        "product": "FLOOD",
        "datetime": "2026-06-22T06:55:58Z",
        "filename": null,
        "station_inside": false,
        "station_buffer_intersects": true,
        "bounds": [
          97.953886,
          8.102333,
          105.928665,
          9.231953
        ],
        "planning_note": "reference swath sample; not time-matched to the generated TLE planning window"
      },
      "geometry": {
        "type": "Polygon",
        "coordinates": [
          [
            [
              105.90506106886453,
              9.231953178328569
            ],
            [
              101.54169384986916,
              8.638481171336183
            ],
            [
              97.95388649205533,
              8.102333165019198
            ],
            [
              105.92866506463962,
              8.102333165019198
            ],
            [
              105.90506106886453,
              9.231953178328569
            ]
          ]
        ]
      }
    },
    {
      "type": "Feature",
      "properties": {
        "type": "reference_swath",
        "source": "swath_jpss.geojson",
        "source_index": 3,
        "satellite": "JPSS-1",
        "satellite_name": "JPSS-1 (NOAA-20)",
        "sensor": "VIIRS",
        "sensor_name": "Visible Infrared Imaging Radiometer Suite",
        "product": "FLOOD",
        "datetime": "2026-06-21T07:17:45Z",
        "filename": null,
        "station_inside": false,
        "station_buffer_intersects": true,
        "bounds": [
          95.927315,
          13.399745,
          104.893461,
          18.103685
        ],
        "planning_note": "reference swath sample; not time-matched to the generated TLE planning window"
      },
      "geometry": {
        "type": "Polygon",
        "coordinates": [
          [
            [
              95.92731485479396,
              18.10368528285678
            ],
            [
              95.92731485479396,
              13.399745227434181
            ],
            [
              104.89346124993206,
              14.401229239233832
            ],
            [
              104.28312935917614,
              18.10368528285678
            ],
            [
              95.92731485479396,
              18.10368528285678
            ]
          ]
        ]
      }
    },
    {
      "type": "Feature",
      "properties": {
        "type": "reference_swath",
        "source": "swath_jpss.geojson",
        "source_index": 4,
        "satellite": "JPSS-1",
        "satellite_name": "JPSS-1 (NOAA-20)",
        "sensor": "VIIRS",
        "sensor_name": "Visible Infrared Imaging Radiometer Suite",
        "product": "FLOOD",
        "datetime": "2026-06-21T07:16:19Z",
        "filename": null,
        "station_inside": true,
        "station_buffer_intersects": true,
        "bounds": [
          95.927315,
          8.210237,
          105.810645,
          14.478785
        ],
        "planning_note": "reference swath sample; not time-matched to the generated TLE planning window"
      },
      "geometry": {
        "type": "Polygon",
        "coordinates": [
          [
            [
              104.86648525476053,
              14.478785240147609
            ],
            [
              95.92731485479396,
              13.409861227553371
            ],
            [
              95.92731485479396,
              8.210237166290542
            ],
            [
              105.81064508576416,
              9.478109181228819
            ],
            [
              104.86648525476053,
              14.478785240147609
            ]
          ]
        ]
      }
    },
    {
      "type": "Feature",
      "properties": {
        "type": "reference_swath",
        "source": "swath_jpss.geojson",
        "source_index": 5,
        "satellite": "JPSS-1",
        "satellite_name": "JPSS-1 (NOAA-20)",
        "sensor": "VIIRS",
        "sensor_name": "Visible Infrared Imaging Radiometer Suite",
        "product": "FLOOD",
        "datetime": "2026-06-21T07:14:53.5Z",
        "filename": null,
        "station_inside": false,
        "station_buffer_intersects": true,
        "bounds": [
          95.927315,
          8.102333,
          105.928665,
          9.555665
        ],
        "planning_note": "reference swath sample; not time-matched to the generated TLE planning window"
      },
      "geometry": {
        "type": "Polygon",
        "coordinates": [
          [
            [
              105.79041308938552,
              9.555665182142597
            ],
            [
              96.17009881133775,
              8.267561166965942
            ],
            [
              95.92731485479396,
              8.102333165019198
            ],
            [
              105.92866506463962,
              8.102333165019198
            ],
            [
              105.79041308938552,
              9.555665182142597
            ]
          ]
        ]
      }
    },
    {
      "type": "Feature",
      "properties": {
        "type": "reference_swath",
        "source": "swath_jpss.geojson",
        "source_index": 6,
        "satellite": "JPSS-1",
        "satellite_name": "JPSS-1 (NOAA-20)",
        "sensor": "VIIRS",
        "sensor_name": "Visible Infrared Imaging Radiometer Suite",
        "product": "FLOOD",
        "datetime": "2026-06-21T05:38:10.5Z",
        "filename": null,
        "station_inside": false,
        "station_buffer_intersects": true,
        "bounds": [
          100.38847,
          16.765001,
          105.928665,
          18.103685
        ],
        "planning_note": "reference swath sample; not time-matched to the generated TLE planning window"
      },
      "geometry": {
        "type": "Polygon",
        "coordinates": [
          [
            [
              100.38847005628614,
              18.10368528285678
            ],
            [
              100.82008597903067,
              16.765001267084184
            ],
            [
              105.92866506463962,
              17.90473728051274
            ],
            [
              105.92866506463962,
              18.10368528285678
            ],
            [
              100.38847005628614,
              18.10368528285678
            ]
          ]
        ]
      }
    },
    {
      "type": "Feature",
      "properties": {
        "type": "reference_swath",
        "source": "swath_jpss.geojson",
        "source_index": 7,
        "satellite": "JPSS-1",
        "satellite_name": "JPSS-1 (NOAA-20)",
        "sensor": "VIIRS",
        "sensor_name": "Visible Infrared Imaging Radiometer Suite",
        "product": "FLOOD",
        "datetime": "2026-06-21T05:36:44.5Z",
        "filename": null,
        "station_inside": false,
        "station_buffer_intersects": true,
        "bounds": [
          100.813342,
          11.929553,
          105.928665,
          17.928341
        ],
        "planning_note": "reference swath sample; not time-matched to the generated TLE planning window"
      },
      "geometry": {
        "type": "Polygon",
        "coordinates": [
          [
            [
              105.91517706705386,
              17.92834128079085
            ],
            [
              100.81334198023778,
              16.835813267918503
            ],
            [
              102.30713771286139,
              11.929553210112136
            ],
            [
              105.92866506463962,
              12.688253219051266
            ],
            [
              105.91517706705386,
              17.92834128079085
            ]
          ]
        ]
      }
    },
    {
      "type": "Feature",
      "properties": {
        "type": "reference_swath",
        "source": "swath_jpss.geojson",
        "source_index": 8,
        "satellite": "JPSS-1",
        "satellite_name": "JPSS-1 (NOAA-20)",
        "sensor": "VIIRS",
        "sensor_name": "Visible Infrared Imaging Radiometer Suite",
        "product": "FLOOD",
        "datetime": "2026-06-21T05:35:19Z",
        "filename": null,
        "station_inside": false,
        "station_buffer_intersects": true,
        "bounds": [
          102.307138,
          8.102333,
          105.928665,
          12.725345
        ],
        "planning_note": "reference swath sample; not time-matched to the generated TLE planning window"
      },
      "geometry": {
        "type": "Polygon",
        "coordinates": [
          [
            [
              105.92192106584673,
              12.72534521948829
            ],
            [
              102.30713771286139,
              12.003737210986184
            ],
            [
              103.3861775197227,
              8.102333165019198
            ],
            [
              105.92866506463962,
              8.102333165019198
            ],
            [
              105.92192106584673,
              12.72534521948829
            ]
          ]
        ]
      }
    },
    {
      "type": "Feature",
      "properties": {
        "type": "reference_swath",
        "source": "swath_jpss.geojson",
        "source_index": 9,
        "satellite": "JPSS-1",
        "satellite_name": "JPSS-1 (NOAA-20)",
        "sensor": "VIIRS",
        "sensor_name": "Visible Infrared Imaging Radiometer Suite",
        "product": "FLOOD",
        "datetime": "2026-06-20T05:57:05.5Z",
        "filename": null,
        "station_inside": false,
        "station_buffer_intersects": true,
        "bounds": [
          95.927315,
          16.498613,
          103.581753,
          18.103685
        ],
        "planning_note": "reference swath sample; not time-matched to the generated TLE planning window"
      },
      "geometry": {
        "type": "Polygon",
        "coordinates": [
          [
            [
              95.92731485479396,
              18.10368528285678
            ],
            [
              96.13975081676978,
              16.498613263945558
            ],
            [
              103.5817534847163,
              18.096941282777323
            ],
            [
              103.5817534847163,
              18.10368528285678
            ],
            [
              95.92731485479396,
              18.10368528285678
            ]
          ]
        ]
      }
    },
    {
      "type": "Feature",
      "properties": {
        "type": "reference_swath",
        "source": "swath_jpss.geojson",
        "source_index": 10,
        "satellite": "JPSS-1",
        "satellite_name": "JPSS-1 (NOAA-20)",
        "sensor": "VIIRS",
        "sensor_name": "Visible Infrared Imaging Radiometer Suite",
        "product": "FLOOD",
        "datetime": "2026-06-20T05:55:40Z",
        "filename": null,
        "station_inside": true,
        "station_buffer_intersects": true,
        "bounds": [
          96.129635,
          11.666537,
          105.928665,
          18.103685
        ],
        "planning_note": "reference swath sample; not time-matched to the generated TLE planning window"
      },
      "geometry": {
        "type": "Polygon",
        "coordinates": [
          [
            [
              105.92866506463962,
              18.10368528285678
            ],
            [
              96.12963481858046,
              16.572797264819606
            ],
            [
              97.63354654939339,
              11.666537207013238
            ],
            [
              105.92866506463962,
              13.305329226321756
            ],
            [
              105.92866506463962,
              18.10368528285678
            ]
          ]
        ]
      }
    },
    {
      "type": "Feature",
      "properties": {
        "type": "reference_swath",
        "source": "swath_jpss.geojson",
        "source_index": 11,
        "satellite": "JPSS-1",
        "satellite_name": "JPSS-1 (NOAA-20)",
        "sensor": "VIIRS",
        "sensor_name": "Visible Infrared Imaging Radiometer Suite",
        "product": "FLOOD",
        "datetime": "2026-06-20T05:54:14Z",
        "filename": null,
        "station_inside": false,
        "station_buffer_intersects": true,
        "bounds": [
          97.626803,
          8.102333,
          105.928665,
          13.318817
        ],
        "planning_note": "reference swath sample; not time-matched to the generated TLE planning window"
      },
      "geometry": {
        "type": "Polygon",
        "coordinates": [
          [
            [
              105.92529306524318,
              13.318817226480675
            ],
            [
              97.6268025506005,
              11.744093207927015
            ],
            [
              98.63503037013653,
              8.105705165058929
            ],
            [
              105.92866506463962,
              8.102333165019198
            ],
            [
              105.92529306524318,
              13.318817226480675
            ]
          ]
        ]
      }
    },
    {
      "type": "Feature",
      "properties": {
        "type": "reference_swath",
        "source": "swath_jpss.geojson",
        "source_index": 12,
        "satellite": "JPSS-1",
        "satellite_name": "JPSS-1 (NOAA-20)",
        "sensor": "VIIRS",
        "sensor_name": "Visible Infrared Imaging Radiometer Suite",
        "product": "FLOOD",
        "datetime": "2026-06-19T06:16:00.5Z",
        "filename": null,
        "station_inside": false,
        "station_buffer_intersects": true,
        "bounds": [
          95.927315,
          17.237081,
          100.317658,
          18.103685
        ],
        "planning_note": "reference swath sample; not time-matched to the generated TLE planning window"
      },
      "geometry": {
        "type": "Polygon",
        "coordinates": [
          [
            [
              100.31765806896087,
              18.10368528285678
            ],
            [
              95.92731485479396,
              17.237081272646307
            ],
            [
              100.31765806896087,
              18.096941282777323
            ],
            [
              100.31765806896087,
              18.10368528285678
            ]
          ]
        ]
      }
    },
    {
      "type": "Feature",
      "properties": {
        "type": "reference_swath",
        "source": "swath_jpss.geojson",
        "source_index": 13,
        "satellite": "JPSS-1",
        "satellite_name": "JPSS-1 (NOAA-20)",
        "sensor": "VIIRS",
        "sensor_name": "Visible Infrared Imaging Radiometer Suite",
        "product": "FLOOD",
        "datetime": "2026-06-19T06:14:35Z",
        "filename": null,
        "station_inside": true,
        "station_buffer_intersects": true,
        "bounds": [
          95.927315,
          12.027341,
          105.928665,
          18.103685
        ],
        "planning_note": "reference swath sample; not time-matched to the generated TLE planning window"
      },
      "geometry": {
        "type": "Polygon",
        "coordinates": [
          [
            [
              105.92866506463962,
              18.10368528285678
            ],
            [
              95.92731485479396,
              17.267429273003874
            ],
            [
              95.92731485479396,
              12.027341211264291
            ],
            [
              105.92866506463962,
              13.814501232320906
            ],
            [
              105.92866506463962,
              18.10368528285678
            ]
          ]
        ]
      }
    },
    {
      "type": "Feature",
      "properties": {
        "type": "reference_swath",
        "source": "swath_jpss.geojson",
        "source_index": 14,
        "satellite": "JPSS-1",
        "satellite_name": "JPSS-1 (NOAA-20)",
        "sensor": "VIIRS",
        "sensor_name": "Visible Infrared Imaging Radiometer Suite",
        "product": "FLOOD",
        "datetime": "2026-06-19T06:13:10Z",
        "filename": null,
        "station_inside": false,
        "station_buffer_intersects": true,
        "bounds": [
          95.927315,
          8.102333,
          105.928665,
          13.817873
        ],
        "planning_note": "reference swath sample; not time-matched to the generated TLE planning window"
      },
      "geometry": {
        "type": "Polygon",
        "coordinates": [
          [
            [
              105.9185490664503,
              13.817873232360636
            ],
            [
              95.92731485479396,
              12.071177211780775
            ],
            [
              95.92731485479396,
              8.102333165019198
            ],
            [
              105.92866506463962,
              8.702549172091043
            ],
            [
              105.9185490664503,
              13.817873232360636
            ]
          ]
        ]
      }
    },
    {
      "type": "Feature",
      "properties": {
        "type": "reference_swath",
        "source": "swath_jpss.geojson",
        "source_index": 15,
        "satellite": "JPSS-1",
        "satellite_name": "JPSS-1 (NOAA-20)",
        "sensor": "VIIRS",
        "sensor_name": "Visible Infrared Imaging Radiometer Suite",
        "product": "FLOOD",
        "datetime": "2026-06-19T06:11:45Z",
        "filename": null,
        "station_inside": false,
        "station_buffer_intersects": true,
        "bounds": [
          102.179002,
          8.102333,
          105.928665,
          8.260817
        ],
        "planning_note": "reference swath sample; not time-matched to the generated TLE planning window"
      },
      "geometry": {
        "type": "Polygon",
        "coordinates": [
          [
            [
              105.92866506463962,
              8.102333165019198
            ],
            [
              103.08269757404295,
              8.260817166886483
            ],
            [
              102.17900173579662,
              8.102333165019198
            ],
            [
              105.92866506463962,
              8.102333165019198
            ]
          ]
        ]
      }
    },
    {
      "type": "Feature",
      "properties": {
        "type": "reference_swath",
        "source": "swath_jpss.geojson",
        "source_index": 16,
        "satellite": "JPSS-1",
        "satellite_name": "JPSS-1 (NOAA-20)",
        "sensor": "VIIRS",
        "sensor_name": "Visible Infrared Imaging Radiometer Suite",
        "product": "FLOOD",
        "datetime": "2026-06-18T06:33:31Z",
        "filename": null,
        "station_inside": false,
        "station_buffer_intersects": true,
        "bounds": [
          95.927315,
          12.762437,
          105.928665,
          18.103685
        ],
        "planning_note": "reference swath sample; not time-matched to the generated TLE planning window"
      },
      "geometry": {
        "type": "Polygon",
        "coordinates": [
          [
            [
              105.92866506463962,
              18.10368528285678
            ],
            [
              95.92731485479396,
              17.901365280473012
            ],
            [
              95.92731485479396,
              12.762437219925314
            ],
            [
              105.92866506463962,
              14.327045238359783
            ],
            [
              105.92866506463962,
              18.10368528285678
            ]
          ]
        ]
      }
    },
    {
      "type": "Feature",
      "properties": {
        "type": "reference_swath",
        "source": "swath_jpss.geojson",
        "source_index": 17,
        "satellite": "JPSS-1",
        "satellite_name": "JPSS-1 (NOAA-20)",
        "sensor": "VIIRS",
        "sensor_name": "Visible Infrared Imaging Radiometer Suite",
        "product": "FLOOD",
        "datetime": "2026-06-18T06:32:06Z",
        "filename": null,
        "station_inside": true,
        "station_buffer_intersects": true,
        "bounds": [
          95.927315,
          8.102333,
          105.928665,
          14.347277
        ],
        "planning_note": "reference swath sample; not time-matched to the generated TLE planning window"
      },
      "geometry": {
        "type": "Polygon",
        "coordinates": [
          [
            [
              105.9185490664503,
              14.34727723859816
            ],
            [
              95.9306868541904,
              12.78266922016369
            ],
            [
              95.92731485479396,
              8.102333165019198
            ],
            [
              105.92866506463962,
              9.137537177216144
            ],
            [
              105.9185490664503,
              14.34727723859816
            ]
          ]
        ]
      }
    },
    {
      "type": "Feature",
      "properties": {
        "type": "reference_swath",
        "source": "swath_jpss.geojson",
        "source_index": 18,
        "satellite": "JPSS-1",
        "satellite_name": "JPSS-1 (NOAA-20)",
        "sensor": "VIIRS",
        "sensor_name": "Visible Infrared Imaging Radiometer Suite",
        "product": "FLOOD",
        "datetime": "2026-06-18T06:30:40.5Z",
        "filename": null,
        "station_inside": false,
        "station_buffer_intersects": true,
        "bounds": [
          99.100366,
          8.102333,
          105.928665,
          9.151025
        ],
        "planning_note": "reference swath sample; not time-matched to the generated TLE planning window"
      },
      "geometry": {
        "type": "Polygon",
        "coordinates": [
          [
            [
              105.91517706705386,
              9.151025177375061
            ],
            [
              101.91598578287417,
              8.547437170263487
            ],
            [
              99.10036628684547,
              8.102333165019198
            ],
            [
              105.92866506463962,
              8.102333165019198
            ],
            [
              105.91517706705386,
              9.151025177375061
            ]
          ]
        ]
      }
    },
    {
      "type": "Feature",
      "properties": {
        "type": "reference_swath",
        "source": "swath_jpss.geojson",
        "source_index": 19,
        "satellite": "JPSS-1",
        "satellite_name": "JPSS-1 (NOAA-20)",
        "sensor": "VIIRS",
        "sensor_name": "Visible Infrared Imaging Radiometer Suite",
        "product": "FLOOD",
        "datetime": "2026-06-17T06:52:26Z",
        "filename": null,
        "station_inside": false,
        "station_buffer_intersects": true,
        "bounds": [
          95.927315,
          13.288469,
          105.928665,
          18.103685
        ],
        "planning_note": "reference swath sample; not time-matched to the generated TLE planning window"
      },
      "geometry": {
        "type": "Polygon",
        "coordinates": [
          [
            [
              95.92731485479396,
              18.10368528285678
            ],
            [
              95.92731485479396,
              13.288469226123109
            ],
            [
              105.92866506463962,
              14.647385242134083
            ],
            [
              105.92866506463962,
              18.10368528285678
            ],
            [
              95.92731485479396,
              18.10368528285678
            ]
          ]
        ]
      }
    },
    {
      "type": "Feature",
      "properties": {
        "type": "aoi",
        "source": "aoi_demo.geojson",
        "feature_count": 1
      },
      "geometry": {
        "type": "Polygon",
        "coordinates": [
          [
            [
              99.5,
              12.2
            ],
            [
              102.4,
              12.2
            ],
            [
              102.4,
              14.0
            ],
            [
              99.5,
              14.0
            ],
            [
              99.5,
              12.2
            ]
          ]
        ]
      }
    },
    {
      "type": "Feature",
      "properties": {
        "satellite": "NOAA 20 (JPSS-1)",
        "direction": "descending",
        "planning_method": "topocentric_elevation_access",
        "min_elevation_deg": 5.0,
        "tle_epoch_utc": "2026-08-09T20:27:58Z",
        "tle_age_hours": 21.04,
        "tle_quality": "good",
        "aos_utc": "2026-08-10T17:30:25Z",
        "los_utc": "2026-08-10T17:37:32Z",
        "tca_utc": "2026-08-10T17:34:00Z",
        "max_elevation_utc": "2026-08-10T17:34:00Z",
        "duration_minutes": 7.11,
        "min_distance_km": 2170.59,
        "max_elevation_deg": 9.79,
        "tca_azimuth_deg": 99.1,
        "tca_elevation_deg": 9.79,
        "tca_slant_range_km": 2442.05,
        "closest_lon": 120.445889,
        "closest_lat": 9.260164,
        "aos_lon": 123.43875,
        "aos_lat": 21.793068,
        "aos_azimuth_deg": 64.66,
        "los_lon": 117.633551,
        "los_lat": -3.135324,
        "los_azimuth_deg": 133.11,
        "confidence": "medium",
        "aoi_covered": false,
        "aoi_points_inside": 0,
        "reference_swath_file": "swath_jpss.geojson",
        "reference_swath_source_count": 20,
        "reference_swath_station_inside_count": 5,
        "reference_swath_buffer_intersects_count": 20,
        "reference_swath_satellites": "JPSS-1 (NOAA-20)",
        "reference_swath_sensors": "VIIRS",
        "reference_swath_time_min": "2026-06-17T06:52:26Z",
        "reference_swath_time_max": "2026-06-22T06:58:49.5Z",
        "reference_swath_note": "sample footprint only; not time-matched to this planning pass",
        "type": "visible_track"
      },
      "geometry": {
        "type": "LineString",
        "coordinates": [
          [
            123.43875000917842,
            21.793067542278518
          ],
          [
            123.37154006303194,
            21.52693606797999
          ],
          [
            122.93691999515659,
            19.775482349495658
          ],
          [
            122.50905370166981,
            18.023617722301413
          ],
          [
            122.08717562860227,
            16.271404023736938
          ],
          [
            121.67057205353547,
            14.518899003695745
          ],
          [
            121.25857279201477,
            12.766156891432294
          ],
          [
            120.85054538333179,
            11.013228898871889
          ],
          [
            120.44588909725854,
            9.26016367143632
          ],
          [
            120.04402965043857,
            7.507007695758211
          ],
          [
            119.64441437030672,
            5.75380567231522
          ],
          [
            119.2465077089987,
            4.000600860066287
          ],
          [
            118.84978703597028,
            2.247435399249199
          ],
          [
            118.45373863591328,
            0.49435061801423325
          ],
          [
            118.05785384737965,
            -1.2586126719719486
          ],
          [
            117.66162528083947,
            -3.011413886099227
          ],
          [
            117.63355134457868,
            -3.1353235839505533
          ]
        ]
      }
    },
    {
      "type": "Feature",
      "properties": {
        "satellite": "NOAA 20 (JPSS-1)",
        "direction": "descending",
        "planning_method": "topocentric_elevation_access",
        "min_elevation_deg": 5.0,
        "tle_epoch_utc": "2026-08-09T20:27:58Z",
        "tle_age_hours": 21.04,
        "tle_quality": "good",
        "aos_utc": "2026-08-10T17:30:25Z",
        "los_utc": "2026-08-10T17:37:32Z",
        "tca_utc": "2026-08-10T17:34:00Z",
        "max_elevation_utc": "2026-08-10T17:34:00Z",
        "duration_minutes": 7.11,
        "min_distance_km": 2170.59,
        "max_elevation_deg": 9.79,
        "tca_azimuth_deg": 99.1,
        "tca_elevation_deg": 9.79,
        "tca_slant_range_km": 2442.05,
        "closest_lon": 120.445889,
        "closest_lat": 9.260164,
        "aos_lon": 123.43875,
        "aos_lat": 21.793068,
        "aos_azimuth_deg": 64.66,
        "los_lon": 117.633551,
        "los_lat": -3.135324,
        "los_azimuth_deg": 133.11,
        "confidence": "medium",
        "aoi_covered": false,
        "aoi_points_inside": 0,
        "reference_swath_file": "swath_jpss.geojson",
        "reference_swath_source_count": 20,
        "reference_swath_station_inside_count": 5,
        "reference_swath_buffer_intersects_count": 20,
        "reference_swath_satellites": "JPSS-1 (NOAA-20)",
        "reference_swath_sensors": "VIIRS",
        "reference_swath_time_min": "2026-06-17T06:52:26Z",
        "reference_swath_time_max": "2026-06-22T06:58:49.5Z",
        "reference_swath_note": "sample footprint only; not time-matched to this planning pass",
        "type": "aos",
        "color": "cyan"
      },
      "geometry": {
        "type": "Point",
        "coordinates": [
          123.43875000917842,
          21.793067542278518
        ]
      }
    },
    {
      "type": "Feature",
      "properties": {
        "satellite": "NOAA 20 (JPSS-1)",
        "direction": "descending",
        "planning_method": "topocentric_elevation_access",
        "min_elevation_deg": 5.0,
        "tle_epoch_utc": "2026-08-09T20:27:58Z",
        "tle_age_hours": 21.04,
        "tle_quality": "good",
        "aos_utc": "2026-08-10T17:30:25Z",
        "los_utc": "2026-08-10T17:37:32Z",
        "tca_utc": "2026-08-10T17:34:00Z",
        "max_elevation_utc": "2026-08-10T17:34:00Z",
        "duration_minutes": 7.11,
        "min_distance_km": 2170.59,
        "max_elevation_deg": 9.79,
        "tca_azimuth_deg": 99.1,
        "tca_elevation_deg": 9.79,
        "tca_slant_range_km": 2442.05,
        "closest_lon": 120.445889,
        "closest_lat": 9.260164,
        "aos_lon": 123.43875,
        "aos_lat": 21.793068,
        "aos_azimuth_deg": 64.66,
        "los_lon": 117.633551,
        "los_lat": -3.135324,
        "los_azimuth_deg": 133.11,
        "confidence": "medium",
        "aoi_covered": false,
        "aoi_points_inside": 0,
        "reference_swath_file": "swath_jpss.geojson",
        "reference_swath_source_count": 20,
        "reference_swath_station_inside_count": 5,
        "reference_swath_buffer_intersects_count": 20,
        "reference_swath_satellites": "JPSS-1 (NOAA-20)",
        "reference_swath_sensors": "VIIRS",
        "reference_swath_time_min": "2026-06-17T06:52:26Z",
        "reference_swath_time_max": "2026-06-22T06:58:49.5Z",
        "reference_swath_note": "sample footprint only; not time-matched to this planning pass",
        "type": "tca",
        "color": "yellow"
      },
      "geometry": {
        "type": "Point",
        "coordinates": [
          120.44588909725854,
          9.26016367143632
        ]
      }
    },
    {
      "type": "Feature",
      "properties": {
        "satellite": "NOAA 20 (JPSS-1)",
        "direction": "descending",
        "planning_method": "topocentric_elevation_access",
        "min_elevation_deg": 5.0,
        "tle_epoch_utc": "2026-08-09T20:27:58Z",
        "tle_age_hours": 21.04,
        "tle_quality": "good",
        "aos_utc": "2026-08-10T17:30:25Z",
        "los_utc": "2026-08-10T17:37:32Z",
        "tca_utc": "2026-08-10T17:34:00Z",
        "max_elevation_utc": "2026-08-10T17:34:00Z",
        "duration_minutes": 7.11,
        "min_distance_km": 2170.59,
        "max_elevation_deg": 9.79,
        "tca_azimuth_deg": 99.1,
        "tca_elevation_deg": 9.79,
        "tca_slant_range_km": 2442.05,
        "closest_lon": 120.445889,
        "closest_lat": 9.260164,
        "aos_lon": 123.43875,
        "aos_lat": 21.793068,
        "aos_azimuth_deg": 64.66,
        "los_lon": 117.633551,
        "los_lat": -3.135324,
        "los_azimuth_deg": 133.11,
        "confidence": "medium",
        "aoi_covered": false,
        "aoi_points_inside": 0,
        "reference_swath_file": "swath_jpss.geojson",
        "reference_swath_source_count": 20,
        "reference_swath_station_inside_count": 5,
        "reference_swath_buffer_intersects_count": 20,
        "reference_swath_satellites": "JPSS-1 (NOAA-20)",
        "reference_swath_sensors": "VIIRS",
        "reference_swath_time_min": "2026-06-17T06:52:26Z",
        "reference_swath_time_max": "2026-06-22T06:58:49.5Z",
        "reference_swath_note": "sample footprint only; not time-matched to this planning pass",
        "type": "los",
        "color": "green"
      },
      "geometry": {
        "type": "Point",
        "coordinates": [
          117.63355134457868,
          -3.1353235839505533
        ]
      }
    },
    {
      "type": "Feature",
      "properties": {
        "satellite": "NOAA 21 (JPSS-2)",
        "direction": "descending",
        "planning_method": "topocentric_elevation_access",
        "min_elevation_deg": 5.0,
        "tle_epoch_utc": "2026-08-09T19:32:23Z",
        "tle_age_hours": 22.68,
        "tle_quality": "good",
        "aos_utc": "2026-08-10T18:13:06Z",
        "los_utc": "2026-08-10T18:25:23Z",
        "tca_utc": "2026-08-10T18:19:00Z",
        "max_elevation_utc": "2026-08-10T18:19:30Z",
        "duration_minutes": 12.28,
        "min_distance_km": 832.87,
        "max_elevation_deg": 39.32,
        "tca_azimuth_deg": 94.09,
        "tca_elevation_deg": 39.3,
        "tca_slant_range_km": 1213.1,
        "closest_lon": 108.57312,
        "closest_lat": 12.38198,
        "aos_lon": 113.829126,
        "aos_lat": 32.99681,
        "aos_azimuth_deg": 28.41,
        "los_lon": 103.497246,
        "los_lat": -10.013852,
        "los_azimuth_deg": 173.54,
        "confidence": "medium",
        "aoi_covered": false,
        "aoi_points_inside": 0,
        "reference_swath_file": "swath_jpss.geojson",
        "reference_swath_source_count": 20,
        "reference_swath_station_inside_count": 5,
        "reference_swath_buffer_intersects_count": 20,
        "reference_swath_satellites": "JPSS-1 (NOAA-20)",
        "reference_swath_sensors": "VIIRS",
        "reference_swath_time_min": "2026-06-17T06:52:26Z",
        "reference_swath_time_max": "2026-06-22T06:58:49.5Z",
        "reference_swath_note": "sample footprint only; not time-matched to this planning pass",
        "type": "visible_track"
      },
      "geometry": {
        "type": "LineString",
        "coordinates": [
          [
            113.82912636286898,
            32.996810058443096
          ],
          [
            113.43806755491642,
            31.6395662250355
          ],
          [
            112.94877971754204,
            29.89191606462317
          ],
          [
            112.47207463389418,
            28.143405965979692
          ],
          [
            112.00669481342891,
            26.39413548568238
          ],
          [
            111.55150154447637,
            24.64419485872262
          ],
          [
            111.10545866903834,
            22.893666270572993
          ],
          [
            110.66761868307913,
            21.142624944069894
          ],
          [
            110.23711058967444,
            19.391140073491844
          ],
          [
            109.8131301862494,
            17.639275632191016
          ],
          [
            109.3949299950844,
            15.887091075330781
          ],
          [
            108.98181197656737,
            14.134641955553583
          ],
          [
            108.57312031829616,
            12.381980466315238
          ],
          [
            108.1682351536225,
            10.629155925274
          ],
          [
            107.76656690713372,
            8.876215208170297
          ],
          [
            107.36755116157457,
            7.123203142105479
          ],
          [
            106.97064393964979,
            5.370162865930336
          ],
          [
            106.57531732247821,
            3.617136164428758
          ],
          [
            106.1810553260774,
            1.8641637823229533
          ],
          [
            105.78734996761125,
            0.11128572347627885
          ],
          [
            105.39369745781522,
            -1.6414584596736614
          ],
          [
            104.99959445938674,
            -3.3940293817345544
          ],
          [
            104.60453435288372,
            -5.14638754044794
          ],
          [
            104.2080034523616,
            -6.8984930286140616
          ],
          [
            103.809477108355,
            -8.650305237253798
          ],
          [
            103.49724588656721,
            -10.013851592488653
          ]
        ]
      }
    },
    {
      "type": "Feature",
      "properties": {
        "satellite": "NOAA 21 (JPSS-2)",
        "direction": "descending",
        "planning_method": "topocentric_elevation_access",
        "min_elevation_deg": 5.0,
        "tle_epoch_utc": "2026-08-09T19:32:23Z",
        "tle_age_hours": 22.68,
        "tle_quality": "good",
        "aos_utc": "2026-08-10T18:13:06Z",
        "los_utc": "2026-08-10T18:25:23Z",
        "tca_utc": "2026-08-10T18:19:00Z",
        "max_elevation_utc": "2026-08-10T18:19:30Z",
        "duration_minutes": 12.28,
        "min_distance_km": 832.87,
        "max_elevation_deg": 39.32,
        "tca_azimuth_deg": 94.09,
        "tca_elevation_deg": 39.3,
        "tca_slant_range_km": 1213.1,
        "closest_lon": 108.57312,
        "closest_lat": 12.38198,
        "aos_lon": 113.829126,
        "aos_lat": 32.99681,
        "aos_azimuth_deg": 28.41,
        "los_lon": 103.497246,
        "los_lat": -10.013852,
        "los_azimuth_deg": 173.54,
        "confidence": "medium",
        "aoi_covered": false,
        "aoi_points_inside": 0,
        "reference_swath_file": "swath_jpss.geojson",
        "reference_swath_source_count": 20,
        "reference_swath_station_inside_count": 5,
        "reference_swath_buffer_intersects_count": 20,
        "reference_swath_satellites": "JPSS-1 (NOAA-20)",
        "reference_swath_sensors": "VIIRS",
        "reference_swath_time_min": "2026-06-17T06:52:26Z",
        "reference_swath_time_max": "2026-06-22T06:58:49.5Z",
        "reference_swath_note": "sample footprint only; not time-matched to this planning pass",
        "type": "aos",
        "color": "cyan"
      },
      "geometry": {
        "type": "Point",
        "coordinates": [
          113.82912636286898,
          32.996810058443096
        ]
      }
    },
    {
      "type": "Feature",
      "properties": {
        "satellite": "NOAA 21 (JPSS-2)",
        "direction": "descending",
        "planning_method": "topocentric_elevation_access",
        "min_elevation_deg": 5.0,
        "tle_epoch_utc": "2026-08-09T19:32:23Z",
        "tle_age_hours": 22.68,
        "tle_quality": "good",
        "aos_utc": "2026-08-10T18:13:06Z",
        "los_utc": "2026-08-10T18:25:23Z",
        "tca_utc": "2026-08-10T18:19:00Z",
        "max_elevation_utc": "2026-08-10T18:19:30Z",
        "duration_minutes": 12.28,
        "min_distance_km": 832.87,
        "max_elevation_deg": 39.32,
        "tca_azimuth_deg": 94.09,
        "tca_elevation_deg": 39.3,
        "tca_slant_range_km": 1213.1,
        "closest_lon": 108.57312,
        "closest_lat": 12.38198,
        "aos_lon": 113.829126,
        "aos_lat": 32.99681,
        "aos_azimuth_deg": 28.41,
        "los_lon": 103.497246,
        "los_lat": -10.013852,
        "los_azimuth_deg": 173.54,
        "confidence": "medium",
        "aoi_covered": false,
        "aoi_points_inside": 0,
        "reference_swath_file": "swath_jpss.geojson",
        "reference_swath_source_count": 20,
        "reference_swath_station_inside_count": 5,
        "reference_swath_buffer_intersects_count": 20,
        "reference_swath_satellites": "JPSS-1 (NOAA-20)",
        "reference_swath_sensors": "VIIRS",
        "reference_swath_time_min": "2026-06-17T06:52:26Z",
        "reference_swath_time_max": "2026-06-22T06:58:49.5Z",
        "reference_swath_note": "sample footprint only; not time-matched to this planning pass",
        "type": "tca",
        "color": "yellow"
      },
      "geometry": {
        "type": "Point",
        "coordinates": [
          108.57312031829616,
          12.381980466315238
        ]
      }
    },
    {
      "type": "Feature",
      "properties": {
        "satellite": "NOAA 21 (JPSS-2)",
        "direction": "descending",
        "planning_method": "topocentric_elevation_access",
        "min_elevation_deg": 5.0,
        "tle_epoch_utc": "2026-08-09T19:32:23Z",
        "tle_age_hours": 22.68,
        "tle_quality": "good",
        "aos_utc": "2026-08-10T18:13:06Z",
        "los_utc": "2026-08-10T18:25:23Z",
        "tca_utc": "2026-08-10T18:19:00Z",
        "max_elevation_utc": "2026-08-10T18:19:30Z",
        "duration_minutes": 12.28,
        "min_distance_km": 832.87,
        "max_elevation_deg": 39.32,
        "tca_azimuth_deg": 94.09,
        "tca_elevation_deg": 39.3,
        "tca_slant_range_km": 1213.1,
        "closest_lon": 108.57312,
        "closest_lat": 12.38198,
        "aos_lon": 113.829126,
        "aos_lat": 32.99681,
        "aos_azimuth_deg": 28.41,
        "los_lon": 103.497246,
        "los_lat": -10.013852,
        "los_azimuth_deg": 173.54,
        "confidence": "medium",
        "aoi_covered": false,
        "aoi_points_inside": 0,
        "reference_swath_file": "swath_jpss.geojson",
        "reference_swath_source_count": 20,
        "reference_swath_station_inside_count": 5,
        "reference_swath_buffer_intersects_count": 20,
        "reference_swath_satellites": "JPSS-1 (NOAA-20)",
        "reference_swath_sensors": "VIIRS",
        "reference_swath_time_min": "2026-06-17T06:52:26Z",
        "reference_swath_time_max": "2026-06-22T06:58:49.5Z",
        "reference_swath_note": "sample footprint only; not time-matched to this planning pass",
        "type": "los",
        "color": "green"
      },
      "geometry": {
        "type": "Point",
        "coordinates": [
          103.49724588656721,
          -10.013851592488653
        ]
      }
    },
    {
      "type": "Feature",
      "properties": {
        "satellite": "SUOMI NPP",
        "direction": "descending",
        "planning_method": "topocentric_elevation_access",
        "min_elevation_deg": 5.0,
        "tle_epoch_utc": "2026-08-09T20:08:34Z",
        "tle_age_hours": 22.67,
        "tle_quality": "good",
        "aos_utc": "2026-08-10T18:48:40Z",
        "los_utc": "2026-08-10T19:01:32Z",
        "tca_utc": "2026-08-10T18:55:00Z",
        "max_elevation_utc": "2026-08-10T18:55:00Z",
        "duration_minutes": 12.86,
        "min_distance_km": 153.49,
        "max_elevation_deg": 78.1,
        "tca_azimuth_deg": 86.2,
        "tca_elevation_deg": 78.1,
        "tca_slant_range_km": 843.81,
        "closest_lon": 102.346252,
        "closest_lat": 13.114105,
        "aos_lon": 108.147259,
        "aos_lat": 35.259079,
        "aos_azimuth_deg": 15.11,
        "los_lon": 97.111722,
        "los_lat": -9.803715,
        "los_azimuth_deg": 189.61,
        "confidence": "medium",
        "aoi_covered": true,
        "aoi_points_inside": 1,
        "reference_swath_file": "swath_jpss.geojson",
        "reference_swath_source_count": 20,
        "reference_swath_station_inside_count": 5,
        "reference_swath_buffer_intersects_count": 20,
        "reference_swath_satellites": "JPSS-1 (NOAA-20)",
        "reference_swath_sensors": "VIIRS",
        "reference_swath_time_min": "2026-06-17T06:52:26Z",
        "reference_swath_time_max": "2026-06-22T06:58:49.5Z",
        "reference_swath_note": "sample footprint only; not time-matched to this planning pass",
        "type": "visible_track"
      },
      "geometry": {
        "type": "LineString",
        "coordinates": [
          [
            108.14725892886474,
            35.259078530930545
          ],
          [
            107.80104045216683,
            34.11927907573682
          ],
          [
            107.28736034762142,
            32.372952152734285
          ],
          [
            106.78844147447603,
            30.62555528280638
          ],
          [
            106.30280934267921,
            28.87720700136855
          ],
          [
            105.82913748871846,
            27.12801410558581
          ],
          [
            105.36622756439266,
            25.378073292364473
          ],
          [
            104.91299082920102,
            23.627472546671413
          ],
          [
            104.4684338631107,
            21.876292324826228
          ],
          [
            104.03164553653085,
            20.124606568950362
          ],
          [
            103.60178588652593,
            18.37248358174884
          ],
          [
            103.17807643659478,
            16.61998678560198
          ],
          [
            102.75979171756808,
            14.867175385573963
          ],
          [
            102.34625178517234,
            13.11410495264937
          ],
          [
            101.9368155725657,
            11.360827940732834
          ],
          [
            101.53087492629902,
            9.607394148903413
          ],
          [
            101.1278492115971,
            7.853851138551486
          ],
          [
            100.7271803799996,
            6.1002446137969315
          ],
          [
            100.32832840906218,
            4.346618772419614
          ],
          [
            99.9307670338701,
            2.593016633686745
          ],
          [
            99.53397969820196,
            0.8394803488519256
          ],
          [
            99.13745565915275,
            -0.9139485004114416
          ],
          [
            98.74068618360951,
            -2.6672286107323164
          ],
          [
            98.34316077416457,
            -4.420318668121033
          ],
          [
            97.94436337265313,
            -6.173177056811259
          ],
          [
            97.54376847252394,
            -7.925761561052597
          ],
          [
            97.14083708523464,
            -9.678029055017053
          ],
          [
            97.11172223602802,
            -9.803715034286293
          ]
        ]
      }
    },
    {
      "type": "Feature",
      "properties": {
        "satellite": "SUOMI NPP",
        "direction": "descending",
        "planning_method": "topocentric_elevation_access",
        "min_elevation_deg": 5.0,
        "tle_epoch_utc": "2026-08-09T20:08:34Z",
        "tle_age_hours": 22.67,
        "tle_quality": "good",
        "aos_utc": "2026-08-10T18:48:40Z",
        "los_utc": "2026-08-10T19:01:32Z",
        "tca_utc": "2026-08-10T18:55:00Z",
        "max_elevation_utc": "2026-08-10T18:55:00Z",
        "duration_minutes": 12.86,
        "min_distance_km": 153.49,
        "max_elevation_deg": 78.1,
        "tca_azimuth_deg": 86.2,
        "tca_elevation_deg": 78.1,
        "tca_slant_range_km": 843.81,
        "closest_lon": 102.346252,
        "closest_lat": 13.114105,
        "aos_lon": 108.147259,
        "aos_lat": 35.259079,
        "aos_azimuth_deg": 15.11,
        "los_lon": 97.111722,
        "los_lat": -9.803715,
        "los_azimuth_deg": 189.61,
        "confidence": "medium",
        "aoi_covered": true,
        "aoi_points_inside": 1,
        "reference_swath_file": "swath_jpss.geojson",
        "reference_swath_source_count": 20,
        "reference_swath_station_inside_count": 5,
        "reference_swath_buffer_intersects_count": 20,
        "reference_swath_satellites": "JPSS-1 (NOAA-20)",
        "reference_swath_sensors": "VIIRS",
        "reference_swath_time_min": "2026-06-17T06:52:26Z",
        "reference_swath_time_max": "2026-06-22T06:58:49.5Z",
        "reference_swath_note": "sample footprint only; not time-matched to this planning pass",
        "type": "aos",
        "color": "cyan"
      },
      "geometry": {
        "type": "Point",
        "coordinates": [
          108.14725892886474,
          35.259078530930545
        ]
      }
    },
    {
      "type": "Feature",
      "properties": {
        "satellite": "SUOMI NPP",
        "direction": "descending",
        "planning_method": "topocentric_elevation_access",
        "min_elevation_deg": 5.0,
        "tle_epoch_utc": "2026-08-09T20:08:34Z",
        "tle_age_hours": 22.67,
        "tle_quality": "good",
        "aos_utc": "2026-08-10T18:48:40Z",
        "los_utc": "2026-08-10T19:01:32Z",
        "tca_utc": "2026-08-10T18:55:00Z",
        "max_elevation_utc": "2026-08-10T18:55:00Z",
        "duration_minutes": 12.86,
        "min_distance_km": 153.49,
        "max_elevation_deg": 78.1,
        "tca_azimuth_deg": 86.2,
        "tca_elevation_deg": 78.1,
        "tca_slant_range_km": 843.81,
        "closest_lon": 102.346252,
        "closest_lat": 13.114105,
        "aos_lon": 108.147259,
        "aos_lat": 35.259079,
        "aos_azimuth_deg": 15.11,
        "los_lon": 97.111722,
        "los_lat": -9.803715,
        "los_azimuth_deg": 189.61,
        "confidence": "medium",
        "aoi_covered": true,
        "aoi_points_inside": 1,
        "reference_swath_file": "swath_jpss.geojson",
        "reference_swath_source_count": 20,
        "reference_swath_station_inside_count": 5,
        "reference_swath_buffer_intersects_count": 20,
        "reference_swath_satellites": "JPSS-1 (NOAA-20)",
        "reference_swath_sensors": "VIIRS",
        "reference_swath_time_min": "2026-06-17T06:52:26Z",
        "reference_swath_time_max": "2026-06-22T06:58:49.5Z",
        "reference_swath_note": "sample footprint only; not time-matched to this planning pass",
        "type": "tca",
        "color": "yellow"
      },
      "geometry": {
        "type": "Point",
        "coordinates": [
          102.34625178517234,
          13.11410495264937
        ]
      }
    },
    {
      "type": "Feature",
      "properties": {
        "satellite": "SUOMI NPP",
        "direction": "descending",
        "planning_method": "topocentric_elevation_access",
        "min_elevation_deg": 5.0,
        "tle_epoch_utc": "2026-08-09T20:08:34Z",
        "tle_age_hours": 22.67,
        "tle_quality": "good",
        "aos_utc": "2026-08-10T18:48:40Z",
        "los_utc": "2026-08-10T19:01:32Z",
        "tca_utc": "2026-08-10T18:55:00Z",
        "max_elevation_utc": "2026-08-10T18:55:00Z",
        "duration_minutes": 12.86,
        "min_distance_km": 153.49,
        "max_elevation_deg": 78.1,
        "tca_azimuth_deg": 86.2,
        "tca_elevation_deg": 78.1,
        "tca_slant_range_km": 843.81,
        "closest_lon": 102.346252,
        "closest_lat": 13.114105,
        "aos_lon": 108.147259,
        "aos_lat": 35.259079,
        "aos_azimuth_deg": 15.11,
        "los_lon": 97.111722,
        "los_lat": -9.803715,
        "los_azimuth_deg": 189.61,
        "confidence": "medium",
        "aoi_covered": true,
        "aoi_points_inside": 1,
        "reference_swath_file": "swath_jpss.geojson",
        "reference_swath_source_count": 20,
        "reference_swath_station_inside_count": 5,
        "reference_swath_buffer_intersects_count": 20,
        "reference_swath_satellites": "JPSS-1 (NOAA-20)",
        "reference_swath_sensors": "VIIRS",
        "reference_swath_time_min": "2026-06-17T06:52:26Z",
        "reference_swath_time_max": "2026-06-22T06:58:49.5Z",
        "reference_swath_note": "sample footprint only; not time-matched to this planning pass",
        "type": "los",
        "color": "green"
      },
      "geometry": {
        "type": "Point",
        "coordinates": [
          97.11172223602802,
          -9.803715034286293
        ]
      }
    },
    {
      "type": "Feature",
      "properties": {
        "satellite": "NOAA 20 (JPSS-1)",
        "direction": "descending",
        "planning_method": "topocentric_elevation_access",
        "min_elevation_deg": 5.0,
        "tle_epoch_utc": "2026-08-09T20:27:58Z",
        "tle_age_hours": 22.66,
        "tle_quality": "good",
        "aos_utc": "2026-08-10T19:07:48Z",
        "los_utc": "2026-08-10T19:20:25Z",
        "tca_utc": "2026-08-10T19:14:00Z",
        "max_elevation_utc": "2026-08-10T19:14:00Z",
        "duration_minutes": 12.62,
        "min_distance_km": 524.49,
        "max_elevation_deg": 53.48,
        "tca_azimuth_deg": 288.88,
        "tca_elevation_deg": 53.48,
        "tca_slant_range_km": 1000.61,
        "closest_lon": 96.295794,
        "closest_lat": 14.518002,
        "aos_lon": 102.041619,
        "aos_lat": 36.181538,
        "aos_azimuth_deg": 2.26,
        "los_lon": 91.151497,
        "los_lat": -8.004442,
        "los_azimuth_deg": 205.32,
        "confidence": "medium",
        "aoi_covered": false,
        "aoi_points_inside": 0,
        "reference_swath_file": "swath_jpss.geojson",
        "reference_swath_source_count": 20,
        "reference_swath_station_inside_count": 5,
        "reference_swath_buffer_intersects_count": 20,
        "reference_swath_satellites": "JPSS-1 (NOAA-20)",
        "reference_swath_sensors": "VIIRS",
        "reference_swath_time_min": "2026-06-17T06:52:26Z",
        "reference_swath_time_max": "2026-06-22T06:58:49.5Z",
        "reference_swath_note": "sample footprint only; not time-matched to this planning pass",
        "type": "visible_track"
      },
      "geometry": {
        "type": "LineString",
        "coordinates": [
          [
            102.04161923058263,
            36.18153765559757
          ],
          [
            101.83338563358774,
            35.51347314957253
          ],
          [
            101.30765040440122,
            33.7682897502383
          ],
          [
            100.79794181343385,
            32.02195142497905
          ],
          [
            100.3026532614627,
            30.274586584961973
          ],
          [
            99.8203451082303,
            28.52631042179157
          ],
          [
            99.34972119318604,
            26.777226776868048
          ],
          [
            98.88960895994643,
            25.027429718607216
          ],
          [
            98.43894254337738,
            23.277004880795356
          ],
          [
            97.9967482946193,
            21.526030604664236
          ],
          [
            97.56213232172394,
            19.774578919164863
          ],
          [
            97.13426970125164,
            18.022716387367772
          ],
          [
            96.71239491002888,
            16.270504841911468
          ],
          [
            96.29579425227598,
            14.518002028294323
          ],
          [
            95.8837975669677,
            12.7652621716361
          ],
          [
            95.47577241215492,
            11.012336479960345
          ],
          [
            95.07111807436138,
            9.259273594997623
          ],
          [
            94.66926028525057,
            7.506119999878675
          ],
          [
            94.26964638344344,
            5.752920391758207
          ],
          [
            93.87174083047023,
            3.999718026425818
          ],
          [
            93.47502100307003,
            2.2465550411127317
          ],
          [
            93.07897319121207,
            0.4934727611094435
          ],
          [
            92.68308873679558,
            -1.2594880046374097
          ],
          [
            92.28686025175216,
            -3.0122866740928425
          ],
          [
            91.88977785639702,
            -4.764882604165563
          ],
          [
            91.49132537987589,
            -6.517234799555715
          ],
          [
            91.1514970550731,
            -8.004442335958435
          ]
        ]
      }
    },
    {
      "type": "Feature",
      "properties": {
        "satellite": "NOAA 20 (JPSS-1)",
        "direction": "descending",
        "planning_method": "topocentric_elevation_access",
        "min_elevation_deg": 5.0,
        "tle_epoch_utc": "2026-08-09T20:27:58Z",
        "tle_age_hours": 22.66,
        "tle_quality": "good",
        "aos_utc": "2026-08-10T19:07:48Z",
        "los_utc": "2026-08-10T19:20:25Z",
        "tca_utc": "2026-08-10T19:14:00Z",
        "max_elevation_utc": "2026-08-10T19:14:00Z",
        "duration_minutes": 12.62,
        "min_distance_km": 524.49,
        "max_elevation_deg": 53.48,
        "tca_azimuth_deg": 288.88,
        "tca_elevation_deg": 53.48,
        "tca_slant_range_km": 1000.61,
        "closest_lon": 96.295794,
        "closest_lat": 14.518002,
        "aos_lon": 102.041619,
        "aos_lat": 36.181538,
        "aos_azimuth_deg": 2.26,
        "los_lon": 91.151497,
        "los_lat": -8.004442,
        "los_azimuth_deg": 205.32,
        "confidence": "medium",
        "aoi_covered": false,
        "aoi_points_inside": 0,
        "reference_swath_file": "swath_jpss.geojson",
        "reference_swath_source_count": 20,
        "reference_swath_station_inside_count": 5,
        "reference_swath_buffer_intersects_count": 20,
        "reference_swath_satellites": "JPSS-1 (NOAA-20)",
        "reference_swath_sensors": "VIIRS",
        "reference_swath_time_min": "2026-06-17T06:52:26Z",
        "reference_swath_time_max": "2026-06-22T06:58:49.5Z",
        "reference_swath_note": "sample footprint only; not time-matched to this planning pass",
        "type": "aos",
        "color": "cyan"
      },
      "geometry": {
        "type": "Point",
        "coordinates": [
          102.04161923058263,
          36.18153765559757
        ]
      }
    },
    {
      "type": "Feature",
      "properties": {
        "satellite": "NOAA 20 (JPSS-1)",
        "direction": "descending",
        "planning_method": "topocentric_elevation_access",
        "min_elevation_deg": 5.0,
        "tle_epoch_utc": "2026-08-09T20:27:58Z",
        "tle_age_hours": 22.66,
        "tle_quality": "good",
        "aos_utc": "2026-08-10T19:07:48Z",
        "los_utc": "2026-08-10T19:20:25Z",
        "tca_utc": "2026-08-10T19:14:00Z",
        "max_elevation_utc": "2026-08-10T19:14:00Z",
        "duration_minutes": 12.62,
        "min_distance_km": 524.49,
        "max_elevation_deg": 53.48,
        "tca_azimuth_deg": 288.88,
        "tca_elevation_deg": 53.48,
        "tca_slant_range_km": 1000.61,
        "closest_lon": 96.295794,
        "closest_lat": 14.518002,
        "aos_lon": 102.041619,
        "aos_lat": 36.181538,
        "aos_azimuth_deg": 2.26,
        "los_lon": 91.151497,
        "los_lat": -8.004442,
        "los_azimuth_deg": 205.32,
        "confidence": "medium",
        "aoi_covered": false,
        "aoi_points_inside": 0,
        "reference_swath_file": "swath_jpss.geojson",
        "reference_swath_source_count": 20,
        "reference_swath_station_inside_count": 5,
        "reference_swath_buffer_intersects_count": 20,
        "reference_swath_satellites": "JPSS-1 (NOAA-20)",
        "reference_swath_sensors": "VIIRS",
        "reference_swath_time_min": "2026-06-17T06:52:26Z",
        "reference_swath_time_max": "2026-06-22T06:58:49.5Z",
        "reference_swath_note": "sample footprint only; not time-matched to this planning pass",
        "type": "tca",
        "color": "yellow"
      },
      "geometry": {
        "type": "Point",
        "coordinates": [
          96.29579425227598,
          14.518002028294323
        ]
      }
    },
    {
      "type": "Feature",
      "properties": {
        "satellite": "NOAA 20 (JPSS-1)",
        "direction": "descending",
        "planning_method": "topocentric_elevation_access",
        "min_elevation_deg": 5.0,
        "tle_epoch_utc": "2026-08-09T20:27:58Z",
        "tle_age_hours": 22.66,
        "tle_quality": "good",
        "aos_utc": "2026-08-10T19:07:48Z",
        "los_utc": "2026-08-10T19:20:25Z",
        "tca_utc": "2026-08-10T19:14:00Z",
        "max_elevation_utc": "2026-08-10T19:14:00Z",
        "duration_minutes": 12.62,
        "min_distance_km": 524.49,
        "max_elevation_deg": 53.48,
        "tca_azimuth_deg": 288.88,
        "tca_elevation_deg": 53.48,
        "tca_slant_range_km": 1000.61,
        "closest_lon": 96.295794,
        "closest_lat": 14.518002,
        "aos_lon": 102.041619,
        "aos_lat": 36.181538,
        "aos_azimuth_deg": 2.26,
        "los_lon": 91.151497,
        "los_lat": -8.004442,
        "los_azimuth_deg": 205.32,
        "confidence": "medium",
        "aoi_covered": false,
        "aoi_points_inside": 0,
        "reference_swath_file": "swath_jpss.geojson",
        "reference_swath_source_count": 20,
        "reference_swath_station_inside_count": 5,
        "reference_swath_buffer_intersects_count": 20,
        "reference_swath_satellites": "JPSS-1 (NOAA-20)",
        "reference_swath_sensors": "VIIRS",
        "reference_swath_time_min": "2026-06-17T06:52:26Z",
        "reference_swath_time_max": "2026-06-22T06:58:49.5Z",
        "reference_swath_note": "sample footprint only; not time-matched to this planning pass",
        "type": "los",
        "color": "green"
      },
      "geometry": {
        "type": "Point",
        "coordinates": [
          91.1514970550731,
          -8.004442335958435
        ]
      }
    },
    {
      "type": "Feature",
      "properties": {
        "satellite": "NOAA 21 (JPSS-2)",
        "direction": "descending",
        "planning_method": "topocentric_elevation_access",
        "min_elevation_deg": 5.0,
        "tle_epoch_utc": "2026-08-09T19:32:23Z",
        "tle_age_hours": 24.37,
        "tle_quality": "good",
        "aos_utc": "2026-08-10T19:54:32Z",
        "los_utc": "2026-08-10T20:03:38Z",
        "tca_utc": "2026-08-10T19:59:00Z",
        "max_elevation_utc": "2026-08-10T19:59:00Z",
        "duration_minutes": 9.1,
        "min_distance_km": 1837.71,
        "max_elevation_deg": 14.51,
        "tca_azimuth_deg": 288.25,
        "tca_elevation_deg": 14.51,
        "tca_slant_range_km": 2120.38,
        "closest_lon": 84.436845,
        "closest_lat": 17.6328,
        "aos_lon": 88.528249,
        "aos_lat": 33.253203,
        "aos_azimuth_deg": 332.84,
        "los_lon": 80.69623,
        "los_lat": 1.373998,
        "los_azimuth_deg": 241.5,
        "confidence": "medium",
        "aoi_covered": false,
        "aoi_points_inside": 0,
        "reference_swath_file": "swath_jpss.geojson",
        "reference_swath_source_count": 20,
        "reference_swath_station_inside_count": 5,
        "reference_swath_buffer_intersects_count": 20,
        "reference_swath_satellites": "JPSS-1 (NOAA-20)",
        "reference_swath_sensors": "VIIRS",
        "reference_swath_time_min": "2026-06-17T06:52:26Z",
        "reference_swath_time_max": "2026-06-22T06:58:49.5Z",
        "reference_swath_note": "sample footprint only; not time-matched to this planning pass",
        "type": "visible_track"
      },
      "geometry": {
        "type": "LineString",
        "coordinates": [
          [
            88.5282492560192,
            33.25320334585145
          ],
          [
            88.06149973572525,
            31.63308179752376
          ],
          [
            87.57226178155071,
            29.885431650929405
          ],
          [
            87.09560162410327,
            28.13692195232971
          ],
          [
            86.63026225433367,
            26.387652217269963
          ],
          [
            86.17510537478188,
            24.63771264487949
          ],
          [
            85.72909518584504,
            22.88718538920252
          ],
          [
            85.29128449352936,
            21.136145645427266
          ],
          [
            84.86080256917313,
            19.384662583466067
          ],
          [
            84.43684544213858,
            17.632800155139797
          ],
          [
            84.01866583486009,
            15.880617796576878
          ],
          [
            83.60556588033779,
            14.128171043571877
          ],
          [
            83.19688991252218,
            12.375512074688146
          ],
          [
            82.7920181897897,
            10.622690194426381
          ],
          [
            82.39036124258041,
            8.869752266960754
          ],
          [
            81.99135473974934,
            7.11674310926456
          ],
          [
            81.59445477365364,
            5.3637058513986515
          ],
          [
            81.19913347926263,
            3.610682270608552
          ],
          [
            80.80487491149404,
            1.857713105265372
          ],
          [
            80.69623025199041,
            1.3739979854736153
          ]
        ]
      }
    },
    {
      "type": "Feature",
      "properties": {
        "satellite": "NOAA 21 (JPSS-2)",
        "direction": "descending",
        "planning_method": "topocentric_elevation_access",
        "min_elevation_deg": 5.0,
        "tle_epoch_utc": "2026-08-09T19:32:23Z",
        "tle_age_hours": 24.37,
        "tle_quality": "good",
        "aos_utc": "2026-08-10T19:54:32Z",
        "los_utc": "2026-08-10T20:03:38Z",
        "tca_utc": "2026-08-10T19:59:00Z",
        "max_elevation_utc": "2026-08-10T19:59:00Z",
        "duration_minutes": 9.1,
        "min_distance_km": 1837.71,
        "max_elevation_deg": 14.51,
        "tca_azimuth_deg": 288.25,
        "tca_elevation_deg": 14.51,
        "tca_slant_range_km": 2120.38,
        "closest_lon": 84.436845,
        "closest_lat": 17.6328,
        "aos_lon": 88.528249,
        "aos_lat": 33.253203,
        "aos_azimuth_deg": 332.84,
        "los_lon": 80.69623,
        "los_lat": 1.373998,
        "los_azimuth_deg": 241.5,
        "confidence": "medium",
        "aoi_covered": false,
        "aoi_points_inside": 0,
        "reference_swath_file": "swath_jpss.geojson",
        "reference_swath_source_count": 20,
        "reference_swath_station_inside_count": 5,
        "reference_swath_buffer_intersects_count": 20,
        "reference_swath_satellites": "JPSS-1 (NOAA-20)",
        "reference_swath_sensors": "VIIRS",
        "reference_swath_time_min": "2026-06-17T06:52:26Z",
        "reference_swath_time_max": "2026-06-22T06:58:49.5Z",
        "reference_swath_note": "sample footprint only; not time-matched to this planning pass",
        "type": "aos",
        "color": "cyan"
      },
      "geometry": {
        "type": "Point",
        "coordinates": [
          88.5282492560192,
          33.25320334585145
        ]
      }
    },
    {
      "type": "Feature",
      "properties": {
        "satellite": "NOAA 21 (JPSS-2)",
        "direction": "descending",
        "planning_method": "topocentric_elevation_access",
        "min_elevation_deg": 5.0,
        "tle_epoch_utc": "2026-08-09T19:32:23Z",
        "tle_age_hours": 24.37,
        "tle_quality": "good",
        "aos_utc": "2026-08-10T19:54:32Z",
        "los_utc": "2026-08-10T20:03:38Z",
        "tca_utc": "2026-08-10T19:59:00Z",
        "max_elevation_utc": "2026-08-10T19:59:00Z",
        "duration_minutes": 9.1,
        "min_distance_km": 1837.71,
        "max_elevation_deg": 14.51,
        "tca_azimuth_deg": 288.25,
        "tca_elevation_deg": 14.51,
        "tca_slant_range_km": 2120.38,
        "closest_lon": 84.436845,
        "closest_lat": 17.6328,
        "aos_lon": 88.528249,
        "aos_lat": 33.253203,
        "aos_azimuth_deg": 332.84,
        "los_lon": 80.69623,
        "los_lat": 1.373998,
        "los_azimuth_deg": 241.5,
        "confidence": "medium",
        "aoi_covered": false,
        "aoi_points_inside": 0,
        "reference_swath_file": "swath_jpss.geojson",
        "reference_swath_source_count": 20,
        "reference_swath_station_inside_count": 5,
        "reference_swath_buffer_intersects_count": 20,
        "reference_swath_satellites": "JPSS-1 (NOAA-20)",
        "reference_swath_sensors": "VIIRS",
        "reference_swath_time_min": "2026-06-17T06:52:26Z",
        "reference_swath_time_max": "2026-06-22T06:58:49.5Z",
        "reference_swath_note": "sample footprint only; not time-matched to this planning pass",
        "type": "tca",
        "color": "yellow"
      },
      "geometry": {
        "type": "Point",
        "coordinates": [
          84.43684544213858,
          17.632800155139797
        ]
      }
    },
    {
      "type": "Feature",
      "properties": {
        "satellite": "NOAA 21 (JPSS-2)",
        "direction": "descending",
        "planning_method": "topocentric_elevation_access",
        "min_elevation_deg": 5.0,
        "tle_epoch_utc": "2026-08-09T19:32:23Z",
        "tle_age_hours": 24.37,
        "tle_quality": "good",
        "aos_utc": "2026-08-10T19:54:32Z",
        "los_utc": "2026-08-10T20:03:38Z",
        "tca_utc": "2026-08-10T19:59:00Z",
        "max_elevation_utc": "2026-08-10T19:59:00Z",
        "duration_minutes": 9.1,
        "min_distance_km": 1837.71,
        "max_elevation_deg": 14.51,
        "tca_azimuth_deg": 288.25,
        "tca_elevation_deg": 14.51,
        "tca_slant_range_km": 2120.38,
        "closest_lon": 84.436845,
        "closest_lat": 17.6328,
        "aos_lon": 88.528249,
        "aos_lat": 33.253203,
        "aos_azimuth_deg": 332.84,
        "los_lon": 80.69623,
        "los_lat": 1.373998,
        "los_azimuth_deg": 241.5,
        "confidence": "medium",
        "aoi_covered": false,
        "aoi_points_inside": 0,
        "reference_swath_file": "swath_jpss.geojson",
        "reference_swath_source_count": 20,
        "reference_swath_station_inside_count": 5,
        "reference_swath_buffer_intersects_count": 20,
        "reference_swath_satellites": "JPSS-1 (NOAA-20)",
        "reference_swath_sensors": "VIIRS",
        "reference_swath_time_min": "2026-06-17T06:52:26Z",
        "reference_swath_time_max": "2026-06-22T06:58:49.5Z",
        "reference_swath_note": "sample footprint only; not time-matched to this planning pass",
        "type": "los",
        "color": "green"
      },
      "geometry": {
        "type": "Point",
        "coordinates": [
          80.69623025199041,
          1.3739979854736153
        ]
      }
    },
    {
      "type": "Feature",
      "properties": {
        "satellite": "SUOMI NPP",
        "direction": "descending",
        "planning_method": "topocentric_elevation_access",
        "min_elevation_deg": 5.0,
        "tle_epoch_utc": "2026-08-09T20:08:34Z",
        "tle_age_hours": 24.41,
        "tle_quality": "good",
        "aos_utc": "2026-08-10T20:33:07Z",
        "los_utc": "2026-08-10T20:36:17Z",
        "tca_utc": "2026-08-10T20:34:30Z",
        "max_elevation_utc": "2026-08-10T20:34:30Z",
        "duration_minutes": 3.15,
        "min_distance_km": 2495.34,
        "max_elevation_deg": 5.83,
        "tca_azimuth_deg": 291.39,
        "tca_elevation_deg": 5.83,
        "tca_slant_range_km": 2767.61,
        "closest_lon": 78.656686,
        "closest_lat": 20.121899,
        "aos_lon": 79.871343,
        "aos_lat": 24.912297,
        "aos_azimuth_deg": 303.97,
        "los_lon": 77.147722,
        "los_lat": 13.859182,
        "los_azimuth_deg": 274.87,
        "confidence": "medium",
        "aoi_covered": false,
        "aoi_points_inside": 0,
        "reference_swath_file": "swath_jpss.geojson",
        "reference_swath_source_count": 20,
        "reference_swath_station_inside_count": 5,
        "reference_swath_buffer_intersects_count": 20,
        "reference_swath_satellites": "JPSS-1 (NOAA-20)",
        "reference_swath_sensors": "VIIRS",
        "reference_swath_time_min": "2026-06-17T06:52:26Z",
        "reference_swath_time_max": "2026-06-22T06:58:49.5Z",
        "reference_swath_note": "sample footprint only; not time-matched to this planning pass",
        "type": "visible_track"
      },
      "geometry": {
        "type": "LineString",
        "coordinates": [
          [
            79.8713434206897,
            24.912297353905956
          ],
          [
            79.5380071572298,
            23.624764471520542
          ],
          [
            79.09346305366319,
            21.873584317922095
          ],
          [
            78.65668624389212,
            20.121898816190907
          ],
          [
            78.22683686792635,
            18.369776259926503
          ],
          [
            77.80313653690212,
            16.617280063407154
          ],
          [
            77.38485985800054,
            14.86446942448892
          ],
          [
            77.14772187245433,
            13.859182132667474
          ]
        ]
      }
    },
    {
      "type": "Feature",
      "properties": {
        "satellite": "SUOMI NPP",
        "direction": "descending",
        "planning_method": "topocentric_elevation_access",
        "min_elevation_deg": 5.0,
        "tle_epoch_utc": "2026-08-09T20:08:34Z",
        "tle_age_hours": 24.41,
        "tle_quality": "good",
        "aos_utc": "2026-08-10T20:33:07Z",
        "los_utc": "2026-08-10T20:36:17Z",
        "tca_utc": "2026-08-10T20:34:30Z",
        "max_elevation_utc": "2026-08-10T20:34:30Z",
        "duration_minutes": 3.15,
        "min_distance_km": 2495.34,
        "max_elevation_deg": 5.83,
        "tca_azimuth_deg": 291.39,
        "tca_elevation_deg": 5.83,
        "tca_slant_range_km": 2767.61,
        "closest_lon": 78.656686,
        "closest_lat": 20.121899,
        "aos_lon": 79.871343,
        "aos_lat": 24.912297,
        "aos_azimuth_deg": 303.97,
        "los_lon": 77.147722,
        "los_lat": 13.859182,
        "los_azimuth_deg": 274.87,
        "confidence": "medium",
        "aoi_covered": false,
        "aoi_points_inside": 0,
        "reference_swath_file": "swath_jpss.geojson",
        "reference_swath_source_count": 20,
        "reference_swath_station_inside_count": 5,
        "reference_swath_buffer_intersects_count": 20,
        "reference_swath_satellites": "JPSS-1 (NOAA-20)",
        "reference_swath_sensors": "VIIRS",
        "reference_swath_time_min": "2026-06-17T06:52:26Z",
        "reference_swath_time_max": "2026-06-22T06:58:49.5Z",
        "reference_swath_note": "sample footprint only; not time-matched to this planning pass",
        "type": "aos",
        "color": "cyan"
      },
      "geometry": {
        "type": "Point",
        "coordinates": [
          79.8713434206897,
          24.912297353905956
        ]
      }
    },
    {
      "type": "Feature",
      "properties": {
        "satellite": "SUOMI NPP",
        "direction": "descending",
        "planning_method": "topocentric_elevation_access",
        "min_elevation_deg": 5.0,
        "tle_epoch_utc": "2026-08-09T20:08:34Z",
        "tle_age_hours": 24.41,
        "tle_quality": "good",
        "aos_utc": "2026-08-10T20:33:07Z",
        "los_utc": "2026-08-10T20:36:17Z",
        "tca_utc": "2026-08-10T20:34:30Z",
        "max_elevation_utc": "2026-08-10T20:34:30Z",
        "duration_minutes": 3.15,
        "min_distance_km": 2495.34,
        "max_elevation_deg": 5.83,
        "tca_azimuth_deg": 291.39,
        "tca_elevation_deg": 5.83,
        "tca_slant_range_km": 2767.61,
        "closest_lon": 78.656686,
        "closest_lat": 20.121899,
        "aos_lon": 79.871343,
        "aos_lat": 24.912297,
        "aos_azimuth_deg": 303.97,
        "los_lon": 77.147722,
        "los_lat": 13.859182,
        "los_azimuth_deg": 274.87,
        "confidence": "medium",
        "aoi_covered": false,
        "aoi_points_inside": 0,
        "reference_swath_file": "swath_jpss.geojson",
        "reference_swath_source_count": 20,
        "reference_swath_station_inside_count": 5,
        "reference_swath_buffer_intersects_count": 20,
        "reference_swath_satellites": "JPSS-1 (NOAA-20)",
        "reference_swath_sensors": "VIIRS",
        "reference_swath_time_min": "2026-06-17T06:52:26Z",
        "reference_swath_time_max": "2026-06-22T06:58:49.5Z",
        "reference_swath_note": "sample footprint only; not time-matched to this planning pass",
        "type": "tca",
        "color": "yellow"
      },
      "geometry": {
        "type": "Point",
        "coordinates": [
          78.65668624389212,
          20.121898816190907
        ]
      }
    },
    {
      "type": "Feature",
      "properties": {
        "satellite": "SUOMI NPP",
        "direction": "descending",
        "planning_method": "topocentric_elevation_access",
        "min_elevation_deg": 5.0,
        "tle_epoch_utc": "2026-08-09T20:08:34Z",
        "tle_age_hours": 24.41,
        "tle_quality": "good",
        "aos_utc": "2026-08-10T20:33:07Z",
        "los_utc": "2026-08-10T20:36:17Z",
        "tca_utc": "2026-08-10T20:34:30Z",
        "max_elevation_utc": "2026-08-10T20:34:30Z",
        "duration_minutes": 3.15,
        "min_distance_km": 2495.34,
        "max_elevation_deg": 5.83,
        "tca_azimuth_deg": 291.39,
        "tca_elevation_deg": 5.83,
        "tca_slant_range_km": 2767.61,
        "closest_lon": 78.656686,
        "closest_lat": 20.121899,
        "aos_lon": 79.871343,
        "aos_lat": 24.912297,
        "aos_azimuth_deg": 303.97,
        "los_lon": 77.147722,
        "los_lat": 13.859182,
        "los_azimuth_deg": 274.87,
        "confidence": "medium",
        "aoi_covered": false,
        "aoi_points_inside": 0,
        "reference_swath_file": "swath_jpss.geojson",
        "reference_swath_source_count": 20,
        "reference_swath_station_inside_count": 5,
        "reference_swath_buffer_intersects_count": 20,
        "reference_swath_satellites": "JPSS-1 (NOAA-20)",
        "reference_swath_sensors": "VIIRS",
        "reference_swath_time_min": "2026-06-17T06:52:26Z",
        "reference_swath_time_max": "2026-06-22T06:58:49.5Z",
        "reference_swath_note": "sample footprint only; not time-matched to this planning pass",
        "type": "los",
        "color": "green"
      },
      "geometry": {
        "type": "Point",
        "coordinates": [
          77.14772187245433,
          13.859182132667474
        ]
      }
    },
    {
      "type": "Feature",
      "properties": {
        "satellite": "NOAA 21 (JPSS-2)",
        "direction": "ascending",
        "planning_method": "topocentric_elevation_access",
        "min_elevation_deg": 5.0,
        "tle_epoch_utc": "2026-08-09T19:32:23Z",
        "tle_age_hours": 33.84,
        "tle_quality": "good",
        "aos_utc": "2026-08-11T05:22:32Z",
        "los_utc": "2026-08-11T05:31:56Z",
        "tca_utc": "2026-08-11T05:27:30Z",
        "max_elevation_utc": "2026-08-11T05:27:00Z",
        "duration_minutes": 9.41,
        "min_distance_km": 1771.38,
        "max_elevation_deg": 15.53,
        "tca_azimuth_deg": 69.6,
        "tca_elevation_deg": 15.52,
        "tca_slant_range_km": 2055.44,
        "closest_lon": 116.654675,
        "closest_lat": 18.061796,
        "aos_lon": 120.662262,
        "aos_lat": 0.641796,
        "aos_azimuth_deg": 120.77,
        "los_lon": 112.563244,
        "los_lat": 33.607016,
        "los_azimuth_deg": 25.31,
        "confidence": "medium",
        "aoi_covered": false,
        "aoi_points_inside": 0,
        "reference_swath_file": "swath_jpss.geojson",
        "reference_swath_source_count": 20,
        "reference_swath_station_inside_count": 5,
        "reference_swath_buffer_intersects_count": 20,
        "reference_swath_satellites": "JPSS-1 (NOAA-20)",
        "reference_swath_sensors": "VIIRS",
        "reference_swath_time_min": "2026-06-17T06:52:26Z",
        "reference_swath_time_max": "2026-06-22T06:58:49.5Z",
        "reference_swath_note": "sample footprint only; not time-matched to this planning pass",
        "type": "visible_track"
      },
      "geometry": {
        "type": "LineString",
        "coordinates": [
          [
            120.66226162831714,
            0.6417963853762462
          ],
          [
            120.29488567292645,
            2.2774357947062147
          ],
          [
            119.90025330856571,
            4.031498416897712
          ],
          [
            119.50443420406117,
            5.785603062781581
          ],
          [
            119.10690912839414,
            7.539707665273162
          ],
          [
            118.70714593642884,
            9.293769045730476
          ],
          [
            118.30459538154275,
            11.047742595961779
          ],
          [
            117.89868665134838,
            12.801581938612541
          ],
          [
            117.4888225488935,
            14.555238559806448
          ],
          [
            117.07437423127703,
            16.308661407013233
          ],
          [
            116.65467540480921,
            18.061796444235583
          ],
          [
            116.22901585972068,
            19.814586155179967
          ],
          [
            115.79663420763387,
            21.56696898357405
          ],
          [
            115.35670965649297,
            23.318878697629295
          ],
          [
            114.90835263583722,
            25.07024366323772
          ],
          [
            114.45059402958088,
            26.820986007156762
          ],
          [
            113.98237274030487,
            28.57102064757809
          ],
          [
            113.50252123718639,
            30.320254164225755
          ],
          [
            113.0097486644973,
            32.06858347388796
          ],
          [
            112.56324431630128,
            33.607015795258896
          ]
        ]
      }
    },
    {
      "type": "Feature",
      "properties": {
        "satellite": "NOAA 21 (JPSS-2)",
        "direction": "ascending",
        "planning_method": "topocentric_elevation_access",
        "min_elevation_deg": 5.0,
        "tle_epoch_utc": "2026-08-09T19:32:23Z",
        "tle_age_hours": 33.84,
        "tle_quality": "good",
        "aos_utc": "2026-08-11T05:22:32Z",
        "los_utc": "2026-08-11T05:31:56Z",
        "tca_utc": "2026-08-11T05:27:30Z",
        "max_elevation_utc": "2026-08-11T05:27:00Z",
        "duration_minutes": 9.41,
        "min_distance_km": 1771.38,
        "max_elevation_deg": 15.53,
        "tca_azimuth_deg": 69.6,
        "tca_elevation_deg": 15.52,
        "tca_slant_range_km": 2055.44,
        "closest_lon": 116.654675,
        "closest_lat": 18.061796,
        "aos_lon": 120.662262,
        "aos_lat": 0.641796,
        "aos_azimuth_deg": 120.77,
        "los_lon": 112.563244,
        "los_lat": 33.607016,
        "los_azimuth_deg": 25.31,
        "confidence": "medium",
        "aoi_covered": false,
        "aoi_points_inside": 0,
        "reference_swath_file": "swath_jpss.geojson",
        "reference_swath_source_count": 20,
        "reference_swath_station_inside_count": 5,
        "reference_swath_buffer_intersects_count": 20,
        "reference_swath_satellites": "JPSS-1 (NOAA-20)",
        "reference_swath_sensors": "VIIRS",
        "reference_swath_time_min": "2026-06-17T06:52:26Z",
        "reference_swath_time_max": "2026-06-22T06:58:49.5Z",
        "reference_swath_note": "sample footprint only; not time-matched to this planning pass",
        "type": "aos",
        "color": "cyan"
      },
      "geometry": {
        "type": "Point",
        "coordinates": [
          120.66226162831714,
          0.6417963853762462
        ]
      }
    },
    {
      "type": "Feature",
      "properties": {
        "satellite": "NOAA 21 (JPSS-2)",
        "direction": "ascending",
        "planning_method": "topocentric_elevation_access",
        "min_elevation_deg": 5.0,
        "tle_epoch_utc": "2026-08-09T19:32:23Z",
        "tle_age_hours": 33.84,
        "tle_quality": "good",
        "aos_utc": "2026-08-11T05:22:32Z",
        "los_utc": "2026-08-11T05:31:56Z",
        "tca_utc": "2026-08-11T05:27:30Z",
        "max_elevation_utc": "2026-08-11T05:27:00Z",
        "duration_minutes": 9.41,
        "min_distance_km": 1771.38,
        "max_elevation_deg": 15.53,
        "tca_azimuth_deg": 69.6,
        "tca_elevation_deg": 15.52,
        "tca_slant_range_km": 2055.44,
        "closest_lon": 116.654675,
        "closest_lat": 18.061796,
        "aos_lon": 120.662262,
        "aos_lat": 0.641796,
        "aos_azimuth_deg": 120.77,
        "los_lon": 112.563244,
        "los_lat": 33.607016,
        "los_azimuth_deg": 25.31,
        "confidence": "medium",
        "aoi_covered": false,
        "aoi_points_inside": 0,
        "reference_swath_file": "swath_jpss.geojson",
        "reference_swath_source_count": 20,
        "reference_swath_station_inside_count": 5,
        "reference_swath_buffer_intersects_count": 20,
        "reference_swath_satellites": "JPSS-1 (NOAA-20)",
        "reference_swath_sensors": "VIIRS",
        "reference_swath_time_min": "2026-06-17T06:52:26Z",
        "reference_swath_time_max": "2026-06-22T06:58:49.5Z",
        "reference_swath_note": "sample footprint only; not time-matched to this planning pass",
        "type": "tca",
        "color": "yellow"
      },
      "geometry": {
        "type": "Point",
        "coordinates": [
          116.65467540480921,
          18.061796444235583
        ]
      }
    },
    {
      "type": "Feature",
      "properties": {
        "satellite": "NOAA 21 (JPSS-2)",
        "direction": "ascending",
        "planning_method": "topocentric_elevation_access",
        "min_elevation_deg": 5.0,
        "tle_epoch_utc": "2026-08-09T19:32:23Z",
        "tle_age_hours": 33.84,
        "tle_quality": "good",
        "aos_utc": "2026-08-11T05:22:32Z",
        "los_utc": "2026-08-11T05:31:56Z",
        "tca_utc": "2026-08-11T05:27:30Z",
        "max_elevation_utc": "2026-08-11T05:27:00Z",
        "duration_minutes": 9.41,
        "min_distance_km": 1771.38,
        "max_elevation_deg": 15.53,
        "tca_azimuth_deg": 69.6,
        "tca_elevation_deg": 15.52,
        "tca_slant_range_km": 2055.44,
        "closest_lon": 116.654675,
        "closest_lat": 18.061796,
        "aos_lon": 120.662262,
        "aos_lat": 0.641796,
        "aos_azimuth_deg": 120.77,
        "los_lon": 112.563244,
        "los_lat": 33.607016,
        "los_azimuth_deg": 25.31,
        "confidence": "medium",
        "aoi_covered": false,
        "aoi_points_inside": 0,
        "reference_swath_file": "swath_jpss.geojson",
        "reference_swath_source_count": 20,
        "reference_swath_station_inside_count": 5,
        "reference_swath_buffer_intersects_count": 20,
        "reference_swath_satellites": "JPSS-1 (NOAA-20)",
        "reference_swath_sensors": "VIIRS",
        "reference_swath_time_min": "2026-06-17T06:52:26Z",
        "reference_swath_time_max": "2026-06-22T06:58:49.5Z",
        "reference_swath_note": "sample footprint only; not time-matched to this planning pass",
        "type": "los",
        "color": "green"
      },
      "geometry": {
        "type": "Point",
        "coordinates": [
          112.56324431630128,
          33.607015795258896
        ]
      }
    },
    {
      "type": "Feature",
      "properties": {
        "satellite": "SUOMI NPP",
        "direction": "ascending",
        "planning_method": "topocentric_elevation_access",
        "min_elevation_deg": 5.0,
        "tle_epoch_utc": "2026-08-09T20:08:34Z",
        "tle_age_hours": 33.81,
        "tle_quality": "good",
        "aos_utc": "2026-08-11T05:57:07Z",
        "los_utc": "2026-08-11T06:08:48Z",
        "tca_utc": "2026-08-11T06:03:00Z",
        "max_elevation_utc": "2026-08-11T06:03:00Z",
        "duration_minutes": 11.69,
        "min_distance_km": 1099.03,
        "max_elevation_deg": 30.24,
        "tca_azimuth_deg": 73.99,
        "tca_elevation_deg": 30.24,
        "tca_slant_range_km": 1434.77,
        "closest_lon": 110.811215,
        "closest_lat": 15.560047,
        "aos_lon": 115.537334,
        "aos_lat": -5.052915,
        "aos_azimuth_deg": 140.31,
        "los_lon": 105.402332,
        "los_lat": 35.862118,
        "los_azimuth_deg": 9.27,
        "confidence": "medium",
        "aoi_covered": false,
        "aoi_points_inside": 0,
        "reference_swath_file": "swath_jpss.geojson",
        "reference_swath_source_count": 20,
        "reference_swath_station_inside_count": 5,
        "reference_swath_buffer_intersects_count": 20,
        "reference_swath_satellites": "JPSS-1 (NOAA-20)",
        "reference_swath_sensors": "VIIRS",
        "reference_swath_time_min": "2026-06-17T06:52:26Z",
        "reference_swath_time_max": "2026-06-22T06:58:49.5Z",
        "reference_swath_note": "sample footprint only; not time-matched to this planning pass",
        "type": "visible_track"
      },
      "geometry": {
        "type": "LineString",
        "coordinates": [
          [
            115.53733399847397,
            -5.052914882953143
          ],
          [
            115.23352161879347,
            -3.715804453953715
          ],
          [
            114.83652681495533,
            -1.9636985518117325
          ],
          [
            114.44008208365676,
            -0.21142013313505173
          ],
          [
            114.04367885976416,
            1.5409906239730717
          ],
          [
            113.64680882728106,
            3.293493436608443
          ],
          [
            113.24896015292336,
            5.046047627427735
          ],
          [
            112.84961365973635,
            6.798611830738645
          ],
          [
            112.44823888750875,
            8.551143689550635
          ],
          [
            112.04428997387907,
            10.303599538527136
          ],
          [
            111.63720128846182,
            12.055934067435924
          ],
          [
            111.2263827451053,
            13.808099959094598
          ],
          [
            110.81121470840355,
            15.560047495167101
          ],
          [
            110.39104239903236,
            17.311724122140237
          ],
          [
            109.96516968825597,
            19.063073968690862
          ],
          [
            109.53285215027222,
            20.814037304116447
          ],
          [
            109.0932892277952,
            22.56454992562952
          ],
          [
            108.64561532119745,
            24.314542460058963
          ],
          [
            108.18888942385092,
            26.06393956236407
          ],
          [
            107.72208404827774,
            27.81265898991539
          ],
          [
            107.2440706044618,
            29.560610526700856
          ],
          [
            106.75360420383976,
            31.307694725757113
          ],
          [
            106.24930488903487,
            33.05380143076267
          ],
          [
            105.72963570544005,
            34.79880802806905
          ],
          [
            105.40233246103753,
            35.86211831420876
          ]
        ]
      }
    },
    {
      "type": "Feature",
      "properties": {
        "satellite": "SUOMI NPP",
        "direction": "ascending",
        "planning_method": "topocentric_elevation_access",
        "min_elevation_deg": 5.0,
        "tle_epoch_utc": "2026-08-09T20:08:34Z",
        "tle_age_hours": 33.81,
        "tle_quality": "good",
        "aos_utc": "2026-08-11T05:57:07Z",
        "los_utc": "2026-08-11T06:08:48Z",
        "tca_utc": "2026-08-11T06:03:00Z",
        "max_elevation_utc": "2026-08-11T06:03:00Z",
        "duration_minutes": 11.69,
        "min_distance_km": 1099.03,
        "max_elevation_deg": 30.24,
        "tca_azimuth_deg": 73.99,
        "tca_elevation_deg": 30.24,
        "tca_slant_range_km": 1434.77,
        "closest_lon": 110.811215,
        "closest_lat": 15.560047,
        "aos_lon": 115.537334,
        "aos_lat": -5.052915,
        "aos_azimuth_deg": 140.31,
        "los_lon": 105.402332,
        "los_lat": 35.862118,
        "los_azimuth_deg": 9.27,
        "confidence": "medium",
        "aoi_covered": false,
        "aoi_points_inside": 0,
        "reference_swath_file": "swath_jpss.geojson",
        "reference_swath_source_count": 20,
        "reference_swath_station_inside_count": 5,
        "reference_swath_buffer_intersects_count": 20,
        "reference_swath_satellites": "JPSS-1 (NOAA-20)",
        "reference_swath_sensors": "VIIRS",
        "reference_swath_time_min": "2026-06-17T06:52:26Z",
        "reference_swath_time_max": "2026-06-22T06:58:49.5Z",
        "reference_swath_note": "sample footprint only; not time-matched to this planning pass",
        "type": "aos",
        "color": "cyan"
      },
      "geometry": {
        "type": "Point",
        "coordinates": [
          115.53733399847397,
          -5.052914882953143
        ]
      }
    },
    {
      "type": "Feature",
      "properties": {
        "satellite": "SUOMI NPP",
        "direction": "ascending",
        "planning_method": "topocentric_elevation_access",
        "min_elevation_deg": 5.0,
        "tle_epoch_utc": "2026-08-09T20:08:34Z",
        "tle_age_hours": 33.81,
        "tle_quality": "good",
        "aos_utc": "2026-08-11T05:57:07Z",
        "los_utc": "2026-08-11T06:08:48Z",
        "tca_utc": "2026-08-11T06:03:00Z",
        "max_elevation_utc": "2026-08-11T06:03:00Z",
        "duration_minutes": 11.69,
        "min_distance_km": 1099.03,
        "max_elevation_deg": 30.24,
        "tca_azimuth_deg": 73.99,
        "tca_elevation_deg": 30.24,
        "tca_slant_range_km": 1434.77,
        "closest_lon": 110.811215,
        "closest_lat": 15.560047,
        "aos_lon": 115.537334,
        "aos_lat": -5.052915,
        "aos_azimuth_deg": 140.31,
        "los_lon": 105.402332,
        "los_lat": 35.862118,
        "los_azimuth_deg": 9.27,
        "confidence": "medium",
        "aoi_covered": false,
        "aoi_points_inside": 0,
        "reference_swath_file": "swath_jpss.geojson",
        "reference_swath_source_count": 20,
        "reference_swath_station_inside_count": 5,
        "reference_swath_buffer_intersects_count": 20,
        "reference_swath_satellites": "JPSS-1 (NOAA-20)",
        "reference_swath_sensors": "VIIRS",
        "reference_swath_time_min": "2026-06-17T06:52:26Z",
        "reference_swath_time_max": "2026-06-22T06:58:49.5Z",
        "reference_swath_note": "sample footprint only; not time-matched to this planning pass",
        "type": "tca",
        "color": "yellow"
      },
      "geometry": {
        "type": "Point",
        "coordinates": [
          110.81121470840355,
          15.560047495167101
        ]
      }
    },
    {
      "type": "Feature",
      "properties": {
        "satellite": "SUOMI NPP",
        "direction": "ascending",
        "planning_method": "topocentric_elevation_access",
        "min_elevation_deg": 5.0,
        "tle_epoch_utc": "2026-08-09T20:08:34Z",
        "tle_age_hours": 33.81,
        "tle_quality": "good",
        "aos_utc": "2026-08-11T05:57:07Z",
        "los_utc": "2026-08-11T06:08:48Z",
        "tca_utc": "2026-08-11T06:03:00Z",
        "max_elevation_utc": "2026-08-11T06:03:00Z",
        "duration_minutes": 11.69,
        "min_distance_km": 1099.03,
        "max_elevation_deg": 30.24,
        "tca_azimuth_deg": 73.99,
        "tca_elevation_deg": 30.24,
        "tca_slant_range_km": 1434.77,
        "closest_lon": 110.811215,
        "closest_lat": 15.560047,
        "aos_lon": 115.537334,
        "aos_lat": -5.052915,
        "aos_azimuth_deg": 140.31,
        "los_lon": 105.402332,
        "los_lat": 35.862118,
        "los_azimuth_deg": 9.27,
        "confidence": "medium",
        "aoi_covered": false,
        "aoi_points_inside": 0,
        "reference_swath_file": "swath_jpss.geojson",
        "reference_swath_source_count": 20,
        "reference_swath_station_inside_count": 5,
        "reference_swath_buffer_intersects_count": 20,
        "reference_swath_satellites": "JPSS-1 (NOAA-20)",
        "reference_swath_sensors": "VIIRS",
        "reference_swath_time_min": "2026-06-17T06:52:26Z",
        "reference_swath_time_max": "2026-06-22T06:58:49.5Z",
        "reference_swath_note": "sample footprint only; not time-matched to this planning pass",
        "type": "los",
        "color": "green"
      },
      "geometry": {
        "type": "Point",
        "coordinates": [
          105.40233246103753,
          35.86211831420876
        ]
      }
    },
    {
      "type": "Feature",
      "properties": {
        "satellite": "NOAA 20 (JPSS-1)",
        "direction": "ascending",
        "planning_method": "topocentric_elevation_access",
        "min_elevation_deg": 5.0,
        "tle_epoch_utc": "2026-08-09T20:27:58Z",
        "tle_age_hours": 33.79,
        "tle_quality": "good",
        "aos_utc": "2026-08-11T06:15:35Z",
        "los_utc": "2026-08-11T06:28:17Z",
        "tca_utc": "2026-08-11T06:22:00Z",
        "max_elevation_utc": "2026-08-11T06:22:00Z",
        "duration_minutes": 12.7,
        "min_distance_km": 431.24,
        "max_elevation_deg": 58.89,
        "tca_azimuth_deg": 73.03,
        "tca_elevation_deg": 58.89,
        "tca_slant_range_km": 948.51,
        "closest_lon": 104.77504,
        "closest_lat": 14.135663,
        "aos_lon": 109.909284,
        "aos_lat": -8.354309,
        "aos_azimuth_deg": 156.87,
        "los_lon": 98.95275,
        "los_lat": 36.136935,
        "los_azimuth_deg": 355.96,
        "confidence": "medium",
        "aoi_covered": false,
        "aoi_points_inside": 0,
        "reference_swath_file": "swath_jpss.geojson",
        "reference_swath_source_count": 20,
        "reference_swath_station_inside_count": 5,
        "reference_swath_buffer_intersects_count": 20,
        "reference_swath_satellites": "JPSS-1 (NOAA-20)",
        "reference_swath_sensors": "VIIRS",
        "reference_swath_time_min": "2026-06-17T06:52:26Z",
        "reference_swath_time_max": "2026-06-22T06:58:49.5Z",
        "reference_swath_note": "sample footprint only; not time-matched to this planning pass",
        "type": "visible_track"
      },
      "geometry": {
        "type": "LineString",
        "coordinates": [
          [
            109.90928445574889,
            -8.354308690611802
          ],
          [
            109.57637597072846,
            -6.899208221109423
          ],
          [
            109.17755879949095,
            -5.146936692218303
          ],
          [
            108.78022525906329,
            -3.3944124752099945
          ],
          [
            108.38385764585519,
            -1.6416766587288996
          ],
          [
            107.98794488274177,
            0.11123008516959697
          ],
          [
            107.59197937542456,
            1.8642672085474277
          ],
          [
            107.19545307996276,
            3.6173939993203112
          ],
          [
            106.79785372860994,
            5.370569292530478
          ],
          [
            106.39866099393004,
            7.123751176495089
          ],
          [
            105.99734252121084,
            8.876896689008396
          ],
          [
            105.59334977208789,
            10.629961498519092
          ],
          [
            105.18611360734371,
            12.382899564791746
          ],
          [
            104.7750395329607,
            14.135662772936023
          ],
          [
            104.3595025235947,
            15.888200534018619
          ],
          [
            103.93884132553086,
            17.640459344420414
          ],
          [
            103.51235212585328,
            19.392382294866565
          ],
          [
            103.07928145577864,
            21.143908518548795
          ],
          [
            102.63881816881144,
            22.894972565775557
          ],
          [
            102.19008431414682,
            24.645503690136632
          ],
          [
            101.73212467197123,
            26.395425028097666
          ],
          [
            101.26389468667816,
            28.144652650161568
          ],
          [
            100.78424646534239,
            29.89309445681197
          ],
          [
            100.29191243779275,
            31.640648886342884
          ],
          [
            99.78548618011769,
            33.38720339393591
          ],
          [
            99.26339978379383,
            35.132632651279444
          ],
          [
            98.95274990965652,
            36.13693531100381
          ]
        ]
      }
    },
    {
      "type": "Feature",
      "properties": {
        "satellite": "NOAA 20 (JPSS-1)",
        "direction": "ascending",
        "planning_method": "topocentric_elevation_access",
        "min_elevation_deg": 5.0,
        "tle_epoch_utc": "2026-08-09T20:27:58Z",
        "tle_age_hours": 33.79,
        "tle_quality": "good",
        "aos_utc": "2026-08-11T06:15:35Z",
        "los_utc": "2026-08-11T06:28:17Z",
        "tca_utc": "2026-08-11T06:22:00Z",
        "max_elevation_utc": "2026-08-11T06:22:00Z",
        "duration_minutes": 12.7,
        "min_distance_km": 431.24,
        "max_elevation_deg": 58.89,
        "tca_azimuth_deg": 73.03,
        "tca_elevation_deg": 58.89,
        "tca_slant_range_km": 948.51,
        "closest_lon": 104.77504,
        "closest_lat": 14.135663,
        "aos_lon": 109.909284,
        "aos_lat": -8.354309,
        "aos_azimuth_deg": 156.87,
        "los_lon": 98.95275,
        "los_lat": 36.136935,
        "los_azimuth_deg": 355.96,
        "confidence": "medium",
        "aoi_covered": false,
        "aoi_points_inside": 0,
        "reference_swath_file": "swath_jpss.geojson",
        "reference_swath_source_count": 20,
        "reference_swath_station_inside_count": 5,
        "reference_swath_buffer_intersects_count": 20,
        "reference_swath_satellites": "JPSS-1 (NOAA-20)",
        "reference_swath_sensors": "VIIRS",
        "reference_swath_time_min": "2026-06-17T06:52:26Z",
        "reference_swath_time_max": "2026-06-22T06:58:49.5Z",
        "reference_swath_note": "sample footprint only; not time-matched to this planning pass",
        "type": "aos",
        "color": "cyan"
      },
      "geometry": {
        "type": "Point",
        "coordinates": [
          109.90928445574889,
          -8.354308690611802
        ]
      }
    },
    {
      "type": "Feature",
      "properties": {
        "satellite": "NOAA 20 (JPSS-1)",
        "direction": "ascending",
        "planning_method": "topocentric_elevation_access",
        "min_elevation_deg": 5.0,
        "tle_epoch_utc": "2026-08-09T20:27:58Z",
        "tle_age_hours": 33.79,
        "tle_quality": "good",
        "aos_utc": "2026-08-11T06:15:35Z",
        "los_utc": "2026-08-11T06:28:17Z",
        "tca_utc": "2026-08-11T06:22:00Z",
        "max_elevation_utc": "2026-08-11T06:22:00Z",
        "duration_minutes": 12.7,
        "min_distance_km": 431.24,
        "max_elevation_deg": 58.89,
        "tca_azimuth_deg": 73.03,
        "tca_elevation_deg": 58.89,
        "tca_slant_range_km": 948.51,
        "closest_lon": 104.77504,
        "closest_lat": 14.135663,
        "aos_lon": 109.909284,
        "aos_lat": -8.354309,
        "aos_azimuth_deg": 156.87,
        "los_lon": 98.95275,
        "los_lat": 36.136935,
        "los_azimuth_deg": 355.96,
        "confidence": "medium",
        "aoi_covered": false,
        "aoi_points_inside": 0,
        "reference_swath_file": "swath_jpss.geojson",
        "reference_swath_source_count": 20,
        "reference_swath_station_inside_count": 5,
        "reference_swath_buffer_intersects_count": 20,
        "reference_swath_satellites": "JPSS-1 (NOAA-20)",
        "reference_swath_sensors": "VIIRS",
        "reference_swath_time_min": "2026-06-17T06:52:26Z",
        "reference_swath_time_max": "2026-06-22T06:58:49.5Z",
        "reference_swath_note": "sample footprint only; not time-matched to this planning pass",
        "type": "tca",
        "color": "yellow"
      },
      "geometry": {
        "type": "Point",
        "coordinates": [
          104.7750395329607,
          14.135662772936023
        ]
      }
    },
    {
      "type": "Feature",
      "properties": {
        "satellite": "NOAA 20 (JPSS-1)",
        "direction": "ascending",
        "planning_method": "topocentric_elevation_access",
        "min_elevation_deg": 5.0,
        "tle_epoch_utc": "2026-08-09T20:27:58Z",
        "tle_age_hours": 33.79,
        "tle_quality": "good",
        "aos_utc": "2026-08-11T06:15:35Z",
        "los_utc": "2026-08-11T06:28:17Z",
        "tca_utc": "2026-08-11T06:22:00Z",
        "max_elevation_utc": "2026-08-11T06:22:00Z",
        "duration_minutes": 12.7,
        "min_distance_km": 431.24,
        "max_elevation_deg": 58.89,
        "tca_azimuth_deg": 73.03,
        "tca_elevation_deg": 58.89,
        "tca_slant_range_km": 948.51,
        "closest_lon": 104.77504,
        "closest_lat": 14.135663,
        "aos_lon": 109.909284,
        "aos_lat": -8.354309,
        "aos_azimuth_deg": 156.87,
        "los_lon": 98.95275,
        "los_lat": 36.136935,
        "los_azimuth_deg": 355.96,
        "confidence": "medium",
        "aoi_covered": false,
        "aoi_points_inside": 0,
        "reference_swath_file": "swath_jpss.geojson",
        "reference_swath_source_count": 20,
        "reference_swath_station_inside_count": 5,
        "reference_swath_buffer_intersects_count": 20,
        "reference_swath_satellites": "JPSS-1 (NOAA-20)",
        "reference_swath_sensors": "VIIRS",
        "reference_swath_time_min": "2026-06-17T06:52:26Z",
        "reference_swath_time_max": "2026-06-22T06:58:49.5Z",
        "reference_swath_note": "sample footprint only; not time-matched to this planning pass",
        "type": "los",
        "color": "green"
      },
      "geometry": {
        "type": "Point",
        "coordinates": [
          98.95274990965652,
          36.13693531100381
        ]
      }
    },
    {
      "type": "Feature",
      "properties": {
        "satellite": "NOAA 21 (JPSS-2)",
        "direction": "ascending",
        "planning_method": "topocentric_elevation_access",
        "min_elevation_deg": 5.0,
        "tle_epoch_utc": "2026-08-09T19:32:23Z",
        "tle_age_hours": 35.48,
        "tle_quality": "good",
        "aos_utc": "2026-08-11T07:01:01Z",
        "los_utc": "2026-08-11T07:13:09Z",
        "tca_utc": "2026-08-11T07:07:00Z",
        "max_elevation_utc": "2026-08-11T07:07:00Z",
        "duration_minutes": 12.13,
        "min_distance_km": 899.14,
        "max_elevation_deg": 36.79,
        "tca_azimuth_deg": 256.72,
        "tca_elevation_deg": 36.79,
        "tca_slant_range_km": 1262.79,
        "closest_lon": 92.928354,
        "closest_lat": 11.054342,
        "aos_lon": 97.667118,
        "aos_lat": -9.887293,
        "aos_azimuth_deg": 188.21,
        "los_lon": 87.46813,
        "los_lat": 32.643671,
        "los_azimuth_deg": 330.09,
        "confidence": "medium",
        "aoi_covered": false,
        "aoi_points_inside": 0,
        "reference_swath_file": "swath_jpss.geojson",
        "reference_swath_source_count": 20,
        "reference_swath_station_inside_count": 5,
        "reference_swath_buffer_intersects_count": 20,
        "reference_swath_satellites": "JPSS-1 (NOAA-20)",
        "reference_swath_sensors": "VIIRS",
        "reference_swath_time_min": "2026-06-17T06:52:26Z",
        "reference_swath_time_max": "2026-06-22T06:58:49.5Z",
        "reference_swath_note": "sample footprint only; not time-matched to this planning pass",
        "type": "visible_track"
      },
      "geometry": {
        "type": "LineString",
        "coordinates": [
          [
            97.66711783643791,
            -9.887292621671913
          ],
          [
            97.28997118938656,
            -8.237202751577207
          ],
          [
            96.89179694710901,
            -6.484246290534069
          ],
          [
            96.49549483939848,
            -4.7310025469368755
          ],
          [
            96.1005422113966,
            -2.9775130406516963
          ],
          [
            95.70642661962734,
            -1.2238186628560879
          ],
          [
            95.31264179196819,
            0.5300400299524944
          ],
          [
            94.91868384959935,
            2.2840225296456502
          ],
          [
            94.52404757050306,
            4.0380880932003835
          ],
          [
            94.12822262686473,
            5.792195457896645
          ],
          [
            93.73068974445022,
            7.546302550330176
          ],
          [
            93.33091672011159,
            9.300366184434067
          ],
          [
            92.92835423302813,
            11.054341743431465
          ],
          [
            92.52243137922721,
            12.808182840148898
          ],
          [
            92.11255085128164,
            14.561840949496547
          ],
          [
            91.69808367505675,
            16.315265006231876
          ],
          [
            91.27836340306834,
            18.068400959951163
          ],
          [
            90.85267964457915,
            19.821191278059203
          ],
          [
            90.42027080209442,
            21.57357438580323
          ],
          [
            89.9803158423087,
            23.325484030455684
          ],
          [
            89.53192491427711,
            25.076848554110466
          ],
          [
            89.07412857831042,
            26.82759005642367
          ],
          [
            88.6058653628786,
            28.57762342463525
          ],
          [
            88.12596730418306,
            30.326855202988682
          ],
          [
            87.63314304451717,
            32.07518226748197
          ],
          [
            87.46812979196454,
            32.64367075875234
          ]
        ]
      }
    },
    {
      "type": "Feature",
      "properties": {
        "satellite": "NOAA 21 (JPSS-2)",
        "direction": "ascending",
        "planning_method": "topocentric_elevation_access",
        "min_elevation_deg": 5.0,
        "tle_epoch_utc": "2026-08-09T19:32:23Z",
        "tle_age_hours": 35.48,
        "tle_quality": "good",
        "aos_utc": "2026-08-11T07:01:01Z",
        "los_utc": "2026-08-11T07:13:09Z",
        "tca_utc": "2026-08-11T07:07:00Z",
        "max_elevation_utc": "2026-08-11T07:07:00Z",
        "duration_minutes": 12.13,
        "min_distance_km": 899.14,
        "max_elevation_deg": 36.79,
        "tca_azimuth_deg": 256.72,
        "tca_elevation_deg": 36.79,
        "tca_slant_range_km": 1262.79,
        "closest_lon": 92.928354,
        "closest_lat": 11.054342,
        "aos_lon": 97.667118,
        "aos_lat": -9.887293,
        "aos_azimuth_deg": 188.21,
        "los_lon": 87.46813,
        "los_lat": 32.643671,
        "los_azimuth_deg": 330.09,
        "confidence": "medium",
        "aoi_covered": false,
        "aoi_points_inside": 0,
        "reference_swath_file": "swath_jpss.geojson",
        "reference_swath_source_count": 20,
        "reference_swath_station_inside_count": 5,
        "reference_swath_buffer_intersects_count": 20,
        "reference_swath_satellites": "JPSS-1 (NOAA-20)",
        "reference_swath_sensors": "VIIRS",
        "reference_swath_time_min": "2026-06-17T06:52:26Z",
        "reference_swath_time_max": "2026-06-22T06:58:49.5Z",
        "reference_swath_note": "sample footprint only; not time-matched to this planning pass",
        "type": "aos",
        "color": "cyan"
      },
      "geometry": {
        "type": "Point",
        "coordinates": [
          97.66711783643791,
          -9.887292621671913
        ]
      }
    },
    {
      "type": "Feature",
      "properties": {
        "satellite": "NOAA 21 (JPSS-2)",
        "direction": "ascending",
        "planning_method": "topocentric_elevation_access",
        "min_elevation_deg": 5.0,
        "tle_epoch_utc": "2026-08-09T19:32:23Z",
        "tle_age_hours": 35.48,
        "tle_quality": "good",
        "aos_utc": "2026-08-11T07:01:01Z",
        "los_utc": "2026-08-11T07:13:09Z",
        "tca_utc": "2026-08-11T07:07:00Z",
        "max_elevation_utc": "2026-08-11T07:07:00Z",
        "duration_minutes": 12.13,
        "min_distance_km": 899.14,
        "max_elevation_deg": 36.79,
        "tca_azimuth_deg": 256.72,
        "tca_elevation_deg": 36.79,
        "tca_slant_range_km": 1262.79,
        "closest_lon": 92.928354,
        "closest_lat": 11.054342,
        "aos_lon": 97.667118,
        "aos_lat": -9.887293,
        "aos_azimuth_deg": 188.21,
        "los_lon": 87.46813,
        "los_lat": 32.643671,
        "los_azimuth_deg": 330.09,
        "confidence": "medium",
        "aoi_covered": false,
        "aoi_points_inside": 0,
        "reference_swath_file": "swath_jpss.geojson",
        "reference_swath_source_count": 20,
        "reference_swath_station_inside_count": 5,
        "reference_swath_buffer_intersects_count": 20,
        "reference_swath_satellites": "JPSS-1 (NOAA-20)",
        "reference_swath_sensors": "VIIRS",
        "reference_swath_time_min": "2026-06-17T06:52:26Z",
        "reference_swath_time_max": "2026-06-22T06:58:49.5Z",
        "reference_swath_note": "sample footprint only; not time-matched to this planning pass",
        "type": "tca",
        "color": "yellow"
      },
      "geometry": {
        "type": "Point",
        "coordinates": [
          92.92835423302813,
          11.054341743431465
        ]
      }
    },
    {
      "type": "Feature",
      "properties": {
        "satellite": "NOAA 21 (JPSS-2)",
        "direction": "ascending",
        "planning_method": "topocentric_elevation_access",
        "min_elevation_deg": 5.0,
        "tle_epoch_utc": "2026-08-09T19:32:23Z",
        "tle_age_hours": 35.48,
        "tle_quality": "good",
        "aos_utc": "2026-08-11T07:01:01Z",
        "los_utc": "2026-08-11T07:13:09Z",
        "tca_utc": "2026-08-11T07:07:00Z",
        "max_elevation_utc": "2026-08-11T07:07:00Z",
        "duration_minutes": 12.13,
        "min_distance_km": 899.14,
        "max_elevation_deg": 36.79,
        "tca_azimuth_deg": 256.72,
        "tca_elevation_deg": 36.79,
        "tca_slant_range_km": 1262.79,
        "closest_lon": 92.928354,
        "closest_lat": 11.054342,
        "aos_lon": 97.667118,
        "aos_lat": -9.887293,
        "aos_azimuth_deg": 188.21,
        "los_lon": 87.46813,
        "los_lat": 32.643671,
        "los_azimuth_deg": 330.09,
        "confidence": "medium",
        "aoi_covered": false,
        "aoi_points_inside": 0,
        "reference_swath_file": "swath_jpss.geojson",
        "reference_swath_source_count": 20,
        "reference_swath_station_inside_count": 5,
        "reference_swath_buffer_intersects_count": 20,
        "reference_swath_satellites": "JPSS-1 (NOAA-20)",
        "reference_swath_sensors": "VIIRS",
        "reference_swath_time_min": "2026-06-17T06:52:26Z",
        "reference_swath_time_max": "2026-06-22T06:58:49.5Z",
        "reference_swath_note": "sample footprint only; not time-matched to this planning pass",
        "type": "los",
        "color": "green"
      },
      "geometry": {
        "type": "Point",
        "coordinates": [
          87.46812979196454,
          32.64367075875234
        ]
      }
    },
    {
      "type": "Feature",
      "properties": {
        "satellite": "SUOMI NPP",
        "direction": "ascending",
        "planning_method": "topocentric_elevation_access",
        "min_elevation_deg": 5.0,
        "tle_epoch_utc": "2026-08-09T20:08:34Z",
        "tle_age_hours": 35.49,
        "tle_quality": "good",
        "aos_utc": "2026-08-11T07:37:49Z",
        "los_utc": "2026-08-11T07:48:08Z",
        "tca_utc": "2026-08-11T07:43:00Z",
        "max_elevation_utc": "2026-08-11T07:43:00Z",
        "duration_minutes": 10.32,
        "min_distance_km": 1583.1,
        "max_elevation_deg": 18.98,
        "tca_azimuth_deg": 260.49,
        "tca_elevation_deg": 18.98,
        "tca_slant_range_km": 1872.78,
        "closest_lon": 86.669392,
        "closest_lat": 10.306195,
        "aos_lon": 90.802144,
        "aos_lat": -7.852396,
        "aos_azimuth_deg": 206.31,
        "los_lon": 82.210182,
        "los_lat": 28.315857,
        "los_azimuth_deg": 314.12,
        "confidence": "medium",
        "aoi_covered": false,
        "aoi_points_inside": 0,
        "reference_swath_file": "swath_jpss.geojson",
        "reference_swath_source_count": 20,
        "reference_swath_station_inside_count": 5,
        "reference_swath_buffer_intersects_count": 20,
        "reference_swath_satellites": "JPSS-1 (NOAA-20)",
        "reference_swath_sensors": "VIIRS",
        "reference_swath_time_min": "2026-06-17T06:52:26Z",
        "reference_swath_time_max": "2026-06-22T06:58:49.5Z",
        "reference_swath_note": "sample footprint only; not time-matched to this planning pass",
        "type": "visible_track"
      },
      "geometry": {
        "type": "LineString",
        "coordinates": [
          [
            90.80214378456219,
            -7.852395981461304
          ],
          [
            90.65633152064936,
            -7.216761842404768
          ],
          [
            90.25669340503748,
            -5.465120497473264
          ],
          [
            89.8586376176878,
            -3.71322542641771
          ],
          [
            89.46164372538163,
            -1.9611174737174022
          ],
          [
            89.06519914589131,
            -0.208837003995834
          ],
          [
            88.66879531592764,
            1.5435758028559936
          ],
          [
            88.27192391663465,
            3.29608066165555
          ],
          [
            87.8740731047842,
            5.048636892275536
          ],
          [
            87.4747236881085,
            6.801203125753395
          ],
          [
            87.07334518501557,
            8.553737001301233
          ],
          [
            86.66939170535863,
            10.306194849244838
          ],
          [
            86.26229758412023,
            12.058531354429629
          ],
          [
            85.85147269310278,
            13.810699194144135
          ],
          [
            85.43629734720895,
            15.562648643842282
          ],
          [
            85.01611670705569,
            17.31432714306831
          ],
          [
            84.5902345747744,
            19.065678812721032
          ],
          [
            84.15790644509843,
            20.816643913420542
          ],
          [
            83.71833166711406,
            22.567158232668362
          ],
          [
            83.27064436535755,
            24.31715238638592
          ],
          [
            82.81390391303148,
            26.066551017285462
          ],
          [
            82.34708217450338,
            27.815271868942162
          ],
          [
            82.21018164277547,
            28.31585732570432
          ]
        ]
      }
    },
    {
      "type": "Feature",
      "properties": {
        "satellite": "SUOMI NPP",
        "direction": "ascending",
        "planning_method": "topocentric_elevation_access",
        "min_elevation_deg": 5.0,
        "tle_epoch_utc": "2026-08-09T20:08:34Z",
        "tle_age_hours": 35.49,
        "tle_quality": "good",
        "aos_utc": "2026-08-11T07:37:49Z",
        "los_utc": "2026-08-11T07:48:08Z",
        "tca_utc": "2026-08-11T07:43:00Z",
        "max_elevation_utc": "2026-08-11T07:43:00Z",
        "duration_minutes": 10.32,
        "min_distance_km": 1583.1,
        "max_elevation_deg": 18.98,
        "tca_azimuth_deg": 260.49,
        "tca_elevation_deg": 18.98,
        "tca_slant_range_km": 1872.78,
        "closest_lon": 86.669392,
        "closest_lat": 10.306195,
        "aos_lon": 90.802144,
        "aos_lat": -7.852396,
        "aos_azimuth_deg": 206.31,
        "los_lon": 82.210182,
        "los_lat": 28.315857,
        "los_azimuth_deg": 314.12,
        "confidence": "medium",
        "aoi_covered": false,
        "aoi_points_inside": 0,
        "reference_swath_file": "swath_jpss.geojson",
        "reference_swath_source_count": 20,
        "reference_swath_station_inside_count": 5,
        "reference_swath_buffer_intersects_count": 20,
        "reference_swath_satellites": "JPSS-1 (NOAA-20)",
        "reference_swath_sensors": "VIIRS",
        "reference_swath_time_min": "2026-06-17T06:52:26Z",
        "reference_swath_time_max": "2026-06-22T06:58:49.5Z",
        "reference_swath_note": "sample footprint only; not time-matched to this planning pass",
        "type": "aos",
        "color": "cyan"
      },
      "geometry": {
        "type": "Point",
        "coordinates": [
          90.80214378456219,
          -7.852395981461304
        ]
      }
    },
    {
      "type": "Feature",
      "properties": {
        "satellite": "SUOMI NPP",
        "direction": "ascending",
        "planning_method": "topocentric_elevation_access",
        "min_elevation_deg": 5.0,
        "tle_epoch_utc": "2026-08-09T20:08:34Z",
        "tle_age_hours": 35.49,
        "tle_quality": "good",
        "aos_utc": "2026-08-11T07:37:49Z",
        "los_utc": "2026-08-11T07:48:08Z",
        "tca_utc": "2026-08-11T07:43:00Z",
        "max_elevation_utc": "2026-08-11T07:43:00Z",
        "duration_minutes": 10.32,
        "min_distance_km": 1583.1,
        "max_elevation_deg": 18.98,
        "tca_azimuth_deg": 260.49,
        "tca_elevation_deg": 18.98,
        "tca_slant_range_km": 1872.78,
        "closest_lon": 86.669392,
        "closest_lat": 10.306195,
        "aos_lon": 90.802144,
        "aos_lat": -7.852396,
        "aos_azimuth_deg": 206.31,
        "los_lon": 82.210182,
        "los_lat": 28.315857,
        "los_azimuth_deg": 314.12,
        "confidence": "medium",
        "aoi_covered": false,
        "aoi_points_inside": 0,
        "reference_swath_file": "swath_jpss.geojson",
        "reference_swath_source_count": 20,
        "reference_swath_station_inside_count": 5,
        "reference_swath_buffer_intersects_count": 20,
        "reference_swath_satellites": "JPSS-1 (NOAA-20)",
        "reference_swath_sensors": "VIIRS",
        "reference_swath_time_min": "2026-06-17T06:52:26Z",
        "reference_swath_time_max": "2026-06-22T06:58:49.5Z",
        "reference_swath_note": "sample footprint only; not time-matched to this planning pass",
        "type": "tca",
        "color": "yellow"
      },
      "geometry": {
        "type": "Point",
        "coordinates": [
          86.66939170535863,
          10.306194849244838
        ]
      }
    },
    {
      "type": "Feature",
      "properties": {
        "satellite": "SUOMI NPP",
        "direction": "ascending",
        "planning_method": "topocentric_elevation_access",
        "min_elevation_deg": 5.0,
        "tle_epoch_utc": "2026-08-09T20:08:34Z",
        "tle_age_hours": 35.49,
        "tle_quality": "good",
        "aos_utc": "2026-08-11T07:37:49Z",
        "los_utc": "2026-08-11T07:48:08Z",
        "tca_utc": "2026-08-11T07:43:00Z",
        "max_elevation_utc": "2026-08-11T07:43:00Z",
        "duration_minutes": 10.32,
        "min_distance_km": 1583.1,
        "max_elevation_deg": 18.98,
        "tca_azimuth_deg": 260.49,
        "tca_elevation_deg": 18.98,
        "tca_slant_range_km": 1872.78,
        "closest_lon": 86.669392,
        "closest_lat": 10.306195,
        "aos_lon": 90.802144,
        "aos_lat": -7.852396,
        "aos_azimuth_deg": 206.31,
        "los_lon": 82.210182,
        "los_lat": 28.315857,
        "los_azimuth_deg": 314.12,
        "confidence": "medium",
        "aoi_covered": false,
        "aoi_points_inside": 0,
        "reference_swath_file": "swath_jpss.geojson",
        "reference_swath_source_count": 20,
        "reference_swath_station_inside_count": 5,
        "reference_swath_buffer_intersects_count": 20,
        "reference_swath_satellites": "JPSS-1 (NOAA-20)",
        "reference_swath_sensors": "VIIRS",
        "reference_swath_time_min": "2026-06-17T06:52:26Z",
        "reference_swath_time_max": "2026-06-22T06:58:49.5Z",
        "reference_swath_note": "sample footprint only; not time-matched to this planning pass",
        "type": "los",
        "color": "green"
      },
      "geometry": {
        "type": "Point",
        "coordinates": [
          82.21018164277547,
          28.31585732570432
        ]
      }
    },
    {
      "type": "Feature",
      "properties": {
        "satellite": "NOAA 20 (JPSS-1)",
        "direction": "ascending",
        "planning_method": "topocentric_elevation_access",
        "min_elevation_deg": 5.0,
        "tle_epoch_utc": "2026-08-09T20:27:58Z",
        "tle_age_hours": 35.52,
        "tle_quality": "good",
        "aos_utc": "2026-08-11T07:58:56Z",
        "los_utc": "2026-08-11T08:05:14Z",
        "tca_utc": "2026-08-11T08:02:00Z",
        "max_elevation_utc": "2026-08-11T08:02:00Z",
        "duration_minutes": 6.31,
        "min_distance_km": 2264.81,
        "max_elevation_deg": 8.6,
        "tca_azimuth_deg": 260.33,
        "tca_elevation_deg": 8.6,
        "tca_slant_range_km": 2535.11,
        "closest_lon": 80.62257,
        "closest_lat": 8.877799,
        "aos_lon": 83.060345,
        "aos_lat": -1.867438,
        "aos_azimuth_deg": 231.27,
        "los_lon": 77.929318,
        "los_lat": 20.235524,
        "los_azimuth_deg": 291.2,
        "confidence": "medium",
        "aoi_covered": false,
        "aoi_points_inside": 0,
        "reference_swath_file": "swath_jpss.geojson",
        "reference_swath_source_count": 20,
        "reference_swath_station_inside_count": 5,
        "reference_swath_buffer_intersects_count": 20,
        "reference_swath_satellites": "JPSS-1 (NOAA-20)",
        "reference_swath_sensors": "VIIRS",
        "reference_swath_time_min": "2026-06-17T06:52:26Z",
        "reference_swath_time_max": "2026-06-22T06:58:49.5Z",
        "reference_swath_note": "sample footprint only; not time-matched to this planning pass",
        "type": "visible_track"
      },
      "geometry": {
        "type": "LineString",
        "coordinates": [
          [
            83.06034537182927,
            -1.8674378523338782
          ],
          [
            83.00909064698953,
            -1.64078936960314
          ],
          [
            82.61317760372566,
            0.11211992419574303
          ],
          [
            82.21721155818807,
            1.8651595772119205
          ],
          [
            81.82068446346642,
            3.618288874664103
          ],
          [
            81.42308404782602,
            5.371466648755405
          ],
          [
            81.0238899764272,
            7.124650984810578
          ],
          [
            80.62256988549973,
            8.877798917472694
          ],
          [
            80.21857522536266,
            10.63086611188165
          ],
          [
            79.81133684305138,
            12.383806524299848
          ],
          [
            79.40026022814675,
            14.136572036158867
          ],
          [
            78.98472033598307,
            15.889112054633156
          ],
          [
            78.56405589074564,
            17.641373071963763
          ],
          [
            78.13756305238064,
            19.39329817448567
          ],
          [
            77.92931813614462,
            20.23552433484515
          ]
        ]
      }
    },
    {
      "type": "Feature",
      "properties": {
        "satellite": "NOAA 20 (JPSS-1)",
        "direction": "ascending",
        "planning_method": "topocentric_elevation_access",
        "min_elevation_deg": 5.0,
        "tle_epoch_utc": "2026-08-09T20:27:58Z",
        "tle_age_hours": 35.52,
        "tle_quality": "good",
        "aos_utc": "2026-08-11T07:58:56Z",
        "los_utc": "2026-08-11T08:05:14Z",
        "tca_utc": "2026-08-11T08:02:00Z",
        "max_elevation_utc": "2026-08-11T08:02:00Z",
        "duration_minutes": 6.31,
        "min_distance_km": 2264.81,
        "max_elevation_deg": 8.6,
        "tca_azimuth_deg": 260.33,
        "tca_elevation_deg": 8.6,
        "tca_slant_range_km": 2535.11,
        "closest_lon": 80.62257,
        "closest_lat": 8.877799,
        "aos_lon": 83.060345,
        "aos_lat": -1.867438,
        "aos_azimuth_deg": 231.27,
        "los_lon": 77.929318,
        "los_lat": 20.235524,
        "los_azimuth_deg": 291.2,
        "confidence": "medium",
        "aoi_covered": false,
        "aoi_points_inside": 0,
        "reference_swath_file": "swath_jpss.geojson",
        "reference_swath_source_count": 20,
        "reference_swath_station_inside_count": 5,
        "reference_swath_buffer_intersects_count": 20,
        "reference_swath_satellites": "JPSS-1 (NOAA-20)",
        "reference_swath_sensors": "VIIRS",
        "reference_swath_time_min": "2026-06-17T06:52:26Z",
        "reference_swath_time_max": "2026-06-22T06:58:49.5Z",
        "reference_swath_note": "sample footprint only; not time-matched to this planning pass",
        "type": "aos",
        "color": "cyan"
      },
      "geometry": {
        "type": "Point",
        "coordinates": [
          83.06034537182927,
          -1.8674378523338782
        ]
      }
    },
    {
      "type": "Feature",
      "properties": {
        "satellite": "NOAA 20 (JPSS-1)",
        "direction": "ascending",
        "planning_method": "topocentric_elevation_access",
        "min_elevation_deg": 5.0,
        "tle_epoch_utc": "2026-08-09T20:27:58Z",
        "tle_age_hours": 35.52,
        "tle_quality": "good",
        "aos_utc": "2026-08-11T07:58:56Z",
        "los_utc": "2026-08-11T08:05:14Z",
        "tca_utc": "2026-08-11T08:02:00Z",
        "max_elevation_utc": "2026-08-11T08:02:00Z",
        "duration_minutes": 6.31,
        "min_distance_km": 2264.81,
        "max_elevation_deg": 8.6,
        "tca_azimuth_deg": 260.33,
        "tca_elevation_deg": 8.6,
        "tca_slant_range_km": 2535.11,
        "closest_lon": 80.62257,
        "closest_lat": 8.877799,
        "aos_lon": 83.060345,
        "aos_lat": -1.867438,
        "aos_azimuth_deg": 231.27,
        "los_lon": 77.929318,
        "los_lat": 20.235524,
        "los_azimuth_deg": 291.2,
        "confidence": "medium",
        "aoi_covered": false,
        "aoi_points_inside": 0,
        "reference_swath_file": "swath_jpss.geojson",
        "reference_swath_source_count": 20,
        "reference_swath_station_inside_count": 5,
        "reference_swath_buffer_intersects_count": 20,
        "reference_swath_satellites": "JPSS-1 (NOAA-20)",
        "reference_swath_sensors": "VIIRS",
        "reference_swath_time_min": "2026-06-17T06:52:26Z",
        "reference_swath_time_max": "2026-06-22T06:58:49.5Z",
        "reference_swath_note": "sample footprint only; not time-matched to this planning pass",
        "type": "tca",
        "color": "yellow"
      },
      "geometry": {
        "type": "Point",
        "coordinates": [
          80.62256988549973,
          8.877798917472694
        ]
      }
    },
    {
      "type": "Feature",
      "properties": {
        "satellite": "NOAA 20 (JPSS-1)",
        "direction": "ascending",
        "planning_method": "topocentric_elevation_access",
        "min_elevation_deg": 5.0,
        "tle_epoch_utc": "2026-08-09T20:27:58Z",
        "tle_age_hours": 35.52,
        "tle_quality": "good",
        "aos_utc": "2026-08-11T07:58:56Z",
        "los_utc": "2026-08-11T08:05:14Z",
        "tca_utc": "2026-08-11T08:02:00Z",
        "max_elevation_utc": "2026-08-11T08:02:00Z",
        "duration_minutes": 6.31,
        "min_distance_km": 2264.81,
        "max_elevation_deg": 8.6,
        "tca_azimuth_deg": 260.33,
        "tca_elevation_deg": 8.6,
        "tca_slant_range_km": 2535.11,
        "closest_lon": 80.62257,
        "closest_lat": 8.877799,
        "aos_lon": 83.060345,
        "aos_lat": -1.867438,
        "aos_azimuth_deg": 231.27,
        "los_lon": 77.929318,
        "los_lat": 20.235524,
        "los_azimuth_deg": 291.2,
        "confidence": "medium",
        "aoi_covered": false,
        "aoi_points_inside": 0,
        "reference_swath_file": "swath_jpss.geojson",
        "reference_swath_source_count": 20,
        "reference_swath_station_inside_count": 5,
        "reference_swath_buffer_intersects_count": 20,
        "reference_swath_satellites": "JPSS-1 (NOAA-20)",
        "reference_swath_sensors": "VIIRS",
        "reference_swath_time_min": "2026-06-17T06:52:26Z",
        "reference_swath_time_max": "2026-06-22T06:58:49.5Z",
        "reference_swath_note": "sample footprint only; not time-matched to this planning pass",
        "type": "los",
        "color": "green"
      },
      "geometry": {
        "type": "Point",
        "coordinates": [
          77.92931813614462,
          20.23552433484515
        ]
      }
    }
  ]
}
