{
  "type": "FeatureCollection",
  "features": [
    {
      "type": "Feature",
      "properties": {
        "type": "station",
        "buffer_km": 2500.0,
        "min_elevation_deg": 5.0,
        "reference_swath_file": "swath_jpss.geojson",
        "reference_swath_source_count": 20,
        "reference_swath_station_inside_count": 5,
        "aoi_file": "aoi_demo.geojson",
        "aoi_feature_count": 1
      },
      "geometry": {
        "type": "Point",
        "coordinates": [
          100.929,
          13.1014
        ]
      }
    },
    {
      "type": "Feature",
      "properties": {
        "type": "station_buffer",
        "buffer_km": 2500.0,
        "planning_note": "reference buffer from the original rough planning flow"
      },
      "geometry": {
        "type": "Polygon",
        "coordinates": [
          [
            [
              100.92900000000003,
              35.58440909311344
            ],
            [
              101.86910049112305,
              35.568425833349146
            ],
            [
              102.8071854164873,
              35.520514627612656
            ],
            [
              103.74125301330503,
              35.440790868636434
            ],
            [
              104.66932886248662,
              35.329445791758666
            ],
            [
              105.58947891409713,
              35.18674487115753
            ],
            [
              106.4998217624335,
              35.01302562368628
            ],
            [
              107.3985399612443,
              34.80869486712545
            ],
            [
              108.28389020156516,
              34.574225489928246
            ],
            [
              109.15421221125598,
              34.31015279771458
            ],
            [
              110.00793627475178,
              34.01707050766718
            ],
            [
              110.84358931192929,
              33.69562646551572
            ],
            [
              111.65979949456636,
              33.34651816099857
            ],
            [
              112.4552994160531,
              32.97048811670327
            ],
            [
              113.228927863509,
              32.56831922223479
            ],
            [
              113.97963027028396,
              32.14083008103399
            ],
            [
              114.70645795034648,
              31.688870431201067
            ],
            [
              115.40856623399208,
              31.213316694721694
            ],
            [
              116.0852116366487,
              30.715067701894142
            ],
            [
              116.73574819959248,
              30.195040629844414
            ],
            [
              117.35962314358375,
              29.654167186086458
            ],
            [
              117.95637197441874,
              29.093390060387613
            ],
            [
              118.52561317386926,
              28.513659660940252
            ],
            [
              119.06704260119136,
              27.915931144170358
            ],
            [
              119.58042772005126,
              27.301161741540614
            ],
            [
              120.06560175403058,
              26.67030838148974
            ],
            [
              120.52245786143328,
              26.024325600215082
            ],
            [
              120.95094340746601,
              25.364163731343453
            ],
            [
              121.35105439941378,
              24.690767361611602
            ],
            [
              121.72283013854604,
              24.005074037440583
            ],
            [
              122.0663481313934,
              23.30801320567194
            ],
            [
              122.38171929292196,
              22.60050537066565
            ],
            [
              122.66908346508797,
              21.883461449364376
            ],
            [
              122.92860526633092,
              21.157782305730723
            ],
            [
              123.16047028075184,
              20.424358446091787
            ],
            [
              123.36488158998469,
              19.684069857310917
            ],
            [
              123.5420566460379,
              18.937785970290687
            ],
            [
              123.69222447957407,
              18.186365732038595
            ],
            [
              123.81562323511787,
              17.430657770352415
            ],
            [
              123.91249802243084,
              16.671500636066003
            ],
            [
              123.98309907167163,
              15.909723108705652
            ],
            [
              124.0276801788728,
              15.146144552316409
            ],
            [
              124.04649742761859,
              14.381575309105877
            ],
            [
              124.03980817251636,
              13.616817119405308
            ],
            [
              124.00787027004526,
              12.852663557252704
            ],
            [
              123.95094154256185,
              12.089900471653731
            ],
            [
              123.86927946159062,
              11.329306424269467
            ],
            [
              123.7631410369678,
              10.57165311491458
            ],
            [
              123.6327828988978,
              9.817705786826856
            ],
            [
              123.4784615604782,
              9.068223604192555
            ],
            [
              123.30043384872522,
              8.323959994886467
            ],
            [
              123.09895749254929,
              7.58566295181774
            ],
            [
              122.87429185647579,
              6.85407528666882
            ],
            [
              122.62669880915621,
              6.129934830184693
            ],
            [
              122.35644371585471,
              5.413974573520592
            ],
            [
              122.06379654411933,
              4.706922745498742
            ],
            [
              121.74903307174316,
              4.00950282096753
            ],
            [
              121.4124361858918,
              3.3224334558100987
            ],
            [
              121.05429726191664,
              2.6464283445232004
            ],
            [
              120.67491760989645,
              1.9821959966911196
            ],
            [
              120.27460997635717,
              1.330439429122864
            ],
            [
              119.85370008793262,
              0.6918557709124528
            ],
            [
              119.41252822295166,
              0.06713577923001125
            ],
            [
              118.95145079610398,
              -0.5430367357377842
            ],
            [
              118.47084194046306,
              -1.1379855775994963
            ],
            [
              117.9710950702646,
              -1.7170429224721164
            ],
            [
              117.45262440698525,
              -2.2795501689175803
            ],
            [
              116.91586645047539,
              -2.824858877522657
            ],
            [
              116.36128137621085,
              -3.352331797568511
            ],
            [
              115.78935433918986,
              -3.861343977196314
            ],
            [
              115.20059666464579,
              -4.351283952377454
            ],
            [
              114.59554690563397,
              -4.821555008853054
            ],
            [
              113.9747717477066,
              -5.271576510033172
            ],
            [
              113.33886674137261,
              -5.700785282658385
            ],
            [
              112.68845684386787,
              -6.108637050848061
            ],
            [
              112.02419675297841,
              -6.494607908013856
            ],
            [
              111.34677101727607,
              -6.858195815030501
            ],
            [
              110.65689390915924,
              -7.1989221120572315
            ],
            [
              109.95530904953443,
              -7.516333030521086
            ],
            [
              109.24278877581708,
              -7.810001191037654
            ],
            [
              108.52013324813635,
              -8.079527072483451
            ],
            [
              107.78816929216248,
              -8.324540437073974
            ],
            [
              107.04774898076784,
              -8.544701696165736
            ],
            [
              106.29974796072025,
              -8.73970320160791
            ],
            [
              105.54506353469526,
              -8.90927044783429
            ],
            [
              104.78461251299632,
              -9.053163170515571
            ],
            [
              104.01932885337686,
              -9.171176328487059
            ],
            [
              103.25016111116747,
              -9.26314095682014
            ],
            [
              102.47806972541446,
              -9.328924880303571
            ],
            [
              101.70402416983558,
              -9.368433278219754
            ],
            [
              100.92900000000003,
              -9.38160909311345
            ],
            [
              100.15397583016443,
              -9.368433278219754
            ],
            [
              99.3799302745856,
              -9.328924880303571
            ],
            [
              98.60783888883253,
              -9.26314095682014
            ],
            [
              97.83867114662314,
              -9.171176328487055
            ],
            [
              97.07338748700374,
              -9.053163170515571
            ],
            [
              96.3129364653048,
              -8.909270447834286
            ],
            [
              95.55825203927981,
              -8.73970320160791
            ],
            [
              94.81025101923217,
              -8.544701696165736
            ],
            [
              94.06983070783758,
              -8.324540437073978
            ],
            [
              93.33786675186366,
              -8.079527072483451
            ],
            [
              92.61521122418293,
              -7.8100011910376566
            ],
            [
              91.90269095046557,
              -7.516333030521086
            ],
            [
              91.20110609084077,
              -7.198922112057228
            ],
            [
              90.51122898272394,
              -6.858195815030498
            ],
            [
              89.83380324702159,
              -6.494607908013853
            ],
            [
              89.16954315613214,
              -6.108637050848063
            ],
            [
              88.51913325862745,
              -5.700785282658392
            ],
            [
              87.8832282522934,
              -5.271576510033175
            ],
            [
              87.2624530943661,
              -4.821555008853058
            ],
            [
              86.65740333535422,
              -4.3512839523774565
            ],
            [
              86.06864566081015,
              -3.86134397719632
            ],
            [
              85.49671862378915,
              -3.352331797568508
            ],
            [
              84.94213354952467,
              -2.824858877522654
            ],
            [
              84.40537559301475,
              -2.2795501689175786
            ],
            [
              83.88690492973546,
              -1.7170429224721182
            ],
            [
              83.387158059537,
              -1.1379855775994916
            ],
            [
              82.90654920389602,
              -0.543036735737789
            ],
            [
              82.44547177704834,
              0.06713577923001443
            ],
            [
              82.00429991206738,
              0.691855770912448
            ],
            [
              81.58339002364283,
              1.3304394291228512
            ],
            [
              81.18308239010355,
              1.982195996691123
            ],
            [
              80.80370273808336,
              2.6464283445231955
            ],
            [
              80.44556381410825,
              3.322433455810102
            ],
            [
              80.10896692825685,
              4.0095028209675245
            ],
            [
              79.79420345588068,
              4.706922745498746
            ],
            [
              79.5015562841453,
              5.413974573520588
            ],
            [
              79.23130119084385,
              6.1299348301846965
            ],
            [
              78.98370814352427,
              6.85407528666882
            ],
            [
              78.75904250745077,
              7.5856629518177305
            ],
            [
              78.55756615127478,
              8.323959994886467
            ],
            [
              78.37953843952187,
              9.068223604192543
            ],
            [
              78.2252171011022,
              9.81770578682686
            ],
            [
              78.09485896303221,
              10.571653114914575
            ],
            [
              77.98872053840944,
              11.32930642426947
            ],
            [
              77.90705845743821,
              12.089900471653726
            ],
            [
              77.85012972995474,
              12.85266355725271
            ],
            [
              77.81819182748364,
              13.616817119405306
            ],
            [
              77.81150257238141,
              14.381575309105866
            ],
            [
              77.8303198211272,
              15.146144552316409
            ],
            [
              77.87490092832843,
              15.909723108705641
            ],
            [
              77.94550197756917,
              16.671500636066003
            ],
            [
              78.04237676488214,
              17.430657770352408
            ],
            [
              78.16577552042594,
              18.1863657320386
            ],
            [
              78.3159433539621,
              18.93778597029068
            ],
            [
              78.49311841001531,
              19.68406985731092
            ],
            [
              78.69752971924822,
              20.424358446091787
            ],
            [
              78.92939473366914,
              21.157782305730713
            ],
            [
              79.18891653491204,
              21.883461449364372
            ],
            [
              79.4762807070781,
              22.600505370665648
            ],
            [
              79.79165186860666,
              23.30801320567194
            ],
            [
              80.13516986145396,
              24.005074037440576
            ],
            [
              80.50694560058622,
              24.690767361611606
            ],
            [
              80.90705659253399,
              25.364163731343446
            ],
            [
              81.33554213856672,
              26.024325600215086
            ],
            [
              81.79239824596948,
              26.670308381489733
            ],
            [
              82.27757227994874,
              27.301161741540607
            ],
            [
              82.7909573988087,
              27.915931144170358
            ],
            [
              83.33238682613069,
              28.513659660940245
            ],
            [
              83.90162802558132,
              29.093390060387613
            ],
            [
              84.49837685641626,
              29.65416718608645
            ],
            [
              85.12225180040753,
              30.19504062984442
            ],
            [
              85.77278836335131,
              30.715067701894142
            ],
            [
              86.44943376600793,
              31.2133166947217
            ],
            [
              87.15154204965353,
              31.688870431201067
            ],
            [
              87.87836972971604,
              32.14083008103398
            ],
            [
              88.629072136491,
              32.56831922223479
            ],
            [
              89.40270058394691,
              32.970488116703265
            ],
            [
              90.19820050543365,
              33.34651816099857
            ],
            [
              91.01441068807071,
              33.695626465515716
            ],
            [
              91.85006372524822,
              34.01707050766718
            ],
            [
              92.70378778874402,
              34.31015279771458
            ],
            [
              93.57410979843485,
              34.574225489928246
            ],
            [
              94.45946003875571,
              34.80869486712545
            ],
            [
              95.35817823756645,
              35.013025623686275
            ],
            [
              96.26852108590288,
              35.18674487115753
            ],
            [
              97.18867113751338,
              35.32944579175866
            ],
            [
              98.11674698669498,
              35.440790868636434
            ],
            [
              99.0508145835127,
              35.520514627612656
            ],
            [
              99.98889950887695,
              35.568425833349146
            ],
            [
              100.92900000000003,
              35.58440909311344
            ]
          ]
        ]
      }
    },
    {
      "type": "Feature",
      "properties": {
        "type": "reference_swath",
        "source": "swath_jpss.geojson",
        "source_index": 0,
        "satellite": "JPSS-1",
        "satellite_name": "JPSS-1 (NOAA-20)",
        "sensor": "VIIRS",
        "sensor_name": "Visible Infrared Imaging Radiometer Suite",
        "product": "FLOOD",
        "datetime": "2026-06-22T06:58:49.5Z",
        "filename": null,
        "station_inside": false,
        "station_buffer_intersects": true,
        "bounds": [
          95.927315,
          13.008593,
          105.928665,
          18.103685
        ],
        "planning_note": "reference swath sample; not time-matched to the generated TLE planning window"
      },
      "geometry": {
        "type": "Polygon",
        "coordinates": [
          [
            [
              95.94417485177617,
              18.10368528285678
            ],
            [
              95.92731485479396,
              13.008593222825564
            ],
            [
              105.92866506463962,
              14.306813238121407
            ],
            [
              105.92866506463962,
              18.10368528285678
            ],
            [
              95.94417485177617,
              18.10368528285678
            ]
          ]
        ]
      }
    },
    {
      "type": "Feature",
      "properties": {
        "type": "reference_swath",
        "source": "swath_jpss.geojson",
        "source_index": 1,
        "satellite": "JPSS-1",
        "satellite_name": "JPSS-1 (NOAA-20)",
        "sensor": "VIIRS",
        "sensor_name": "Visible Infrared Imaging Radiometer Suite",
        "product": "FLOOD",
        "datetime": "2026-06-22T06:57:24Z",
        "filename": null,
        "station_inside": true,
        "station_buffer_intersects": true,
        "bounds": [
          95.927315,
          8.102333,
          105.928665,
          14.347277
        ],
        "planning_note": "reference swath sample; not time-matched to the generated TLE planning window"
      },
      "geometry": {
        "type": "Polygon",
        "coordinates": [
          [
            [
              105.9185490664503,
              14.34727723859816
            ],
            [
              95.92731485479396,
              13.011965222865294
            ],
            [
              95.92731485479396,
              8.102333165019198
            ],
            [
              105.92866506463962,
              9.201605177971004
            ],
            [
              105.9185490664503,
              14.34727723859816
            ]
          ]
        ]
      }
    },
    {
      "type": "Feature",
      "properties": {
        "type": "reference_swath",
        "source": "swath_jpss.geojson",
        "source_index": 2,
        "satellite": "JPSS-1",
        "satellite_name": "JPSS-1 (NOAA-20)",
        "sensor": "VIIRS",
        "sensor_name": "Visible Infrared Imaging Radiometer Suite",
        "product": "FLOOD",
        "datetime": "2026-06-22T06:55:58Z",
        "filename": null,
        "station_inside": false,
        "station_buffer_intersects": true,
        "bounds": [
          97.953886,
          8.102333,
          105.928665,
          9.231953
        ],
        "planning_note": "reference swath sample; not time-matched to the generated TLE planning window"
      },
      "geometry": {
        "type": "Polygon",
        "coordinates": [
          [
            [
              105.90506106886453,
              9.231953178328569
            ],
            [
              101.54169384986916,
              8.638481171336183
            ],
            [
              97.95388649205533,
              8.102333165019198
            ],
            [
              105.92866506463962,
              8.102333165019198
            ],
            [
              105.90506106886453,
              9.231953178328569
            ]
          ]
        ]
      }
    },
    {
      "type": "Feature",
      "properties": {
        "type": "reference_swath",
        "source": "swath_jpss.geojson",
        "source_index": 3,
        "satellite": "JPSS-1",
        "satellite_name": "JPSS-1 (NOAA-20)",
        "sensor": "VIIRS",
        "sensor_name": "Visible Infrared Imaging Radiometer Suite",
        "product": "FLOOD",
        "datetime": "2026-06-21T07:17:45Z",
        "filename": null,
        "station_inside": false,
        "station_buffer_intersects": true,
        "bounds": [
          95.927315,
          13.399745,
          104.893461,
          18.103685
        ],
        "planning_note": "reference swath sample; not time-matched to the generated TLE planning window"
      },
      "geometry": {
        "type": "Polygon",
        "coordinates": [
          [
            [
              95.92731485479396,
              18.10368528285678
            ],
            [
              95.92731485479396,
              13.399745227434181
            ],
            [
              104.89346124993206,
              14.401229239233832
            ],
            [
              104.28312935917614,
              18.10368528285678
            ],
            [
              95.92731485479396,
              18.10368528285678
            ]
          ]
        ]
      }
    },
    {
      "type": "Feature",
      "properties": {
        "type": "reference_swath",
        "source": "swath_jpss.geojson",
        "source_index": 4,
        "satellite": "JPSS-1",
        "satellite_name": "JPSS-1 (NOAA-20)",
        "sensor": "VIIRS",
        "sensor_name": "Visible Infrared Imaging Radiometer Suite",
        "product": "FLOOD",
        "datetime": "2026-06-21T07:16:19Z",
        "filename": null,
        "station_inside": true,
        "station_buffer_intersects": true,
        "bounds": [
          95.927315,
          8.210237,
          105.810645,
          14.478785
        ],
        "planning_note": "reference swath sample; not time-matched to the generated TLE planning window"
      },
      "geometry": {
        "type": "Polygon",
        "coordinates": [
          [
            [
              104.86648525476053,
              14.478785240147609
            ],
            [
              95.92731485479396,
              13.409861227553371
            ],
            [
              95.92731485479396,
              8.210237166290542
            ],
            [
              105.81064508576416,
              9.478109181228819
            ],
            [
              104.86648525476053,
              14.478785240147609
            ]
          ]
        ]
      }
    },
    {
      "type": "Feature",
      "properties": {
        "type": "reference_swath",
        "source": "swath_jpss.geojson",
        "source_index": 5,
        "satellite": "JPSS-1",
        "satellite_name": "JPSS-1 (NOAA-20)",
        "sensor": "VIIRS",
        "sensor_name": "Visible Infrared Imaging Radiometer Suite",
        "product": "FLOOD",
        "datetime": "2026-06-21T07:14:53.5Z",
        "filename": null,
        "station_inside": false,
        "station_buffer_intersects": true,
        "bounds": [
          95.927315,
          8.102333,
          105.928665,
          9.555665
        ],
        "planning_note": "reference swath sample; not time-matched to the generated TLE planning window"
      },
      "geometry": {
        "type": "Polygon",
        "coordinates": [
          [
            [
              105.79041308938552,
              9.555665182142597
            ],
            [
              96.17009881133775,
              8.267561166965942
            ],
            [
              95.92731485479396,
              8.102333165019198
            ],
            [
              105.92866506463962,
              8.102333165019198
            ],
            [
              105.79041308938552,
              9.555665182142597
            ]
          ]
        ]
      }
    },
    {
      "type": "Feature",
      "properties": {
        "type": "reference_swath",
        "source": "swath_jpss.geojson",
        "source_index": 6,
        "satellite": "JPSS-1",
        "satellite_name": "JPSS-1 (NOAA-20)",
        "sensor": "VIIRS",
        "sensor_name": "Visible Infrared Imaging Radiometer Suite",
        "product": "FLOOD",
        "datetime": "2026-06-21T05:38:10.5Z",
        "filename": null,
        "station_inside": false,
        "station_buffer_intersects": true,
        "bounds": [
          100.38847,
          16.765001,
          105.928665,
          18.103685
        ],
        "planning_note": "reference swath sample; not time-matched to the generated TLE planning window"
      },
      "geometry": {
        "type": "Polygon",
        "coordinates": [
          [
            [
              100.38847005628614,
              18.10368528285678
            ],
            [
              100.82008597903067,
              16.765001267084184
            ],
            [
              105.92866506463962,
              17.90473728051274
            ],
            [
              105.92866506463962,
              18.10368528285678
            ],
            [
              100.38847005628614,
              18.10368528285678
            ]
          ]
        ]
      }
    },
    {
      "type": "Feature",
      "properties": {
        "type": "reference_swath",
        "source": "swath_jpss.geojson",
        "source_index": 7,
        "satellite": "JPSS-1",
        "satellite_name": "JPSS-1 (NOAA-20)",
        "sensor": "VIIRS",
        "sensor_name": "Visible Infrared Imaging Radiometer Suite",
        "product": "FLOOD",
        "datetime": "2026-06-21T05:36:44.5Z",
        "filename": null,
        "station_inside": false,
        "station_buffer_intersects": true,
        "bounds": [
          100.813342,
          11.929553,
          105.928665,
          17.928341
        ],
        "planning_note": "reference swath sample; not time-matched to the generated TLE planning window"
      },
      "geometry": {
        "type": "Polygon",
        "coordinates": [
          [
            [
              105.91517706705386,
              17.92834128079085
            ],
            [
              100.81334198023778,
              16.835813267918503
            ],
            [
              102.30713771286139,
              11.929553210112136
            ],
            [
              105.92866506463962,
              12.688253219051266
            ],
            [
              105.91517706705386,
              17.92834128079085
            ]
          ]
        ]
      }
    },
    {
      "type": "Feature",
      "properties": {
        "type": "reference_swath",
        "source": "swath_jpss.geojson",
        "source_index": 8,
        "satellite": "JPSS-1",
        "satellite_name": "JPSS-1 (NOAA-20)",
        "sensor": "VIIRS",
        "sensor_name": "Visible Infrared Imaging Radiometer Suite",
        "product": "FLOOD",
        "datetime": "2026-06-21T05:35:19Z",
        "filename": null,
        "station_inside": false,
        "station_buffer_intersects": true,
        "bounds": [
          102.307138,
          8.102333,
          105.928665,
          12.725345
        ],
        "planning_note": "reference swath sample; not time-matched to the generated TLE planning window"
      },
      "geometry": {
        "type": "Polygon",
        "coordinates": [
          [
            [
              105.92192106584673,
              12.72534521948829
            ],
            [
              102.30713771286139,
              12.003737210986184
            ],
            [
              103.3861775197227,
              8.102333165019198
            ],
            [
              105.92866506463962,
              8.102333165019198
            ],
            [
              105.92192106584673,
              12.72534521948829
            ]
          ]
        ]
      }
    },
    {
      "type": "Feature",
      "properties": {
        "type": "reference_swath",
        "source": "swath_jpss.geojson",
        "source_index": 9,
        "satellite": "JPSS-1",
        "satellite_name": "JPSS-1 (NOAA-20)",
        "sensor": "VIIRS",
        "sensor_name": "Visible Infrared Imaging Radiometer Suite",
        "product": "FLOOD",
        "datetime": "2026-06-20T05:57:05.5Z",
        "filename": null,
        "station_inside": false,
        "station_buffer_intersects": true,
        "bounds": [
          95.927315,
          16.498613,
          103.581753,
          18.103685
        ],
        "planning_note": "reference swath sample; not time-matched to the generated TLE planning window"
      },
      "geometry": {
        "type": "Polygon",
        "coordinates": [
          [
            [
              95.92731485479396,
              18.10368528285678
            ],
            [
              96.13975081676978,
              16.498613263945558
            ],
            [
              103.5817534847163,
              18.096941282777323
            ],
            [
              103.5817534847163,
              18.10368528285678
            ],
            [
              95.92731485479396,
              18.10368528285678
            ]
          ]
        ]
      }
    },
    {
      "type": "Feature",
      "properties": {
        "type": "reference_swath",
        "source": "swath_jpss.geojson",
        "source_index": 10,
        "satellite": "JPSS-1",
        "satellite_name": "JPSS-1 (NOAA-20)",
        "sensor": "VIIRS",
        "sensor_name": "Visible Infrared Imaging Radiometer Suite",
        "product": "FLOOD",
        "datetime": "2026-06-20T05:55:40Z",
        "filename": null,
        "station_inside": true,
        "station_buffer_intersects": true,
        "bounds": [
          96.129635,
          11.666537,
          105.928665,
          18.103685
        ],
        "planning_note": "reference swath sample; not time-matched to the generated TLE planning window"
      },
      "geometry": {
        "type": "Polygon",
        "coordinates": [
          [
            [
              105.92866506463962,
              18.10368528285678
            ],
            [
              96.12963481858046,
              16.572797264819606
            ],
            [
              97.63354654939339,
              11.666537207013238
            ],
            [
              105.92866506463962,
              13.305329226321756
            ],
            [
              105.92866506463962,
              18.10368528285678
            ]
          ]
        ]
      }
    },
    {
      "type": "Feature",
      "properties": {
        "type": "reference_swath",
        "source": "swath_jpss.geojson",
        "source_index": 11,
        "satellite": "JPSS-1",
        "satellite_name": "JPSS-1 (NOAA-20)",
        "sensor": "VIIRS",
        "sensor_name": "Visible Infrared Imaging Radiometer Suite",
        "product": "FLOOD",
        "datetime": "2026-06-20T05:54:14Z",
        "filename": null,
        "station_inside": false,
        "station_buffer_intersects": true,
        "bounds": [
          97.626803,
          8.102333,
          105.928665,
          13.318817
        ],
        "planning_note": "reference swath sample; not time-matched to the generated TLE planning window"
      },
      "geometry": {
        "type": "Polygon",
        "coordinates": [
          [
            [
              105.92529306524318,
              13.318817226480675
            ],
            [
              97.6268025506005,
              11.744093207927015
            ],
            [
              98.63503037013653,
              8.105705165058929
            ],
            [
              105.92866506463962,
              8.102333165019198
            ],
            [
              105.92529306524318,
              13.318817226480675
            ]
          ]
        ]
      }
    },
    {
      "type": "Feature",
      "properties": {
        "type": "reference_swath",
        "source": "swath_jpss.geojson",
        "source_index": 12,
        "satellite": "JPSS-1",
        "satellite_name": "JPSS-1 (NOAA-20)",
        "sensor": "VIIRS",
        "sensor_name": "Visible Infrared Imaging Radiometer Suite",
        "product": "FLOOD",
        "datetime": "2026-06-19T06:16:00.5Z",
        "filename": null,
        "station_inside": false,
        "station_buffer_intersects": true,
        "bounds": [
          95.927315,
          17.237081,
          100.317658,
          18.103685
        ],
        "planning_note": "reference swath sample; not time-matched to the generated TLE planning window"
      },
      "geometry": {
        "type": "Polygon",
        "coordinates": [
          [
            [
              100.31765806896087,
              18.10368528285678
            ],
            [
              95.92731485479396,
              17.237081272646307
            ],
            [
              100.31765806896087,
              18.096941282777323
            ],
            [
              100.31765806896087,
              18.10368528285678
            ]
          ]
        ]
      }
    },
    {
      "type": "Feature",
      "properties": {
        "type": "reference_swath",
        "source": "swath_jpss.geojson",
        "source_index": 13,
        "satellite": "JPSS-1",
        "satellite_name": "JPSS-1 (NOAA-20)",
        "sensor": "VIIRS",
        "sensor_name": "Visible Infrared Imaging Radiometer Suite",
        "product": "FLOOD",
        "datetime": "2026-06-19T06:14:35Z",
        "filename": null,
        "station_inside": true,
        "station_buffer_intersects": true,
        "bounds": [
          95.927315,
          12.027341,
          105.928665,
          18.103685
        ],
        "planning_note": "reference swath sample; not time-matched to the generated TLE planning window"
      },
      "geometry": {
        "type": "Polygon",
        "coordinates": [
          [
            [
              105.92866506463962,
              18.10368528285678
            ],
            [
              95.92731485479396,
              17.267429273003874
            ],
            [
              95.92731485479396,
              12.027341211264291
            ],
            [
              105.92866506463962,
              13.814501232320906
            ],
            [
              105.92866506463962,
              18.10368528285678
            ]
          ]
        ]
      }
    },
    {
      "type": "Feature",
      "properties": {
        "type": "reference_swath",
        "source": "swath_jpss.geojson",
        "source_index": 14,
        "satellite": "JPSS-1",
        "satellite_name": "JPSS-1 (NOAA-20)",
        "sensor": "VIIRS",
        "sensor_name": "Visible Infrared Imaging Radiometer Suite",
        "product": "FLOOD",
        "datetime": "2026-06-19T06:13:10Z",
        "filename": null,
        "station_inside": false,
        "station_buffer_intersects": true,
        "bounds": [
          95.927315,
          8.102333,
          105.928665,
          13.817873
        ],
        "planning_note": "reference swath sample; not time-matched to the generated TLE planning window"
      },
      "geometry": {
        "type": "Polygon",
        "coordinates": [
          [
            [
              105.9185490664503,
              13.817873232360636
            ],
            [
              95.92731485479396,
              12.071177211780775
            ],
            [
              95.92731485479396,
              8.102333165019198
            ],
            [
              105.92866506463962,
              8.702549172091043
            ],
            [
              105.9185490664503,
              13.817873232360636
            ]
          ]
        ]
      }
    },
    {
      "type": "Feature",
      "properties": {
        "type": "reference_swath",
        "source": "swath_jpss.geojson",
        "source_index": 15,
        "satellite": "JPSS-1",
        "satellite_name": "JPSS-1 (NOAA-20)",
        "sensor": "VIIRS",
        "sensor_name": "Visible Infrared Imaging Radiometer Suite",
        "product": "FLOOD",
        "datetime": "2026-06-19T06:11:45Z",
        "filename": null,
        "station_inside": false,
        "station_buffer_intersects": true,
        "bounds": [
          102.179002,
          8.102333,
          105.928665,
          8.260817
        ],
        "planning_note": "reference swath sample; not time-matched to the generated TLE planning window"
      },
      "geometry": {
        "type": "Polygon",
        "coordinates": [
          [
            [
              105.92866506463962,
              8.102333165019198
            ],
            [
              103.08269757404295,
              8.260817166886483
            ],
            [
              102.17900173579662,
              8.102333165019198
            ],
            [
              105.92866506463962,
              8.102333165019198
            ]
          ]
        ]
      }
    },
    {
      "type": "Feature",
      "properties": {
        "type": "reference_swath",
        "source": "swath_jpss.geojson",
        "source_index": 16,
        "satellite": "JPSS-1",
        "satellite_name": "JPSS-1 (NOAA-20)",
        "sensor": "VIIRS",
        "sensor_name": "Visible Infrared Imaging Radiometer Suite",
        "product": "FLOOD",
        "datetime": "2026-06-18T06:33:31Z",
        "filename": null,
        "station_inside": false,
        "station_buffer_intersects": true,
        "bounds": [
          95.927315,
          12.762437,
          105.928665,
          18.103685
        ],
        "planning_note": "reference swath sample; not time-matched to the generated TLE planning window"
      },
      "geometry": {
        "type": "Polygon",
        "coordinates": [
          [
            [
              105.92866506463962,
              18.10368528285678
            ],
            [
              95.92731485479396,
              17.901365280473012
            ],
            [
              95.92731485479396,
              12.762437219925314
            ],
            [
              105.92866506463962,
              14.327045238359783
            ],
            [
              105.92866506463962,
              18.10368528285678
            ]
          ]
        ]
      }
    },
    {
      "type": "Feature",
      "properties": {
        "type": "reference_swath",
        "source": "swath_jpss.geojson",
        "source_index": 17,
        "satellite": "JPSS-1",
        "satellite_name": "JPSS-1 (NOAA-20)",
        "sensor": "VIIRS",
        "sensor_name": "Visible Infrared Imaging Radiometer Suite",
        "product": "FLOOD",
        "datetime": "2026-06-18T06:32:06Z",
        "filename": null,
        "station_inside": true,
        "station_buffer_intersects": true,
        "bounds": [
          95.927315,
          8.102333,
          105.928665,
          14.347277
        ],
        "planning_note": "reference swath sample; not time-matched to the generated TLE planning window"
      },
      "geometry": {
        "type": "Polygon",
        "coordinates": [
          [
            [
              105.9185490664503,
              14.34727723859816
            ],
            [
              95.9306868541904,
              12.78266922016369
            ],
            [
              95.92731485479396,
              8.102333165019198
            ],
            [
              105.92866506463962,
              9.137537177216144
            ],
            [
              105.9185490664503,
              14.34727723859816
            ]
          ]
        ]
      }
    },
    {
      "type": "Feature",
      "properties": {
        "type": "reference_swath",
        "source": "swath_jpss.geojson",
        "source_index": 18,
        "satellite": "JPSS-1",
        "satellite_name": "JPSS-1 (NOAA-20)",
        "sensor": "VIIRS",
        "sensor_name": "Visible Infrared Imaging Radiometer Suite",
        "product": "FLOOD",
        "datetime": "2026-06-18T06:30:40.5Z",
        "filename": null,
        "station_inside": false,
        "station_buffer_intersects": true,
        "bounds": [
          99.100366,
          8.102333,
          105.928665,
          9.151025
        ],
        "planning_note": "reference swath sample; not time-matched to the generated TLE planning window"
      },
      "geometry": {
        "type": "Polygon",
        "coordinates": [
          [
            [
              105.91517706705386,
              9.151025177375061
            ],
            [
              101.91598578287417,
              8.547437170263487
            ],
            [
              99.10036628684547,
              8.102333165019198
            ],
            [
              105.92866506463962,
              8.102333165019198
            ],
            [
              105.91517706705386,
              9.151025177375061
            ]
          ]
        ]
      }
    },
    {
      "type": "Feature",
      "properties": {
        "type": "reference_swath",
        "source": "swath_jpss.geojson",
        "source_index": 19,
        "satellite": "JPSS-1",
        "satellite_name": "JPSS-1 (NOAA-20)",
        "sensor": "VIIRS",
        "sensor_name": "Visible Infrared Imaging Radiometer Suite",
        "product": "FLOOD",
        "datetime": "2026-06-17T06:52:26Z",
        "filename": null,
        "station_inside": false,
        "station_buffer_intersects": true,
        "bounds": [
          95.927315,
          13.288469,
          105.928665,
          18.103685
        ],
        "planning_note": "reference swath sample; not time-matched to the generated TLE planning window"
      },
      "geometry": {
        "type": "Polygon",
        "coordinates": [
          [
            [
              95.92731485479396,
              18.10368528285678
            ],
            [
              95.92731485479396,
              13.288469226123109
            ],
            [
              105.92866506463962,
              14.647385242134083
            ],
            [
              105.92866506463962,
              18.10368528285678
            ],
            [
              95.92731485479396,
              18.10368528285678
            ]
          ]
        ]
      }
    },
    {
      "type": "Feature",
      "properties": {
        "type": "aoi",
        "source": "aoi_demo.geojson",
        "feature_count": 1
      },
      "geometry": {
        "type": "Polygon",
        "coordinates": [
          [
            [
              99.5,
              12.2
            ],
            [
              102.4,
              12.2
            ],
            [
              102.4,
              14.0
            ],
            [
              99.5,
              14.0
            ],
            [
              99.5,
              12.2
            ]
          ]
        ]
      }
    },
    {
      "type": "Feature",
      "properties": {
        "satellite": "NOAA 21 (JPSS-2)",
        "direction": "descending",
        "planning_method": "topocentric_elevation_access",
        "min_elevation_deg": 5.0,
        "tle_epoch_utc": "2026-08-09T19:32:23Z",
        "tle_age_hours": -26.29,
        "tle_quality": "good",
        "aos_utc": "2026-08-08T17:15:11Z",
        "los_utc": "2026-08-08T17:17:56Z",
        "tca_utc": "2026-08-08T17:16:30Z",
        "max_elevation_utc": "2026-08-08T17:16:30Z",
        "duration_minutes": 2.75,
        "min_distance_km": 2521.36,
        "max_elevation_deg": 5.62,
        "tca_azimuth_deg": 97.71,
        "tca_elevation_deg": 5.62,
        "tca_slant_range_km": 2790.57,
        "closest_lon": 123.676488,
        "closest_lat": 9.063264,
        "aos_lon": 124.734005,
        "aos_lat": 13.641181,
        "aos_azimuth_deg": 85.72,
        "los_lon": 122.525293,
        "los_lat": 3.984317,
        "los_azimuth_deg": 111.04,
        "confidence": "medium",
        "aoi_covered": false,
        "aoi_points_inside": 0,
        "reference_swath_file": "swath_jpss.geojson",
        "reference_swath_source_count": 20,
        "reference_swath_station_inside_count": 5,
        "reference_swath_buffer_intersects_count": 20,
        "reference_swath_satellites": "JPSS-1 (NOAA-20)",
        "reference_swath_sensors": "VIIRS",
        "reference_swath_time_min": "2026-06-17T06:52:26Z",
        "reference_swath_time_max": "2026-06-22T06:58:49.5Z",
        "reference_swath_note": "sample footprint only; not time-matched to this planning pass",
        "type": "visible_track"
      },
      "geometry": {
        "type": "LineString",
        "coordinates": [
          [
            124.73400524309716,
            13.641181189272753
          ],
          [
            124.48376535295108,
            12.569191181989597
          ],
          [
            124.07848730354584,
            10.81628785602183
          ],
          [
            123.6764883377075,
            9.063264451441274
          ],
          [
            123.2772015031594,
            7.310166092888524
          ],
          [
            122.88008077928203,
            5.557036178063628
          ],
          [
            122.52529305624478,
            3.9843174857906836
          ]
        ]
      }
    },
    {
      "type": "Feature",
      "properties": {
        "satellite": "NOAA 21 (JPSS-2)",
        "direction": "descending",
        "planning_method": "topocentric_elevation_access",
        "min_elevation_deg": 5.0,
        "tle_epoch_utc": "2026-08-09T19:32:23Z",
        "tle_age_hours": -26.29,
        "tle_quality": "good",
        "aos_utc": "2026-08-08T17:15:11Z",
        "los_utc": "2026-08-08T17:17:56Z",
        "tca_utc": "2026-08-08T17:16:30Z",
        "max_elevation_utc": "2026-08-08T17:16:30Z",
        "duration_minutes": 2.75,
        "min_distance_km": 2521.36,
        "max_elevation_deg": 5.62,
        "tca_azimuth_deg": 97.71,
        "tca_elevation_deg": 5.62,
        "tca_slant_range_km": 2790.57,
        "closest_lon": 123.676488,
        "closest_lat": 9.063264,
        "aos_lon": 124.734005,
        "aos_lat": 13.641181,
        "aos_azimuth_deg": 85.72,
        "los_lon": 122.525293,
        "los_lat": 3.984317,
        "los_azimuth_deg": 111.04,
        "confidence": "medium",
        "aoi_covered": false,
        "aoi_points_inside": 0,
        "reference_swath_file": "swath_jpss.geojson",
        "reference_swath_source_count": 20,
        "reference_swath_station_inside_count": 5,
        "reference_swath_buffer_intersects_count": 20,
        "reference_swath_satellites": "JPSS-1 (NOAA-20)",
        "reference_swath_sensors": "VIIRS",
        "reference_swath_time_min": "2026-06-17T06:52:26Z",
        "reference_swath_time_max": "2026-06-22T06:58:49.5Z",
        "reference_swath_note": "sample footprint only; not time-matched to this planning pass",
        "type": "aos",
        "color": "cyan"
      },
      "geometry": {
        "type": "Point",
        "coordinates": [
          124.73400524309716,
          13.641181189272753
        ]
      }
    },
    {
      "type": "Feature",
      "properties": {
        "satellite": "NOAA 21 (JPSS-2)",
        "direction": "descending",
        "planning_method": "topocentric_elevation_access",
        "min_elevation_deg": 5.0,
        "tle_epoch_utc": "2026-08-09T19:32:23Z",
        "tle_age_hours": -26.29,
        "tle_quality": "good",
        "aos_utc": "2026-08-08T17:15:11Z",
        "los_utc": "2026-08-08T17:17:56Z",
        "tca_utc": "2026-08-08T17:16:30Z",
        "max_elevation_utc": "2026-08-08T17:16:30Z",
        "duration_minutes": 2.75,
        "min_distance_km": 2521.36,
        "max_elevation_deg": 5.62,
        "tca_azimuth_deg": 97.71,
        "tca_elevation_deg": 5.62,
        "tca_slant_range_km": 2790.57,
        "closest_lon": 123.676488,
        "closest_lat": 9.063264,
        "aos_lon": 124.734005,
        "aos_lat": 13.641181,
        "aos_azimuth_deg": 85.72,
        "los_lon": 122.525293,
        "los_lat": 3.984317,
        "los_azimuth_deg": 111.04,
        "confidence": "medium",
        "aoi_covered": false,
        "aoi_points_inside": 0,
        "reference_swath_file": "swath_jpss.geojson",
        "reference_swath_source_count": 20,
        "reference_swath_station_inside_count": 5,
        "reference_swath_buffer_intersects_count": 20,
        "reference_swath_satellites": "JPSS-1 (NOAA-20)",
        "reference_swath_sensors": "VIIRS",
        "reference_swath_time_min": "2026-06-17T06:52:26Z",
        "reference_swath_time_max": "2026-06-22T06:58:49.5Z",
        "reference_swath_note": "sample footprint only; not time-matched to this planning pass",
        "type": "tca",
        "color": "yellow"
      },
      "geometry": {
        "type": "Point",
        "coordinates": [
          123.6764883377075,
          9.063264451441274
        ]
      }
    },
    {
      "type": "Feature",
      "properties": {
        "satellite": "NOAA 21 (JPSS-2)",
        "direction": "descending",
        "planning_method": "topocentric_elevation_access",
        "min_elevation_deg": 5.0,
        "tle_epoch_utc": "2026-08-09T19:32:23Z",
        "tle_age_hours": -26.29,
        "tle_quality": "good",
        "aos_utc": "2026-08-08T17:15:11Z",
        "los_utc": "2026-08-08T17:17:56Z",
        "tca_utc": "2026-08-08T17:16:30Z",
        "max_elevation_utc": "2026-08-08T17:16:30Z",
        "duration_minutes": 2.75,
        "min_distance_km": 2521.36,
        "max_elevation_deg": 5.62,
        "tca_azimuth_deg": 97.71,
        "tca_elevation_deg": 5.62,
        "tca_slant_range_km": 2790.57,
        "closest_lon": 123.676488,
        "closest_lat": 9.063264,
        "aos_lon": 124.734005,
        "aos_lat": 13.641181,
        "aos_azimuth_deg": 85.72,
        "los_lon": 122.525293,
        "los_lat": 3.984317,
        "los_azimuth_deg": 111.04,
        "confidence": "medium",
        "aoi_covered": false,
        "aoi_points_inside": 0,
        "reference_swath_file": "swath_jpss.geojson",
        "reference_swath_source_count": 20,
        "reference_swath_station_inside_count": 5,
        "reference_swath_buffer_intersects_count": 20,
        "reference_swath_satellites": "JPSS-1 (NOAA-20)",
        "reference_swath_sensors": "VIIRS",
        "reference_swath_time_min": "2026-06-17T06:52:26Z",
        "reference_swath_time_max": "2026-06-22T06:58:49.5Z",
        "reference_swath_note": "sample footprint only; not time-matched to this planning pass",
        "type": "los",
        "color": "green"
      },
      "geometry": {
        "type": "Point",
        "coordinates": [
          122.52529305624478,
          3.9843174857906836
        ]
      }
    },
    {
      "type": "Feature",
      "properties": {
        "satellite": "SUOMI NPP",
        "direction": "descending",
        "planning_method": "topocentric_elevation_access",
        "min_elevation_deg": 5.0,
        "tle_epoch_utc": "2026-08-09T20:08:34Z",
        "tle_age_hours": -26.35,
        "tle_quality": "good",
        "aos_utc": "2026-08-08T17:47:51Z",
        "los_utc": "2026-08-08T17:57:03Z",
        "tca_utc": "2026-08-08T17:52:30Z",
        "max_elevation_utc": "2026-08-08T17:52:30Z",
        "duration_minutes": 9.19,
        "min_distance_km": 1834.97,
        "max_elevation_deg": 14.57,
        "tca_azimuth_deg": 99.96,
        "tca_elevation_deg": 14.57,
        "tca_slant_range_km": 2112.97,
        "closest_lon": 117.40325,
        "closest_lat": 9.685005,
        "aos_lon": 121.37386,
        "aos_lat": 25.957449,
        "aos_azimuth_deg": 53.03,
        "los_lon": 113.775623,
        "los_lat": -6.274708,
        "los_azimuth_deg": 145.75,
        "confidence": "medium",
        "aoi_covered": false,
        "aoi_points_inside": 0,
        "reference_swath_file": "swath_jpss.geojson",
        "reference_swath_source_count": 20,
        "reference_swath_station_inside_count": 5,
        "reference_swath_buffer_intersects_count": 20,
        "reference_swath_satellites": "JPSS-1 (NOAA-20)",
        "reference_swath_sensors": "VIIRS",
        "reference_swath_time_min": "2026-06-17T06:52:26Z",
        "reference_swath_time_max": "2026-06-22T06:58:49.5Z",
        "reference_swath_note": "sample footprint only; not time-matched to this planning pass",
        "type": "visible_track"
      },
      "geometry": {
        "type": "LineString",
        "coordinates": [
          [
            121.3738599556483,
            25.95744889923199
          ],
          [
            121.24102741434467,
            25.45580106930376
          ],
          [
            120.78737911675108,
            23.7052077880633
          ],
          [
            120.34245265302496,
            21.95402933354628
          ],
          [
            119.90533348903028,
            20.20233994010305
          ],
          [
            119.47517871551042,
            18.450208168869764
          ],
          [
            119.05120730952797,
            16.697697671511392
          ],
          [
            118.63269160678607,
            14.944867857075401
          ],
          [
            118.2189497787532,
            13.191774478425202
          ],
          [
            117.80933915158971,
            11.438470151904092
          ],
          [
            117.40325021427344,
            9.685004821744714
          ],
          [
            117.00010120099194,
            7.931426179000079
          ],
          [
            116.5993331401661,
            6.177780043410328
          ],
          [
            116.20040527926972,
            4.424110715445866
          ],
          [
            115.80279063669536,
            2.6704613050295105
          ],
          [
            115.40597261679738,
            0.9168740426519806
          ],
          [
            115.00944010014507,
            -0.8366094217934799
          ],
          [
            114.61268430930568,
            -2.5899477275273455
          ],
          [
            114.21519486609424,
            -4.343099513995133
          ],
          [
            113.81645599710419,
            -6.096023129895365
          ],
          [
            113.77562329831534,
            -6.274707713212815
          ]
        ]
      }
    },
    {
      "type": "Feature",
      "properties": {
        "satellite": "SUOMI NPP",
        "direction": "descending",
        "planning_method": "topocentric_elevation_access",
        "min_elevation_deg": 5.0,
        "tle_epoch_utc": "2026-08-09T20:08:34Z",
        "tle_age_hours": -26.35,
        "tle_quality": "good",
        "aos_utc": "2026-08-08T17:47:51Z",
        "los_utc": "2026-08-08T17:57:03Z",
        "tca_utc": "2026-08-08T17:52:30Z",
        "max_elevation_utc": "2026-08-08T17:52:30Z",
        "duration_minutes": 9.19,
        "min_distance_km": 1834.97,
        "max_elevation_deg": 14.57,
        "tca_azimuth_deg": 99.96,
        "tca_elevation_deg": 14.57,
        "tca_slant_range_km": 2112.97,
        "closest_lon": 117.40325,
        "closest_lat": 9.685005,
        "aos_lon": 121.37386,
        "aos_lat": 25.957449,
        "aos_azimuth_deg": 53.03,
        "los_lon": 113.775623,
        "los_lat": -6.274708,
        "los_azimuth_deg": 145.75,
        "confidence": "medium",
        "aoi_covered": false,
        "aoi_points_inside": 0,
        "reference_swath_file": "swath_jpss.geojson",
        "reference_swath_source_count": 20,
        "reference_swath_station_inside_count": 5,
        "reference_swath_buffer_intersects_count": 20,
        "reference_swath_satellites": "JPSS-1 (NOAA-20)",
        "reference_swath_sensors": "VIIRS",
        "reference_swath_time_min": "2026-06-17T06:52:26Z",
        "reference_swath_time_max": "2026-06-22T06:58:49.5Z",
        "reference_swath_note": "sample footprint only; not time-matched to this planning pass",
        "type": "aos",
        "color": "cyan"
      },
      "geometry": {
        "type": "Point",
        "coordinates": [
          121.3738599556483,
          25.95744889923199
        ]
      }
    },
    {
      "type": "Feature",
      "properties": {
        "satellite": "SUOMI NPP",
        "direction": "descending",
        "planning_method": "topocentric_elevation_access",
        "min_elevation_deg": 5.0,
        "tle_epoch_utc": "2026-08-09T20:08:34Z",
        "tle_age_hours": -26.35,
        "tle_quality": "good",
        "aos_utc": "2026-08-08T17:47:51Z",
        "los_utc": "2026-08-08T17:57:03Z",
        "tca_utc": "2026-08-08T17:52:30Z",
        "max_elevation_utc": "2026-08-08T17:52:30Z",
        "duration_minutes": 9.19,
        "min_distance_km": 1834.97,
        "max_elevation_deg": 14.57,
        "tca_azimuth_deg": 99.96,
        "tca_elevation_deg": 14.57,
        "tca_slant_range_km": 2112.97,
        "closest_lon": 117.40325,
        "closest_lat": 9.685005,
        "aos_lon": 121.37386,
        "aos_lat": 25.957449,
        "aos_azimuth_deg": 53.03,
        "los_lon": 113.775623,
        "los_lat": -6.274708,
        "los_azimuth_deg": 145.75,
        "confidence": "medium",
        "aoi_covered": false,
        "aoi_points_inside": 0,
        "reference_swath_file": "swath_jpss.geojson",
        "reference_swath_source_count": 20,
        "reference_swath_station_inside_count": 5,
        "reference_swath_buffer_intersects_count": 20,
        "reference_swath_satellites": "JPSS-1 (NOAA-20)",
        "reference_swath_sensors": "VIIRS",
        "reference_swath_time_min": "2026-06-17T06:52:26Z",
        "reference_swath_time_max": "2026-06-22T06:58:49.5Z",
        "reference_swath_note": "sample footprint only; not time-matched to this planning pass",
        "type": "tca",
        "color": "yellow"
      },
      "geometry": {
        "type": "Point",
        "coordinates": [
          117.40325021427344,
          9.685004821744714
        ]
      }
    },
    {
      "type": "Feature",
      "properties": {
        "satellite": "SUOMI NPP",
        "direction": "descending",
        "planning_method": "topocentric_elevation_access",
        "min_elevation_deg": 5.0,
        "tle_epoch_utc": "2026-08-09T20:08:34Z",
        "tle_age_hours": -26.35,
        "tle_quality": "good",
        "aos_utc": "2026-08-08T17:47:51Z",
        "los_utc": "2026-08-08T17:57:03Z",
        "tca_utc": "2026-08-08T17:52:30Z",
        "max_elevation_utc": "2026-08-08T17:52:30Z",
        "duration_minutes": 9.19,
        "min_distance_km": 1834.97,
        "max_elevation_deg": 14.57,
        "tca_azimuth_deg": 99.96,
        "tca_elevation_deg": 14.57,
        "tca_slant_range_km": 2112.97,
        "closest_lon": 117.40325,
        "closest_lat": 9.685005,
        "aos_lon": 121.37386,
        "aos_lat": 25.957449,
        "aos_azimuth_deg": 53.03,
        "los_lon": 113.775623,
        "los_lat": -6.274708,
        "los_azimuth_deg": 145.75,
        "confidence": "medium",
        "aoi_covered": false,
        "aoi_points_inside": 0,
        "reference_swath_file": "swath_jpss.geojson",
        "reference_swath_source_count": 20,
        "reference_swath_station_inside_count": 5,
        "reference_swath_buffer_intersects_count": 20,
        "reference_swath_satellites": "JPSS-1 (NOAA-20)",
        "reference_swath_sensors": "VIIRS",
        "reference_swath_time_min": "2026-06-17T06:52:26Z",
        "reference_swath_time_max": "2026-06-22T06:58:49.5Z",
        "reference_swath_note": "sample footprint only; not time-matched to this planning pass",
        "type": "los",
        "color": "green"
      },
      "geometry": {
        "type": "Point",
        "coordinates": [
          113.77562329831534,
          -6.274707713212815
        ]
      }
    },
    {
      "type": "Feature",
      "properties": {
        "satellite": "NOAA 20 (JPSS-1)",
        "direction": "descending",
        "planning_method": "topocentric_elevation_access",
        "min_elevation_deg": 5.0,
        "tle_epoch_utc": "2026-08-09T20:27:58Z",
        "tle_age_hours": -26.37,
        "tle_quality": "good",
        "aos_utc": "2026-08-08T18:05:43Z",
        "los_utc": "2026-08-08T18:17:20Z",
        "tca_utc": "2026-08-08T18:11:30Z",
        "max_elevation_utc": "2026-08-08T18:11:30Z",
        "duration_minutes": 11.62,
        "min_distance_km": 1155.39,
        "max_elevation_deg": 28.71,
        "tca_azimuth_deg": 99.92,
        "tca_elevation_deg": 28.71,
        "tca_slant_range_km": 1479.89,
        "closest_lon": 111.344076,
        "closest_lat": 11.037511,
        "aos_lon": 116.449692,
        "aos_lat": 31.278668,
        "aos_azimuth_deg": 35.55,
        "los_lon": 106.68916,
        "los_lat": -9.418979,
        "los_azimuth_deg": 165.39,
        "confidence": "medium",
        "aoi_covered": false,
        "aoi_points_inside": 0,
        "reference_swath_file": "swath_jpss.geojson",
        "reference_swath_source_count": 20,
        "reference_swath_station_inside_count": 5,
        "reference_swath_buffer_intersects_count": 20,
        "reference_swath_satellites": "JPSS-1 (NOAA-20)",
        "reference_swath_sensors": "VIIRS",
        "reference_swath_time_min": "2026-06-17T06:52:26Z",
        "reference_swath_time_max": "2026-06-22T06:58:49.5Z",
        "reference_swath_note": "sample footprint only; not time-matched to this planning pass",
        "type": "visible_track"
      },
      "geometry": {
        "type": "LineString",
        "coordinates": [
          [
            116.44969185038258,
            31.278667974783346
          ],
          [
            116.17228602085271,
            30.300387310355145
          ],
          [
            115.68978425163277,
            28.55206531305723
          ],
          [
            115.2189854149716,
            26.802933105611935
          ],
          [
            114.75871517945649,
            25.05308495576029
          ],
          [
            114.30790614329294,
            23.302606678850957
          ],
          [
            113.86558332571661,
            21.55157678260919
          ],
          [
            113.43085167938108,
            19.800067449594792
          ],
          [
            113.00288527848272,
            18.048145385444347
          ],
          [
            112.580917899062,
            16.295872555796333
          ],
          [
            112.16423475740584,
            14.543306830825065
          ],
          [
            111.75216521195523,
            12.790502553024218
          ],
          [
            111.34407626619839,
            11.037511041317545
          ],
          [
            110.93936673209254,
            9.284381042552242
          ],
          [
            110.53746194360144,
            7.531159139730776
          ],
          [
            110.13780890981673,
            5.777890125083424
          ],
          [
            109.73987182623961,
            4.024617345004588
          ],
          [
            109.34312786304503,
            2.271383023119048
          ],
          [
            108.947063160055,
            0.5182285670683586
          ],
          [
            108.55116896330094,
            -1.234805135800315
          ],
          [
            108.154937841849,
            -2.9876774289586647
          ],
          [
            107.75785992569718,
            -4.740347598769832
          ],
          [
            107.35941910658562,
            -6.492774583446325
          ],
          [
            106.95908897121552,
            -8.244916674161514
          ],
          [
            106.68916027821012,
            -9.418979474612874
          ]
        ]
      }
    },
    {
      "type": "Feature",
      "properties": {
        "satellite": "NOAA 20 (JPSS-1)",
        "direction": "descending",
        "planning_method": "topocentric_elevation_access",
        "min_elevation_deg": 5.0,
        "tle_epoch_utc": "2026-08-09T20:27:58Z",
        "tle_age_hours": -26.37,
        "tle_quality": "good",
        "aos_utc": "2026-08-08T18:05:43Z",
        "los_utc": "2026-08-08T18:17:20Z",
        "tca_utc": "2026-08-08T18:11:30Z",
        "max_elevation_utc": "2026-08-08T18:11:30Z",
        "duration_minutes": 11.62,
        "min_distance_km": 1155.39,
        "max_elevation_deg": 28.71,
        "tca_azimuth_deg": 99.92,
        "tca_elevation_deg": 28.71,
        "tca_slant_range_km": 1479.89,
        "closest_lon": 111.344076,
        "closest_lat": 11.037511,
        "aos_lon": 116.449692,
        "aos_lat": 31.278668,
        "aos_azimuth_deg": 35.55,
        "los_lon": 106.68916,
        "los_lat": -9.418979,
        "los_azimuth_deg": 165.39,
        "confidence": "medium",
        "aoi_covered": false,
        "aoi_points_inside": 0,
        "reference_swath_file": "swath_jpss.geojson",
        "reference_swath_source_count": 20,
        "reference_swath_station_inside_count": 5,
        "reference_swath_buffer_intersects_count": 20,
        "reference_swath_satellites": "JPSS-1 (NOAA-20)",
        "reference_swath_sensors": "VIIRS",
        "reference_swath_time_min": "2026-06-17T06:52:26Z",
        "reference_swath_time_max": "2026-06-22T06:58:49.5Z",
        "reference_swath_note": "sample footprint only; not time-matched to this planning pass",
        "type": "aos",
        "color": "cyan"
      },
      "geometry": {
        "type": "Point",
        "coordinates": [
          116.44969185038258,
          31.278667974783346
        ]
      }
    },
    {
      "type": "Feature",
      "properties": {
        "satellite": "NOAA 20 (JPSS-1)",
        "direction": "descending",
        "planning_method": "topocentric_elevation_access",
        "min_elevation_deg": 5.0,
        "tle_epoch_utc": "2026-08-09T20:27:58Z",
        "tle_age_hours": -26.37,
        "tle_quality": "good",
        "aos_utc": "2026-08-08T18:05:43Z",
        "los_utc": "2026-08-08T18:17:20Z",
        "tca_utc": "2026-08-08T18:11:30Z",
        "max_elevation_utc": "2026-08-08T18:11:30Z",
        "duration_minutes": 11.62,
        "min_distance_km": 1155.39,
        "max_elevation_deg": 28.71,
        "tca_azimuth_deg": 99.92,
        "tca_elevation_deg": 28.71,
        "tca_slant_range_km": 1479.89,
        "closest_lon": 111.344076,
        "closest_lat": 11.037511,
        "aos_lon": 116.449692,
        "aos_lat": 31.278668,
        "aos_azimuth_deg": 35.55,
        "los_lon": 106.68916,
        "los_lat": -9.418979,
        "los_azimuth_deg": 165.39,
        "confidence": "medium",
        "aoi_covered": false,
        "aoi_points_inside": 0,
        "reference_swath_file": "swath_jpss.geojson",
        "reference_swath_source_count": 20,
        "reference_swath_station_inside_count": 5,
        "reference_swath_buffer_intersects_count": 20,
        "reference_swath_satellites": "JPSS-1 (NOAA-20)",
        "reference_swath_sensors": "VIIRS",
        "reference_swath_time_min": "2026-06-17T06:52:26Z",
        "reference_swath_time_max": "2026-06-22T06:58:49.5Z",
        "reference_swath_note": "sample footprint only; not time-matched to this planning pass",
        "type": "tca",
        "color": "yellow"
      },
      "geometry": {
        "type": "Point",
        "coordinates": [
          111.34407626619839,
          11.037511041317545
        ]
      }
    },
    {
      "type": "Feature",
      "properties": {
        "satellite": "NOAA 20 (JPSS-1)",
        "direction": "descending",
        "planning_method": "topocentric_elevation_access",
        "min_elevation_deg": 5.0,
        "tle_epoch_utc": "2026-08-09T20:27:58Z",
        "tle_age_hours": -26.37,
        "tle_quality": "good",
        "aos_utc": "2026-08-08T18:05:43Z",
        "los_utc": "2026-08-08T18:17:20Z",
        "tca_utc": "2026-08-08T18:11:30Z",
        "max_elevation_utc": "2026-08-08T18:11:30Z",
        "duration_minutes": 11.62,
        "min_distance_km": 1155.39,
        "max_elevation_deg": 28.71,
        "tca_azimuth_deg": 99.92,
        "tca_elevation_deg": 28.71,
        "tca_slant_range_km": 1479.89,
        "closest_lon": 111.344076,
        "closest_lat": 11.037511,
        "aos_lon": 116.449692,
        "aos_lat": 31.278668,
        "aos_azimuth_deg": 35.55,
        "los_lon": 106.68916,
        "los_lat": -9.418979,
        "los_azimuth_deg": 165.39,
        "confidence": "medium",
        "aoi_covered": false,
        "aoi_points_inside": 0,
        "reference_swath_file": "swath_jpss.geojson",
        "reference_swath_source_count": 20,
        "reference_swath_station_inside_count": 5,
        "reference_swath_buffer_intersects_count": 20,
        "reference_swath_satellites": "JPSS-1 (NOAA-20)",
        "reference_swath_sensors": "VIIRS",
        "reference_swath_time_min": "2026-06-17T06:52:26Z",
        "reference_swath_time_max": "2026-06-22T06:58:49.5Z",
        "reference_swath_note": "sample footprint only; not time-matched to this planning pass",
        "type": "los",
        "color": "green"
      },
      "geometry": {
        "type": "Point",
        "coordinates": [
          106.68916027821012,
          -9.418979474612874
        ]
      }
    },
    {
      "type": "Feature",
      "properties": {
        "satellite": "NOAA 21 (JPSS-2)",
        "direction": "descending",
        "planning_method": "topocentric_elevation_access",
        "min_elevation_deg": 5.0,
        "tle_epoch_utc": "2026-08-09T19:32:23Z",
        "tle_age_hours": -24.7,
        "tle_quality": "good",
        "aos_utc": "2026-08-08T18:50:20Z",
        "los_utc": "2026-08-08T19:03:11Z",
        "tca_utc": "2026-08-08T18:56:30Z",
        "max_elevation_utc": "2026-08-08T18:57:00Z",
        "duration_minutes": 12.87,
        "min_distance_km": 203.72,
        "max_elevation_deg": 74.38,
        "tca_azimuth_deg": 313.37,
        "tca_elevation_deg": 74.0,
        "tca_slant_range_km": 858.9,
        "closest_lon": 99.516671,
        "closest_lat": 14.315481,
        "aos_lon": 105.185872,
        "aos_lat": 35.891898,
        "aos_azimuth_deg": 8.77,
        "los_lon": 94.182792,
        "los_lat": -9.170744,
        "los_azimuth_deg": 197.14,
        "confidence": "medium",
        "aoi_covered": false,
        "aoi_points_inside": 0,
        "reference_swath_file": "swath_jpss.geojson",
        "reference_swath_source_count": 20,
        "reference_swath_station_inside_count": 5,
        "reference_swath_buffer_intersects_count": 20,
        "reference_swath_satellites": "JPSS-1 (NOAA-20)",
        "reference_swath_sensors": "VIIRS",
        "reference_swath_time_min": "2026-06-17T06:52:26Z",
        "reference_swath_time_max": "2026-06-22T06:58:49.5Z",
        "reference_swath_note": "sample footprint only; not time-matched to this planning pass",
        "type": "visible_track"
      },
      "geometry": {
        "type": "LineString",
        "coordinates": [
          [
            105.1858715999806,
            35.891897509227135
          ],
          [
            105.00732629484799,
            35.31301551196868
          ],
          [
            104.48679620194036,
            33.56745522267686
          ],
          [
            103.98197325877913,
            31.820787775004934
          ],
          [
            103.49128338133494,
            30.07313766822006
          ],
          [
            103.01331553804334,
            28.324616605701294
          ],
          [
            102.54679870274242,
            26.57532529967587
          ],
          [
            102.0905824837048,
            24.825354994830136
          ],
          [
            101.6436206291516,
            23.07478876195317
          ],
          [
            101.20495690318103,
            21.323702602525675
          ],
          [
            100.7737129215675,
            19.572166397458574
          ],
          [
            100.34907761257591,
            17.820244726821635
          ],
          [
            99.93029802799032,
            16.067997582648747
          ],
          [
            99.51667127778563,
            14.315480992915305
          ],
          [
            99.1075373967812,
            12.562747571788789
          ],
          [
            98.70227299191782,
            10.809847008717577
          ],
          [
            98.30028552697331,
            9.056826507007129
          ],
          [
            97.90100813739593,
            7.303731180912561
          ],
          [
            97.50389487377481,
            5.55060441909754
          ],
          [
            97.10841628805815,
            3.7974882212094534
          ],
          [
            96.71405528581818,
            2.0444235137041225
          ],
          [
            96.32030317516745,
            0.29145045031495304
          ],
          [
            95.92665584827995,
            -1.4613912977581243
          ],
          [
            95.53261003548312,
            -3.2140622571840796
          ],
          [
            95.13765940244718,
            -4.9665228687684655
          ],
          [
            94.7412914478686,
            -6.718733200058796
          ],
          [
            94.34298261139111,
            -8.47065264964002
          ],
          [
            94.18279180359673,
            -9.170744308441998
          ]
        ]
      }
    },
    {
      "type": "Feature",
      "properties": {
        "satellite": "NOAA 21 (JPSS-2)",
        "direction": "descending",
        "planning_method": "topocentric_elevation_access",
        "min_elevation_deg": 5.0,
        "tle_epoch_utc": "2026-08-09T19:32:23Z",
        "tle_age_hours": -24.7,
        "tle_quality": "good",
        "aos_utc": "2026-08-08T18:50:20Z",
        "los_utc": "2026-08-08T19:03:11Z",
        "tca_utc": "2026-08-08T18:56:30Z",
        "max_elevation_utc": "2026-08-08T18:57:00Z",
        "duration_minutes": 12.87,
        "min_distance_km": 203.72,
        "max_elevation_deg": 74.38,
        "tca_azimuth_deg": 313.37,
        "tca_elevation_deg": 74.0,
        "tca_slant_range_km": 858.9,
        "closest_lon": 99.516671,
        "closest_lat": 14.315481,
        "aos_lon": 105.185872,
        "aos_lat": 35.891898,
        "aos_azimuth_deg": 8.77,
        "los_lon": 94.182792,
        "los_lat": -9.170744,
        "los_azimuth_deg": 197.14,
        "confidence": "medium",
        "aoi_covered": false,
        "aoi_points_inside": 0,
        "reference_swath_file": "swath_jpss.geojson",
        "reference_swath_source_count": 20,
        "reference_swath_station_inside_count": 5,
        "reference_swath_buffer_intersects_count": 20,
        "reference_swath_satellites": "JPSS-1 (NOAA-20)",
        "reference_swath_sensors": "VIIRS",
        "reference_swath_time_min": "2026-06-17T06:52:26Z",
        "reference_swath_time_max": "2026-06-22T06:58:49.5Z",
        "reference_swath_note": "sample footprint only; not time-matched to this planning pass",
        "type": "aos",
        "color": "cyan"
      },
      "geometry": {
        "type": "Point",
        "coordinates": [
          105.1858715999806,
          35.891897509227135
        ]
      }
    },
    {
      "type": "Feature",
      "properties": {
        "satellite": "NOAA 21 (JPSS-2)",
        "direction": "descending",
        "planning_method": "topocentric_elevation_access",
        "min_elevation_deg": 5.0,
        "tle_epoch_utc": "2026-08-09T19:32:23Z",
        "tle_age_hours": -24.7,
        "tle_quality": "good",
        "aos_utc": "2026-08-08T18:50:20Z",
        "los_utc": "2026-08-08T19:03:11Z",
        "tca_utc": "2026-08-08T18:56:30Z",
        "max_elevation_utc": "2026-08-08T18:57:00Z",
        "duration_minutes": 12.87,
        "min_distance_km": 203.72,
        "max_elevation_deg": 74.38,
        "tca_azimuth_deg": 313.37,
        "tca_elevation_deg": 74.0,
        "tca_slant_range_km": 858.9,
        "closest_lon": 99.516671,
        "closest_lat": 14.315481,
        "aos_lon": 105.185872,
        "aos_lat": 35.891898,
        "aos_azimuth_deg": 8.77,
        "los_lon": 94.182792,
        "los_lat": -9.170744,
        "los_azimuth_deg": 197.14,
        "confidence": "medium",
        "aoi_covered": false,
        "aoi_points_inside": 0,
        "reference_swath_file": "swath_jpss.geojson",
        "reference_swath_source_count": 20,
        "reference_swath_station_inside_count": 5,
        "reference_swath_buffer_intersects_count": 20,
        "reference_swath_satellites": "JPSS-1 (NOAA-20)",
        "reference_swath_sensors": "VIIRS",
        "reference_swath_time_min": "2026-06-17T06:52:26Z",
        "reference_swath_time_max": "2026-06-22T06:58:49.5Z",
        "reference_swath_note": "sample footprint only; not time-matched to this planning pass",
        "type": "tca",
        "color": "yellow"
      },
      "geometry": {
        "type": "Point",
        "coordinates": [
          99.51667127778563,
          14.315480992915305
        ]
      }
    },
    {
      "type": "Feature",
      "properties": {
        "satellite": "NOAA 21 (JPSS-2)",
        "direction": "descending",
        "planning_method": "topocentric_elevation_access",
        "min_elevation_deg": 5.0,
        "tle_epoch_utc": "2026-08-09T19:32:23Z",
        "tle_age_hours": -24.7,
        "tle_quality": "good",
        "aos_utc": "2026-08-08T18:50:20Z",
        "los_utc": "2026-08-08T19:03:11Z",
        "tca_utc": "2026-08-08T18:56:30Z",
        "max_elevation_utc": "2026-08-08T18:57:00Z",
        "duration_minutes": 12.87,
        "min_distance_km": 203.72,
        "max_elevation_deg": 74.38,
        "tca_azimuth_deg": 313.37,
        "tca_elevation_deg": 74.0,
        "tca_slant_range_km": 858.9,
        "closest_lon": 99.516671,
        "closest_lat": 14.315481,
        "aos_lon": 105.185872,
        "aos_lat": 35.891898,
        "aos_azimuth_deg": 8.77,
        "los_lon": 94.182792,
        "los_lat": -9.170744,
        "los_azimuth_deg": 197.14,
        "confidence": "medium",
        "aoi_covered": false,
        "aoi_points_inside": 0,
        "reference_swath_file": "swath_jpss.geojson",
        "reference_swath_source_count": 20,
        "reference_swath_station_inside_count": 5,
        "reference_swath_buffer_intersects_count": 20,
        "reference_swath_satellites": "JPSS-1 (NOAA-20)",
        "reference_swath_sensors": "VIIRS",
        "reference_swath_time_min": "2026-06-17T06:52:26Z",
        "reference_swath_time_max": "2026-06-22T06:58:49.5Z",
        "reference_swath_note": "sample footprint only; not time-matched to this planning pass",
        "type": "los",
        "color": "green"
      },
      "geometry": {
        "type": "Point",
        "coordinates": [
          94.18279180359673,
          -9.170744308441998
        ]
      }
    },
    {
      "type": "Feature",
      "properties": {
        "satellite": "SUOMI NPP",
        "direction": "descending",
        "planning_method": "topocentric_elevation_access",
        "min_elevation_deg": 5.0,
        "tle_epoch_utc": "2026-08-09T20:08:34Z",
        "tle_age_hours": -24.7,
        "tle_quality": "good",
        "aos_utc": "2026-08-08T19:26:27Z",
        "los_utc": "2026-08-08T19:38:36Z",
        "tca_utc": "2026-08-08T19:32:30Z",
        "max_elevation_utc": "2026-08-08T19:32:30Z",
        "duration_minutes": 12.15,
        "min_distance_km": 852.45,
        "max_elevation_deg": 38.38,
        "tca_azimuth_deg": 285.34,
        "tca_elevation_deg": 38.38,
        "tca_slant_range_km": 1229.07,
        "closest_lon": 93.257768,
        "closest_lat": 14.942214,
        "aos_lon": 98.888069,
        "aos_lat": 36.109582,
        "aos_azimuth_deg": 355.79,
        "los_lon": 88.35812,
        "los_lat": -6.463791,
        "los_azimuth_deg": 213.4,
        "confidence": "medium",
        "aoi_covered": false,
        "aoi_points_inside": 0,
        "reference_swath_file": "swath_jpss.geojson",
        "reference_swath_source_count": 20,
        "reference_swath_station_inside_count": 5,
        "reference_swath_buffer_intersects_count": 20,
        "reference_swath_satellites": "JPSS-1 (NOAA-20)",
        "reference_swath_sensors": "VIIRS",
        "reference_swath_time_min": "2026-06-17T06:52:26Z",
        "reference_swath_time_max": "2026-06-22T06:58:49.5Z",
        "reference_swath_note": "sample footprint only; not time-matched to this planning pass",
        "type": "visible_track"
      },
      "geometry": {
        "type": "LineString",
        "coordinates": [
          [
            98.88806859195739,
            36.10958182234696
          ],
          [
            98.83443847551081,
            35.93929773605462
          ],
          [
            98.30360443425013,
            34.194221672435845
          ],
          [
            97.7892532716304,
            32.447935165455654
          ],
          [
            97.28972997489461,
            30.70057107453697
          ],
          [
            96.80355320707207,
            28.95224848880432
          ],
          [
            96.32939078184484,
            27.203074685157308
          ],
          [
            95.86603893396125,
            25.45314677806369
          ],
          [
            95.41240470070244,
            23.70255311750019
          ],
          [
            94.9674908636328,
            21.95137448020815
          ],
          [
            94.53038300505318,
            20.19968509066566
          ],
          [
            94.10023831646924,
            18.44755350128292
          ],
          [
            93.67627586249608,
            16.69504335599948
          ],
          [
            93.25776805251269,
            14.942214056996841
          ],
          [
            92.84403312382813,
            13.189121351031817
          ],
          [
            92.43442845710041,
            11.4358178489954
          ],
          [
            92.02834458774481,
            9.6823534902629
          ],
          [
            91.62519978864299,
            7.928775961555811
          ],
          [
            91.22443511980384,
            6.175131078756769
          ],
          [
            90.82550985369403,
            4.421463138922896
          ],
          [
            90.42789702749752,
            2.667815248968197
          ],
          [
            90.03108005845189,
            0.9142296367603624
          ],
          [
            89.63454783476618,
            -0.8392520500520045
          ],
          [
            89.23779157917977,
            -2.5925884525759586
          ],
          [
            88.84030091089284,
            -4.345738211764055
          ],
          [
            88.44156004636886,
            -6.098659677466008
          ],
          [
            88.35812025995432,
            -6.4637905906381175
          ]
        ]
      }
    },
    {
      "type": "Feature",
      "properties": {
        "satellite": "SUOMI NPP",
        "direction": "descending",
        "planning_method": "topocentric_elevation_access",
        "min_elevation_deg": 5.0,
        "tle_epoch_utc": "2026-08-09T20:08:34Z",
        "tle_age_hours": -24.7,
        "tle_quality": "good",
        "aos_utc": "2026-08-08T19:26:27Z",
        "los_utc": "2026-08-08T19:38:36Z",
        "tca_utc": "2026-08-08T19:32:30Z",
        "max_elevation_utc": "2026-08-08T19:32:30Z",
        "duration_minutes": 12.15,
        "min_distance_km": 852.45,
        "max_elevation_deg": 38.38,
        "tca_azimuth_deg": 285.34,
        "tca_elevation_deg": 38.38,
        "tca_slant_range_km": 1229.07,
        "closest_lon": 93.257768,
        "closest_lat": 14.942214,
        "aos_lon": 98.888069,
        "aos_lat": 36.109582,
        "aos_azimuth_deg": 355.79,
        "los_lon": 88.35812,
        "los_lat": -6.463791,
        "los_azimuth_deg": 213.4,
        "confidence": "medium",
        "aoi_covered": false,
        "aoi_points_inside": 0,
        "reference_swath_file": "swath_jpss.geojson",
        "reference_swath_source_count": 20,
        "reference_swath_station_inside_count": 5,
        "reference_swath_buffer_intersects_count": 20,
        "reference_swath_satellites": "JPSS-1 (NOAA-20)",
        "reference_swath_sensors": "VIIRS",
        "reference_swath_time_min": "2026-06-17T06:52:26Z",
        "reference_swath_time_max": "2026-06-22T06:58:49.5Z",
        "reference_swath_note": "sample footprint only; not time-matched to this planning pass",
        "type": "aos",
        "color": "cyan"
      },
      "geometry": {
        "type": "Point",
        "coordinates": [
          98.88806859195739,
          36.10958182234696
        ]
      }
    },
    {
      "type": "Feature",
      "properties": {
        "satellite": "SUOMI NPP",
        "direction": "descending",
        "planning_method": "topocentric_elevation_access",
        "min_elevation_deg": 5.0,
        "tle_epoch_utc": "2026-08-09T20:08:34Z",
        "tle_age_hours": -24.7,
        "tle_quality": "good",
        "aos_utc": "2026-08-08T19:26:27Z",
        "los_utc": "2026-08-08T19:38:36Z",
        "tca_utc": "2026-08-08T19:32:30Z",
        "max_elevation_utc": "2026-08-08T19:32:30Z",
        "duration_minutes": 12.15,
        "min_distance_km": 852.45,
        "max_elevation_deg": 38.38,
        "tca_azimuth_deg": 285.34,
        "tca_elevation_deg": 38.38,
        "tca_slant_range_km": 1229.07,
        "closest_lon": 93.257768,
        "closest_lat": 14.942214,
        "aos_lon": 98.888069,
        "aos_lat": 36.109582,
        "aos_azimuth_deg": 355.79,
        "los_lon": 88.35812,
        "los_lat": -6.463791,
        "los_azimuth_deg": 213.4,
        "confidence": "medium",
        "aoi_covered": false,
        "aoi_points_inside": 0,
        "reference_swath_file": "swath_jpss.geojson",
        "reference_swath_source_count": 20,
        "reference_swath_station_inside_count": 5,
        "reference_swath_buffer_intersects_count": 20,
        "reference_swath_satellites": "JPSS-1 (NOAA-20)",
        "reference_swath_sensors": "VIIRS",
        "reference_swath_time_min": "2026-06-17T06:52:26Z",
        "reference_swath_time_max": "2026-06-22T06:58:49.5Z",
        "reference_swath_note": "sample footprint only; not time-matched to this planning pass",
        "type": "tca",
        "color": "yellow"
      },
      "geometry": {
        "type": "Point",
        "coordinates": [
          93.25776805251269,
          14.942214056996841
        ]
      }
    },
    {
      "type": "Feature",
      "properties": {
        "satellite": "SUOMI NPP",
        "direction": "descending",
        "planning_method": "topocentric_elevation_access",
        "min_elevation_deg": 5.0,
        "tle_epoch_utc": "2026-08-09T20:08:34Z",
        "tle_age_hours": -24.7,
        "tle_quality": "good",
        "aos_utc": "2026-08-08T19:26:27Z",
        "los_utc": "2026-08-08T19:38:36Z",
        "tca_utc": "2026-08-08T19:32:30Z",
        "max_elevation_utc": "2026-08-08T19:32:30Z",
        "duration_minutes": 12.15,
        "min_distance_km": 852.45,
        "max_elevation_deg": 38.38,
        "tca_azimuth_deg": 285.34,
        "tca_elevation_deg": 38.38,
        "tca_slant_range_km": 1229.07,
        "closest_lon": 93.257768,
        "closest_lat": 14.942214,
        "aos_lon": 98.888069,
        "aos_lat": 36.109582,
        "aos_azimuth_deg": 355.79,
        "los_lon": 88.35812,
        "los_lat": -6.463791,
        "los_azimuth_deg": 213.4,
        "confidence": "medium",
        "aoi_covered": false,
        "aoi_points_inside": 0,
        "reference_swath_file": "swath_jpss.geojson",
        "reference_swath_source_count": 20,
        "reference_swath_station_inside_count": 5,
        "reference_swath_buffer_intersects_count": 20,
        "reference_swath_satellites": "JPSS-1 (NOAA-20)",
        "reference_swath_sensors": "VIIRS",
        "reference_swath_time_min": "2026-06-17T06:52:26Z",
        "reference_swath_time_max": "2026-06-22T06:58:49.5Z",
        "reference_swath_note": "sample footprint only; not time-matched to this planning pass",
        "type": "los",
        "color": "green"
      },
      "geometry": {
        "type": "Point",
        "coordinates": [
          88.35812025995432,
          -6.4637905906381175
        ]
      }
    },
    {
      "type": "Feature",
      "properties": {
        "satellite": "NOAA 20 (JPSS-1)",
        "direction": "descending",
        "planning_method": "topocentric_elevation_access",
        "min_elevation_deg": 5.0,
        "tle_epoch_utc": "2026-08-09T20:27:58Z",
        "tle_age_hours": -24.7,
        "tle_quality": "good",
        "aos_utc": "2026-08-08T19:46:13Z",
        "los_utc": "2026-08-08T19:56:40Z",
        "tca_utc": "2026-08-08T19:51:30Z",
        "max_elevation_utc": "2026-08-08T19:51:30Z",
        "duration_minutes": 10.45,
        "min_distance_km": 1517.65,
        "max_elevation_deg": 20.15,
        "tca_azimuth_deg": 285.52,
        "tca_elevation_deg": 20.15,
        "tca_slant_range_km": 1813.61,
        "closest_lon": 87.206145,
        "closest_lat": 16.295022,
        "aos_lon": 92.096516,
        "aos_lat": 34.76748,
        "aos_azimuth_deg": 341.26,
        "los_lon": 83.037405,
        "los_lat": -1.850574,
        "los_azimuth_deg": 231.36,
        "confidence": "medium",
        "aoi_covered": false,
        "aoi_points_inside": 0,
        "reference_swath_file": "swath_jpss.geojson",
        "reference_swath_source_count": 20,
        "reference_swath_station_inside_count": 5,
        "reference_swath_buffer_intersects_count": 20,
        "reference_swath_satellites": "JPSS-1 (NOAA-20)",
        "reference_swath_sensors": "VIIRS",
        "reference_swath_time_min": "2026-06-17T06:52:26Z",
        "reference_swath_time_max": "2026-06-22T06:58:49.5Z",
        "reference_swath_note": "sample footprint only; not time-matched to this planning pass",
        "type": "visible_track"
      },
      "geometry": {
        "type": "LineString",
        "coordinates": [
          [
            92.09651584356294,
            34.76748008594662
          ],
          [
            91.80291025208635,
            33.79330554048564
          ],
          [
            91.29297195155607,
            32.04692883089565
          ],
          [
            90.79747621865977,
            30.299522523817995
          ],
          [
            90.31498094048601,
            28.551202048017522
          ],
          [
            89.84418796927298,
            26.802071457854
          ],
          [
            89.38392303261833,
            25.052225014403685
          ],
          [
            88.93311878020529,
            23.301748526934432
          ],
          [
            88.49080027589105,
            21.550720497591755
          ],
          [
            88.05607251104232,
            19.79921310378511
          ],
          [
            87.6281095934437,
            18.047293046363276
          ],
          [
            87.20614532825647,
            16.295022286495886
          ],
          [
            86.78946495743128,
            14.542458690160316
          ],
          [
            86.37739786021012,
            12.789656595893778
          ],
          [
            85.96931105872738,
            11.036667318877848
          ],
          [
            85.56460338174787,
            9.283539602406146
          ],
          [
            85.16270017613544,
            7.530320026095715
          ],
          [
            84.763048462053,
            5.777053378951869
          ],
          [
            84.36511244394916,
            4.023783004289034
          ],
          [
            83.96836929895846,
            2.2705511227884476
          ],
          [
            83.57230517197593,
            0.5173991392720682
          ],
          [
            83.1764113122951,
            -1.2356320615893452
          ],
          [
            83.0374054786605,
            -1.850574127449594
          ]
        ]
      }
    },
    {
      "type": "Feature",
      "properties": {
        "satellite": "NOAA 20 (JPSS-1)",
        "direction": "descending",
        "planning_method": "topocentric_elevation_access",
        "min_elevation_deg": 5.0,
        "tle_epoch_utc": "2026-08-09T20:27:58Z",
        "tle_age_hours": -24.7,
        "tle_quality": "good",
        "aos_utc": "2026-08-08T19:46:13Z",
        "los_utc": "2026-08-08T19:56:40Z",
        "tca_utc": "2026-08-08T19:51:30Z",
        "max_elevation_utc": "2026-08-08T19:51:30Z",
        "duration_minutes": 10.45,
        "min_distance_km": 1517.65,
        "max_elevation_deg": 20.15,
        "tca_azimuth_deg": 285.52,
        "tca_elevation_deg": 20.15,
        "tca_slant_range_km": 1813.61,
        "closest_lon": 87.206145,
        "closest_lat": 16.295022,
        "aos_lon": 92.096516,
        "aos_lat": 34.76748,
        "aos_azimuth_deg": 341.26,
        "los_lon": 83.037405,
        "los_lat": -1.850574,
        "los_azimuth_deg": 231.36,
        "confidence": "medium",
        "aoi_covered": false,
        "aoi_points_inside": 0,
        "reference_swath_file": "swath_jpss.geojson",
        "reference_swath_source_count": 20,
        "reference_swath_station_inside_count": 5,
        "reference_swath_buffer_intersects_count": 20,
        "reference_swath_satellites": "JPSS-1 (NOAA-20)",
        "reference_swath_sensors": "VIIRS",
        "reference_swath_time_min": "2026-06-17T06:52:26Z",
        "reference_swath_time_max": "2026-06-22T06:58:49.5Z",
        "reference_swath_note": "sample footprint only; not time-matched to this planning pass",
        "type": "aos",
        "color": "cyan"
      },
      "geometry": {
        "type": "Point",
        "coordinates": [
          92.09651584356294,
          34.76748008594662
        ]
      }
    },
    {
      "type": "Feature",
      "properties": {
        "satellite": "NOAA 20 (JPSS-1)",
        "direction": "descending",
        "planning_method": "topocentric_elevation_access",
        "min_elevation_deg": 5.0,
        "tle_epoch_utc": "2026-08-09T20:27:58Z",
        "tle_age_hours": -24.7,
        "tle_quality": "good",
        "aos_utc": "2026-08-08T19:46:13Z",
        "los_utc": "2026-08-08T19:56:40Z",
        "tca_utc": "2026-08-08T19:51:30Z",
        "max_elevation_utc": "2026-08-08T19:51:30Z",
        "duration_minutes": 10.45,
        "min_distance_km": 1517.65,
        "max_elevation_deg": 20.15,
        "tca_azimuth_deg": 285.52,
        "tca_elevation_deg": 20.15,
        "tca_slant_range_km": 1813.61,
        "closest_lon": 87.206145,
        "closest_lat": 16.295022,
        "aos_lon": 92.096516,
        "aos_lat": 34.76748,
        "aos_azimuth_deg": 341.26,
        "los_lon": 83.037405,
        "los_lat": -1.850574,
        "los_azimuth_deg": 231.36,
        "confidence": "medium",
        "aoi_covered": false,
        "aoi_points_inside": 0,
        "reference_swath_file": "swath_jpss.geojson",
        "reference_swath_source_count": 20,
        "reference_swath_station_inside_count": 5,
        "reference_swath_buffer_intersects_count": 20,
        "reference_swath_satellites": "JPSS-1 (NOAA-20)",
        "reference_swath_sensors": "VIIRS",
        "reference_swath_time_min": "2026-06-17T06:52:26Z",
        "reference_swath_time_max": "2026-06-22T06:58:49.5Z",
        "reference_swath_note": "sample footprint only; not time-matched to this planning pass",
        "type": "tca",
        "color": "yellow"
      },
      "geometry": {
        "type": "Point",
        "coordinates": [
          87.20614532825647,
          16.295022286495886
        ]
      }
    },
    {
      "type": "Feature",
      "properties": {
        "satellite": "NOAA 20 (JPSS-1)",
        "direction": "descending",
        "planning_method": "topocentric_elevation_access",
        "min_elevation_deg": 5.0,
        "tle_epoch_utc": "2026-08-09T20:27:58Z",
        "tle_age_hours": -24.7,
        "tle_quality": "good",
        "aos_utc": "2026-08-08T19:46:13Z",
        "los_utc": "2026-08-08T19:56:40Z",
        "tca_utc": "2026-08-08T19:51:30Z",
        "max_elevation_utc": "2026-08-08T19:51:30Z",
        "duration_minutes": 10.45,
        "min_distance_km": 1517.65,
        "max_elevation_deg": 20.15,
        "tca_azimuth_deg": 285.52,
        "tca_elevation_deg": 20.15,
        "tca_slant_range_km": 1813.61,
        "closest_lon": 87.206145,
        "closest_lat": 16.295022,
        "aos_lon": 92.096516,
        "aos_lat": 34.76748,
        "aos_azimuth_deg": 341.26,
        "los_lon": 83.037405,
        "los_lat": -1.850574,
        "los_azimuth_deg": 231.36,
        "confidence": "medium",
        "aoi_covered": false,
        "aoi_points_inside": 0,
        "reference_swath_file": "swath_jpss.geojson",
        "reference_swath_source_count": 20,
        "reference_swath_station_inside_count": 5,
        "reference_swath_buffer_intersects_count": 20,
        "reference_swath_satellites": "JPSS-1 (NOAA-20)",
        "reference_swath_sensors": "VIIRS",
        "reference_swath_time_min": "2026-06-17T06:52:26Z",
        "reference_swath_time_max": "2026-06-22T06:58:49.5Z",
        "reference_swath_note": "sample footprint only; not time-matched to this planning pass",
        "type": "los",
        "color": "green"
      },
      "geometry": {
        "type": "Point",
        "coordinates": [
          83.0374054786605,
          -1.850574127449594
        ]
      }
    },
    {
      "type": "Feature",
      "properties": {
        "satellite": "NOAA 20 (JPSS-1)",
        "direction": "ascending",
        "planning_method": "topocentric_elevation_access",
        "min_elevation_deg": 5.0,
        "tle_epoch_utc": "2026-08-09T20:27:58Z",
        "tle_age_hours": -15.2,
        "tle_quality": "good",
        "aos_utc": "2026-08-09T05:15:48Z",
        "los_utc": "2026-08-09T05:23:27Z",
        "tca_utc": "2026-08-09T05:19:30Z",
        "max_elevation_utc": "2026-08-09T05:19:30Z",
        "duration_minutes": 7.64,
        "min_distance_km": 2084.26,
        "max_elevation_deg": 10.89,
        "tca_azimuth_deg": 73.45,
        "tca_elevation_deg": 10.89,
        "tca_slant_range_km": 2360.53,
        "closest_lon": 119.80745,
        "closest_lat": 17.614954,
        "aos_lon": 122.817464,
        "aos_lat": 4.67774,
        "aos_azimuth_deg": 109.09,
        "los_lon": 116.20969,
        "los_lat": 31.444401,
        "los_azimuth_deg": 34.87,
        "confidence": "medium",
        "aoi_covered": false,
        "aoi_points_inside": 0,
        "reference_swath_file": "swath_jpss.geojson",
        "reference_swath_source_count": 20,
        "reference_swath_station_inside_count": 5,
        "reference_swath_buffer_intersects_count": 20,
        "reference_swath_satellites": "JPSS-1 (NOAA-20)",
        "reference_swath_sensors": "VIIRS",
        "reference_swath_time_min": "2026-06-17T06:52:26Z",
        "reference_swath_time_max": "2026-06-22T06:58:49.5Z",
        "reference_swath_note": "sample footprint only; not time-matched to this planning pass",
        "type": "visible_track"
      },
      "geometry": {
        "type": "LineString",
        "coordinates": [
          [
            122.81746418594685,
            4.6777395835477265
          ],
          [
            122.66601925129476,
            5.345544203482566
          ],
          [
            122.26686421076988,
            7.098654681807017
          ],
          [
            121.8655913051332,
            8.851729572174104
          ],
          [
            121.46165231403182,
            10.604724638678219
          ],
          [
            121.05447848439513,
            12.357593941791905
          ],
          [
            120.64347578263215,
            14.110289472821167
          ],
          [
            120.22801972563946,
            15.862760755041679
          ],
          [
            119.80744969289424,
            17.614954403702964
          ],
          [
            119.38106260663051,
            19.366813635876262
          ],
          [
            118.9481058483899,
            21.118277719560915
          ],
          [
            118.50776908491889,
            22.86928134952238
          ],
          [
            118.05917583298015,
            24.61975393490586
          ],
          [
            117.601372008824,
            26.369618780592987
          ],
          [
            117.13331456122904,
            28.11879214049436
          ],
          [
            116.65385733492667,
            29.867182116068836
          ],
          [
            116.20968994508678,
            31.444400684241984
          ]
        ]
      }
    },
    {
      "type": "Feature",
      "properties": {
        "satellite": "NOAA 20 (JPSS-1)",
        "direction": "ascending",
        "planning_method": "topocentric_elevation_access",
        "min_elevation_deg": 5.0,
        "tle_epoch_utc": "2026-08-09T20:27:58Z",
        "tle_age_hours": -15.2,
        "tle_quality": "good",
        "aos_utc": "2026-08-09T05:15:48Z",
        "los_utc": "2026-08-09T05:23:27Z",
        "tca_utc": "2026-08-09T05:19:30Z",
        "max_elevation_utc": "2026-08-09T05:19:30Z",
        "duration_minutes": 7.64,
        "min_distance_km": 2084.26,
        "max_elevation_deg": 10.89,
        "tca_azimuth_deg": 73.45,
        "tca_elevation_deg": 10.89,
        "tca_slant_range_km": 2360.53,
        "closest_lon": 119.80745,
        "closest_lat": 17.614954,
        "aos_lon": 122.817464,
        "aos_lat": 4.67774,
        "aos_azimuth_deg": 109.09,
        "los_lon": 116.20969,
        "los_lat": 31.444401,
        "los_azimuth_deg": 34.87,
        "confidence": "medium",
        "aoi_covered": false,
        "aoi_points_inside": 0,
        "reference_swath_file": "swath_jpss.geojson",
        "reference_swath_source_count": 20,
        "reference_swath_station_inside_count": 5,
        "reference_swath_buffer_intersects_count": 20,
        "reference_swath_satellites": "JPSS-1 (NOAA-20)",
        "reference_swath_sensors": "VIIRS",
        "reference_swath_time_min": "2026-06-17T06:52:26Z",
        "reference_swath_time_max": "2026-06-22T06:58:49.5Z",
        "reference_swath_note": "sample footprint only; not time-matched to this planning pass",
        "type": "aos",
        "color": "cyan"
      },
      "geometry": {
        "type": "Point",
        "coordinates": [
          122.81746418594685,
          4.6777395835477265
        ]
      }
    },
    {
      "type": "Feature",
      "properties": {
        "satellite": "NOAA 20 (JPSS-1)",
        "direction": "ascending",
        "planning_method": "topocentric_elevation_access",
        "min_elevation_deg": 5.0,
        "tle_epoch_utc": "2026-08-09T20:27:58Z",
        "tle_age_hours": -15.2,
        "tle_quality": "good",
        "aos_utc": "2026-08-09T05:15:48Z",
        "los_utc": "2026-08-09T05:23:27Z",
        "tca_utc": "2026-08-09T05:19:30Z",
        "max_elevation_utc": "2026-08-09T05:19:30Z",
        "duration_minutes": 7.64,
        "min_distance_km": 2084.26,
        "max_elevation_deg": 10.89,
        "tca_azimuth_deg": 73.45,
        "tca_elevation_deg": 10.89,
        "tca_slant_range_km": 2360.53,
        "closest_lon": 119.80745,
        "closest_lat": 17.614954,
        "aos_lon": 122.817464,
        "aos_lat": 4.67774,
        "aos_azimuth_deg": 109.09,
        "los_lon": 116.20969,
        "los_lat": 31.444401,
        "los_azimuth_deg": 34.87,
        "confidence": "medium",
        "aoi_covered": false,
        "aoi_points_inside": 0,
        "reference_swath_file": "swath_jpss.geojson",
        "reference_swath_source_count": 20,
        "reference_swath_station_inside_count": 5,
        "reference_swath_buffer_intersects_count": 20,
        "reference_swath_satellites": "JPSS-1 (NOAA-20)",
        "reference_swath_sensors": "VIIRS",
        "reference_swath_time_min": "2026-06-17T06:52:26Z",
        "reference_swath_time_max": "2026-06-22T06:58:49.5Z",
        "reference_swath_note": "sample footprint only; not time-matched to this planning pass",
        "type": "tca",
        "color": "yellow"
      },
      "geometry": {
        "type": "Point",
        "coordinates": [
          119.80744969289424,
          17.614954403702964
        ]
      }
    },
    {
      "type": "Feature",
      "properties": {
        "satellite": "NOAA 20 (JPSS-1)",
        "direction": "ascending",
        "planning_method": "topocentric_elevation_access",
        "min_elevation_deg": 5.0,
        "tle_epoch_utc": "2026-08-09T20:27:58Z",
        "tle_age_hours": -15.2,
        "tle_quality": "good",
        "aos_utc": "2026-08-09T05:15:48Z",
        "los_utc": "2026-08-09T05:23:27Z",
        "tca_utc": "2026-08-09T05:19:30Z",
        "max_elevation_utc": "2026-08-09T05:19:30Z",
        "duration_minutes": 7.64,
        "min_distance_km": 2084.26,
        "max_elevation_deg": 10.89,
        "tca_azimuth_deg": 73.45,
        "tca_elevation_deg": 10.89,
        "tca_slant_range_km": 2360.53,
        "closest_lon": 119.80745,
        "closest_lat": 17.614954,
        "aos_lon": 122.817464,
        "aos_lat": 4.67774,
        "aos_azimuth_deg": 109.09,
        "los_lon": 116.20969,
        "los_lat": 31.444401,
        "los_azimuth_deg": 34.87,
        "confidence": "medium",
        "aoi_covered": false,
        "aoi_points_inside": 0,
        "reference_swath_file": "swath_jpss.geojson",
        "reference_swath_source_count": 20,
        "reference_swath_station_inside_count": 5,
        "reference_swath_buffer_intersects_count": 20,
        "reference_swath_satellites": "JPSS-1 (NOAA-20)",
        "reference_swath_sensors": "VIIRS",
        "reference_swath_time_min": "2026-06-17T06:52:26Z",
        "reference_swath_time_max": "2026-06-22T06:58:49.5Z",
        "reference_swath_note": "sample footprint only; not time-matched to this planning pass",
        "type": "los",
        "color": "green"
      },
      "geometry": {
        "type": "Point",
        "coordinates": [
          116.20968994508678,
          31.444400684241984
        ]
      }
    },
    {
      "type": "Feature",
      "properties": {
        "satellite": "NOAA 21 (JPSS-2)",
        "direction": "ascending",
        "planning_method": "topocentric_elevation_access",
        "min_elevation_deg": 5.0,
        "tle_epoch_utc": "2026-08-09T19:32:23Z",
        "tle_age_hours": -13.57,
        "tle_quality": "good",
        "aos_utc": "2026-08-09T05:58:26Z",
        "los_utc": "2026-08-09T06:10:43Z",
        "tca_utc": "2026-08-09T06:04:30Z",
        "max_elevation_utc": "2026-08-09T06:04:30Z",
        "duration_minutes": 12.28,
        "min_distance_km": 779.25,
        "max_elevation_deg": 41.29,
        "tca_azimuth_deg": 78.13,
        "tca_elevation_deg": 41.29,
        "tca_slant_range_km": 1172.41,
        "closest_lon": 108.024303,
        "closest_lat": 14.370992,
        "aos_lon": 112.8454,
        "aos_lat": -6.865847,
        "aos_azimuth_deg": 148.55,
        "los_lon": 102.287735,
        "los_lat": 36.154952,
        "los_azimuth_deg": 2.82,
        "confidence": "medium",
        "aoi_covered": false,
        "aoi_points_inside": 0,
        "reference_swath_file": "swath_jpss.geojson",
        "reference_swath_source_count": 20,
        "reference_swath_station_inside_count": 5,
        "reference_swath_buffer_intersects_count": 20,
        "reference_swath_satellites": "JPSS-1 (NOAA-20)",
        "reference_swath_sensors": "VIIRS",
        "reference_swath_time_min": "2026-06-17T06:52:26Z",
        "reference_swath_time_max": "2026-06-22T06:58:49.5Z",
        "reference_swath_note": "sample footprint only; not time-matched to this planning pass",
        "type": "visible_track"
      },
      "geometry": {
        "type": "LineString",
        "coordinates": [
          [
            112.8453995370968,
            -6.865846736452459
          ],
          [
            112.8018141435195,
            -6.674082333446507
          ],
          [
            112.40534855182824,
            -4.92095695424874
          ],
          [
            112.01028813285842,
            -3.1675799886589187
          ],
          [
            111.61611961123691,
            -1.413992290667059
          ],
          [
            111.22233629297767,
            0.3397656501880093
          ],
          [
            110.82843428297087,
            2.093653421874534
          ],
          [
            110.4339087433408,
            3.8476304064682436
          ],
          [
            110.03825014130501,
            5.601655495699397
          ],
          [
            109.64094041846096,
            7.355686800837833
          ],
          [
            109.24144902775424,
            9.109681352117192
          ],
          [
            108.83922877098667,
            10.863594782654769
          ],
          [
            108.43371136758628,
            12.617380991364138
          ],
          [
            108.02430267748139,
            14.370991778768833
          ],
          [
            107.6103774911877,
            16.12437644886484
          ],
          [
            107.19127378775084,
            17.87748136915748
          ],
          [
            106.7662861777793,
            19.63024947977252
          ],
          [
            106.33465940251762,
            21.382619740904943
          ],
          [
            105.89557921480082,
            23.134526505933728
          ],
          [
            105.4481638042381,
            24.88589880500187
          ],
          [
            104.99145302310478,
            26.63665952077209
          ],
          [
            104.52439614156748,
            28.386724434118157
          ],
          [
            104.0458376267498,
            30.13600111261664
          ],
          [
            103.55450053128709,
            31.884387608379797
          ],
          [
            103.04896698003563,
            33.631770923861765
          ],
          [
            102.52765512006499,
            35.37802519402357
          ],
          [
            102.2877346946193,
            36.15495195946889
          ]
        ]
      }
    },
    {
      "type": "Feature",
      "properties": {
        "satellite": "NOAA 21 (JPSS-2)",
        "direction": "ascending",
        "planning_method": "topocentric_elevation_access",
        "min_elevation_deg": 5.0,
        "tle_epoch_utc": "2026-08-09T19:32:23Z",
        "tle_age_hours": -13.57,
        "tle_quality": "good",
        "aos_utc": "2026-08-09T05:58:26Z",
        "los_utc": "2026-08-09T06:10:43Z",
        "tca_utc": "2026-08-09T06:04:30Z",
        "max_elevation_utc": "2026-08-09T06:04:30Z",
        "duration_minutes": 12.28,
        "min_distance_km": 779.25,
        "max_elevation_deg": 41.29,
        "tca_azimuth_deg": 78.13,
        "tca_elevation_deg": 41.29,
        "tca_slant_range_km": 1172.41,
        "closest_lon": 108.024303,
        "closest_lat": 14.370992,
        "aos_lon": 112.8454,
        "aos_lat": -6.865847,
        "aos_azimuth_deg": 148.55,
        "los_lon": 102.287735,
        "los_lat": 36.154952,
        "los_azimuth_deg": 2.82,
        "confidence": "medium",
        "aoi_covered": false,
        "aoi_points_inside": 0,
        "reference_swath_file": "swath_jpss.geojson",
        "reference_swath_source_count": 20,
        "reference_swath_station_inside_count": 5,
        "reference_swath_buffer_intersects_count": 20,
        "reference_swath_satellites": "JPSS-1 (NOAA-20)",
        "reference_swath_sensors": "VIIRS",
        "reference_swath_time_min": "2026-06-17T06:52:26Z",
        "reference_swath_time_max": "2026-06-22T06:58:49.5Z",
        "reference_swath_note": "sample footprint only; not time-matched to this planning pass",
        "type": "aos",
        "color": "cyan"
      },
      "geometry": {
        "type": "Point",
        "coordinates": [
          112.8453995370968,
          -6.865846736452459
        ]
      }
    },
    {
      "type": "Feature",
      "properties": {
        "satellite": "NOAA 21 (JPSS-2)",
        "direction": "ascending",
        "planning_method": "topocentric_elevation_access",
        "min_elevation_deg": 5.0,
        "tle_epoch_utc": "2026-08-09T19:32:23Z",
        "tle_age_hours": -13.57,
        "tle_quality": "good",
        "aos_utc": "2026-08-09T05:58:26Z",
        "los_utc": "2026-08-09T06:10:43Z",
        "tca_utc": "2026-08-09T06:04:30Z",
        "max_elevation_utc": "2026-08-09T06:04:30Z",
        "duration_minutes": 12.28,
        "min_distance_km": 779.25,
        "max_elevation_deg": 41.29,
        "tca_azimuth_deg": 78.13,
        "tca_elevation_deg": 41.29,
        "tca_slant_range_km": 1172.41,
        "closest_lon": 108.024303,
        "closest_lat": 14.370992,
        "aos_lon": 112.8454,
        "aos_lat": -6.865847,
        "aos_azimuth_deg": 148.55,
        "los_lon": 102.287735,
        "los_lat": 36.154952,
        "los_azimuth_deg": 2.82,
        "confidence": "medium",
        "aoi_covered": false,
        "aoi_points_inside": 0,
        "reference_swath_file": "swath_jpss.geojson",
        "reference_swath_source_count": 20,
        "reference_swath_station_inside_count": 5,
        "reference_swath_buffer_intersects_count": 20,
        "reference_swath_satellites": "JPSS-1 (NOAA-20)",
        "reference_swath_sensors": "VIIRS",
        "reference_swath_time_min": "2026-06-17T06:52:26Z",
        "reference_swath_time_max": "2026-06-22T06:58:49.5Z",
        "reference_swath_note": "sample footprint only; not time-matched to this planning pass",
        "type": "tca",
        "color": "yellow"
      },
      "geometry": {
        "type": "Point",
        "coordinates": [
          108.02430267748139,
          14.370991778768833
        ]
      }
    },
    {
      "type": "Feature",
      "properties": {
        "satellite": "NOAA 21 (JPSS-2)",
        "direction": "ascending",
        "planning_method": "topocentric_elevation_access",
        "min_elevation_deg": 5.0,
        "tle_epoch_utc": "2026-08-09T19:32:23Z",
        "tle_age_hours": -13.57,
        "tle_quality": "good",
        "aos_utc": "2026-08-09T05:58:26Z",
        "los_utc": "2026-08-09T06:10:43Z",
        "tca_utc": "2026-08-09T06:04:30Z",
        "max_elevation_utc": "2026-08-09T06:04:30Z",
        "duration_minutes": 12.28,
        "min_distance_km": 779.25,
        "max_elevation_deg": 41.29,
        "tca_azimuth_deg": 78.13,
        "tca_elevation_deg": 41.29,
        "tca_slant_range_km": 1172.41,
        "closest_lon": 108.024303,
        "closest_lat": 14.370992,
        "aos_lon": 112.8454,
        "aos_lat": -6.865847,
        "aos_azimuth_deg": 148.55,
        "los_lon": 102.287735,
        "los_lat": 36.154952,
        "los_azimuth_deg": 2.82,
        "confidence": "medium",
        "aoi_covered": false,
        "aoi_points_inside": 0,
        "reference_swath_file": "swath_jpss.geojson",
        "reference_swath_source_count": 20,
        "reference_swath_station_inside_count": 5,
        "reference_swath_buffer_intersects_count": 20,
        "reference_swath_satellites": "JPSS-1 (NOAA-20)",
        "reference_swath_sensors": "VIIRS",
        "reference_swath_time_min": "2026-06-17T06:52:26Z",
        "reference_swath_time_max": "2026-06-22T06:58:49.5Z",
        "reference_swath_note": "sample footprint only; not time-matched to this planning pass",
        "type": "los",
        "color": "green"
      },
      "geometry": {
        "type": "Point",
        "coordinates": [
          102.2877346946193,
          36.15495195946889
        ]
      }
    },
    {
      "type": "Feature",
      "properties": {
        "satellite": "SUOMI NPP",
        "direction": "ascending",
        "planning_method": "topocentric_elevation_access",
        "min_elevation_deg": 5.0,
        "tle_epoch_utc": "2026-08-09T20:08:34Z",
        "tle_age_hours": -13.58,
        "tle_quality": "good",
        "aos_utc": "2026-08-09T06:33:54Z",
        "los_utc": "2026-08-09T06:46:48Z",
        "tca_utc": "2026-08-09T06:40:30Z",
        "max_elevation_utc": "2026-08-09T06:40:30Z",
        "duration_minutes": 12.89,
        "min_distance_km": 111.22,
        "max_elevation_deg": 80.95,
        "tca_azimuth_deg": 47.36,
        "tca_elevation_deg": 80.95,
        "tca_slant_range_km": 839.28,
        "closest_lon": 101.723715,
        "closest_lat": 13.736209,
        "aos_lon": 107.002673,
        "aos_lat": -9.357276,
        "aos_azimuth_deg": 164.62,
        "los_lon": 95.908355,
        "los_lat": 35.77889,
        "los_azimuth_deg": 349.63,
        "confidence": "medium",
        "aoi_covered": true,
        "aoi_points_inside": 1,
        "reference_swath_file": "swath_jpss.geojson",
        "reference_swath_source_count": 20,
        "reference_swath_station_inside_count": 5,
        "reference_swath_buffer_intersects_count": 20,
        "reference_swath_satellites": "JPSS-1 (NOAA-20)",
        "reference_swath_sensors": "VIIRS",
        "reference_swath_time_min": "2026-06-17T06:52:26Z",
        "reference_swath_time_max": "2026-06-22T06:58:49.5Z",
        "reference_swath_note": "sample footprint only; not time-matched to this planning pass",
        "type": "visible_track"
      },
      "geometry": {
        "type": "LineString",
        "coordinates": [
          [
            107.00267251070153,
            -9.357275684221051
          ],
          [
            106.92980217689933,
            -9.041869197979747
          ],
          [
            106.52795522407223,
            -7.2905791882371584
          ],
          [
            106.12824579320403,
            -5.538993993449598
          ],
          [
            105.73014108120344,
            -3.7871552383038094
          ],
          [
            105.3331202679405,
            -2.0351037474748193
          ],
          [
            104.9366705506003,
            -0.28287985115558145
          ],
          [
            104.54028330803072,
            1.4694763195026384
          ],
          [
            104.1434503251952,
            3.221924542213857
          ],
          [
            103.74566002584174,
            4.974424213991987
          ],
          [
            103.34639365187638,
            6.726934057501473
          ],
          [
            102.94512132977707,
            8.479411818564431
          ],
          [
            102.5412977928055,
            10.231813949785915
          ],
          [
            102.13435869974751,
            11.984095274916331
          ],
          [
            101.72371495407083,
            13.736208627984196
          ],
          [
            101.30874830260541,
            15.488104460556258
          ],
          [
            100.88880559451229,
            17.239730409538705
          ],
          [
            100.46319260673653,
            18.991030816755536
          ],
          [
            100.03116713085609,
            20.74194619007618
          ],
          [
            99.59193117781967,
            22.492412593974688
          ],
          [
            99.14462211878646,
            24.242360955117423
          ],
          [
            98.6883025479708,
            25.991716265642292
          ],
          [
            98.22194860842461,
            27.740396663151422
          ],
          [
            97.74443646586792,
            29.488312361833923
          ],
          [
            97.25452654538446,
            31.23536440332497
          ],
          [
            96.75084505735987,
            32.98144318853761
          ],
          [
            96.23186222279952,
            34.72642674225634
          ],
          [
            95.90835517175617,
            35.77889038267336
          ]
        ]
      }
    },
    {
      "type": "Feature",
      "properties": {
        "satellite": "SUOMI NPP",
        "direction": "ascending",
        "planning_method": "topocentric_elevation_access",
        "min_elevation_deg": 5.0,
        "tle_epoch_utc": "2026-08-09T20:08:34Z",
        "tle_age_hours": -13.58,
        "tle_quality": "good",
        "aos_utc": "2026-08-09T06:33:54Z",
        "los_utc": "2026-08-09T06:46:48Z",
        "tca_utc": "2026-08-09T06:40:30Z",
        "max_elevation_utc": "2026-08-09T06:40:30Z",
        "duration_minutes": 12.89,
        "min_distance_km": 111.22,
        "max_elevation_deg": 80.95,
        "tca_azimuth_deg": 47.36,
        "tca_elevation_deg": 80.95,
        "tca_slant_range_km": 839.28,
        "closest_lon": 101.723715,
        "closest_lat": 13.736209,
        "aos_lon": 107.002673,
        "aos_lat": -9.357276,
        "aos_azimuth_deg": 164.62,
        "los_lon": 95.908355,
        "los_lat": 35.77889,
        "los_azimuth_deg": 349.63,
        "confidence": "medium",
        "aoi_covered": true,
        "aoi_points_inside": 1,
        "reference_swath_file": "swath_jpss.geojson",
        "reference_swath_source_count": 20,
        "reference_swath_station_inside_count": 5,
        "reference_swath_buffer_intersects_count": 20,
        "reference_swath_satellites": "JPSS-1 (NOAA-20)",
        "reference_swath_sensors": "VIIRS",
        "reference_swath_time_min": "2026-06-17T06:52:26Z",
        "reference_swath_time_max": "2026-06-22T06:58:49.5Z",
        "reference_swath_note": "sample footprint only; not time-matched to this planning pass",
        "type": "aos",
        "color": "cyan"
      },
      "geometry": {
        "type": "Point",
        "coordinates": [
          107.00267251070153,
          -9.357275684221051
        ]
      }
    },
    {
      "type": "Feature",
      "properties": {
        "satellite": "SUOMI NPP",
        "direction": "ascending",
        "planning_method": "topocentric_elevation_access",
        "min_elevation_deg": 5.0,
        "tle_epoch_utc": "2026-08-09T20:08:34Z",
        "tle_age_hours": -13.58,
        "tle_quality": "good",
        "aos_utc": "2026-08-09T06:33:54Z",
        "los_utc": "2026-08-09T06:46:48Z",
        "tca_utc": "2026-08-09T06:40:30Z",
        "max_elevation_utc": "2026-08-09T06:40:30Z",
        "duration_minutes": 12.89,
        "min_distance_km": 111.22,
        "max_elevation_deg": 80.95,
        "tca_azimuth_deg": 47.36,
        "tca_elevation_deg": 80.95,
        "tca_slant_range_km": 839.28,
        "closest_lon": 101.723715,
        "closest_lat": 13.736209,
        "aos_lon": 107.002673,
        "aos_lat": -9.357276,
        "aos_azimuth_deg": 164.62,
        "los_lon": 95.908355,
        "los_lat": 35.77889,
        "los_azimuth_deg": 349.63,
        "confidence": "medium",
        "aoi_covered": true,
        "aoi_points_inside": 1,
        "reference_swath_file": "swath_jpss.geojson",
        "reference_swath_source_count": 20,
        "reference_swath_station_inside_count": 5,
        "reference_swath_buffer_intersects_count": 20,
        "reference_swath_satellites": "JPSS-1 (NOAA-20)",
        "reference_swath_sensors": "VIIRS",
        "reference_swath_time_min": "2026-06-17T06:52:26Z",
        "reference_swath_time_max": "2026-06-22T06:58:49.5Z",
        "reference_swath_note": "sample footprint only; not time-matched to this planning pass",
        "type": "tca",
        "color": "yellow"
      },
      "geometry": {
        "type": "Point",
        "coordinates": [
          101.72371495407083,
          13.736208627984196
        ]
      }
    },
    {
      "type": "Feature",
      "properties": {
        "satellite": "SUOMI NPP",
        "direction": "ascending",
        "planning_method": "topocentric_elevation_access",
        "min_elevation_deg": 5.0,
        "tle_epoch_utc": "2026-08-09T20:08:34Z",
        "tle_age_hours": -13.58,
        "tle_quality": "good",
        "aos_utc": "2026-08-09T06:33:54Z",
        "los_utc": "2026-08-09T06:46:48Z",
        "tca_utc": "2026-08-09T06:40:30Z",
        "max_elevation_utc": "2026-08-09T06:40:30Z",
        "duration_minutes": 12.89,
        "min_distance_km": 111.22,
        "max_elevation_deg": 80.95,
        "tca_azimuth_deg": 47.36,
        "tca_elevation_deg": 80.95,
        "tca_slant_range_km": 839.28,
        "closest_lon": 101.723715,
        "closest_lat": 13.736209,
        "aos_lon": 107.002673,
        "aos_lat": -9.357276,
        "aos_azimuth_deg": 164.62,
        "los_lon": 95.908355,
        "los_lat": 35.77889,
        "los_azimuth_deg": 349.63,
        "confidence": "medium",
        "aoi_covered": true,
        "aoi_points_inside": 1,
        "reference_swath_file": "swath_jpss.geojson",
        "reference_swath_source_count": 20,
        "reference_swath_station_inside_count": 5,
        "reference_swath_buffer_intersects_count": 20,
        "reference_swath_satellites": "JPSS-1 (NOAA-20)",
        "reference_swath_sensors": "VIIRS",
        "reference_swath_time_min": "2026-06-17T06:52:26Z",
        "reference_swath_time_max": "2026-06-22T06:58:49.5Z",
        "reference_swath_note": "sample footprint only; not time-matched to this planning pass",
        "type": "los",
        "color": "green"
      },
      "geometry": {
        "type": "Point",
        "coordinates": [
          95.90835517175617,
          35.77889038267336
        ]
      }
    },
    {
      "type": "Feature",
      "properties": {
        "satellite": "NOAA 20 (JPSS-1)",
        "direction": "ascending",
        "planning_method": "topocentric_elevation_access",
        "min_elevation_deg": 5.0,
        "tle_epoch_utc": "2026-08-09T20:27:58Z",
        "tle_age_hours": -13.58,
        "tle_quality": "good",
        "aos_utc": "2026-08-09T06:53:04Z",
        "los_utc": "2026-08-09T07:05:41Z",
        "tca_utc": "2026-08-09T06:59:30Z",
        "max_elevation_utc": "2026-08-09T06:59:30Z",
        "duration_minutes": 12.6,
        "min_distance_km": 575.3,
        "max_elevation_deg": 50.96,
        "tca_azimuth_deg": 263.15,
        "tca_elevation_deg": 50.96,
        "tca_slant_range_km": 1029.69,
        "closest_lon": 95.679712,
        "closest_lat": 12.358434,
        "aos_lon": 100.80806,
        "aos_lat": -10.140114,
        "aos_azimuth_deg": 180.31,
        "los_lon": 90.087275,
        "los_lat": 34.00908,
        "los_azimuth_deg": 336.66,
        "confidence": "medium",
        "aoi_covered": false,
        "aoi_points_inside": 0,
        "reference_swath_file": "swath_jpss.geojson",
        "reference_swath_source_count": 20,
        "reference_swath_station_inside_count": 5,
        "reference_swath_buffer_intersects_count": 20,
        "reference_swath_satellites": "JPSS-1 (NOAA-20)",
        "reference_swath_sensors": "VIIRS",
        "reference_swath_time_min": "2026-06-17T06:52:26Z",
        "reference_swath_time_max": "2026-06-22T06:58:49.5Z",
        "reference_swath_note": "sample footprint only; not time-matched to this planning pass",
        "type": "visible_track"
      },
      "geometry": {
        "type": "LineString",
        "coordinates": [
          [
            100.80806012570565,
            -10.140114053131141
          ],
          [
            100.47057660385809,
            -8.674810280707927
          ],
          [
            100.06972636648771,
            -6.922905468716887
          ],
          [
            99.67089617742516,
            -5.17070598486744
          ],
          [
            99.27355681203187,
            -3.4182535777024885
          ],
          [
            98.87719015708325,
            -1.6655892733056237
          ],
          [
            98.48128528254131,
            0.0872463230916399
          ],
          [
            98.08533462309134,
            1.8402127345360657
          ],
          [
            97.68883021636407,
            3.5932693240330162
          ],
          [
            97.29125992983211,
            5.3463750058440755
          ],
          [
            96.89210362449228,
            7.099487951705598
          ],
          [
            96.49082919190863,
            8.852565287197168
          ],
          [
            96.08688840109113,
            10.605562773135288
          ],
          [
            95.67971248606113,
            12.358434466537675
          ],
          [
            95.26870739784141,
            14.111132355078235
          ],
          [
            94.85324863521475,
            15.86360595819162
          ],
          [
            94.43267555697662,
            17.615801887061473
          ],
          [
            94.00628505988175,
            19.367663354439756
          ],
          [
            93.57332432897789,
            21.11912962372152
          ],
          [
            93.13298350349191,
            22.870135384746938
          ],
          [
            92.68438555764402,
            24.620610041355327
          ],
          [
            92.22657653225542,
            26.370476892698978
          ],
          [
            91.75851332589264,
            28.119652186448175
          ],
          [
            91.27904972528978,
            29.868044017240535
          ],
          [
            90.7869201040723,
            31.615551037567393
          ],
          [
            90.28072029320822,
            33.362060940573855
          ],
          [
            90.08727486930405,
            34.00907979416044
          ]
        ]
      }
    },
    {
      "type": "Feature",
      "properties": {
        "satellite": "NOAA 20 (JPSS-1)",
        "direction": "ascending",
        "planning_method": "topocentric_elevation_access",
        "min_elevation_deg": 5.0,
        "tle_epoch_utc": "2026-08-09T20:27:58Z",
        "tle_age_hours": -13.58,
        "tle_quality": "good",
        "aos_utc": "2026-08-09T06:53:04Z",
        "los_utc": "2026-08-09T07:05:41Z",
        "tca_utc": "2026-08-09T06:59:30Z",
        "max_elevation_utc": "2026-08-09T06:59:30Z",
        "duration_minutes": 12.6,
        "min_distance_km": 575.3,
        "max_elevation_deg": 50.96,
        "tca_azimuth_deg": 263.15,
        "tca_elevation_deg": 50.96,
        "tca_slant_range_km": 1029.69,
        "closest_lon": 95.679712,
        "closest_lat": 12.358434,
        "aos_lon": 100.80806,
        "aos_lat": -10.140114,
        "aos_azimuth_deg": 180.31,
        "los_lon": 90.087275,
        "los_lat": 34.00908,
        "los_azimuth_deg": 336.66,
        "confidence": "medium",
        "aoi_covered": false,
        "aoi_points_inside": 0,
        "reference_swath_file": "swath_jpss.geojson",
        "reference_swath_source_count": 20,
        "reference_swath_station_inside_count": 5,
        "reference_swath_buffer_intersects_count": 20,
        "reference_swath_satellites": "JPSS-1 (NOAA-20)",
        "reference_swath_sensors": "VIIRS",
        "reference_swath_time_min": "2026-06-17T06:52:26Z",
        "reference_swath_time_max": "2026-06-22T06:58:49.5Z",
        "reference_swath_note": "sample footprint only; not time-matched to this planning pass",
        "type": "aos",
        "color": "cyan"
      },
      "geometry": {
        "type": "Point",
        "coordinates": [
          100.80806012570565,
          -10.140114053131141
        ]
      }
    },
    {
      "type": "Feature",
      "properties": {
        "satellite": "NOAA 20 (JPSS-1)",
        "direction": "ascending",
        "planning_method": "topocentric_elevation_access",
        "min_elevation_deg": 5.0,
        "tle_epoch_utc": "2026-08-09T20:27:58Z",
        "tle_age_hours": -13.58,
        "tle_quality": "good",
        "aos_utc": "2026-08-09T06:53:04Z",
        "los_utc": "2026-08-09T07:05:41Z",
        "tca_utc": "2026-08-09T06:59:30Z",
        "max_elevation_utc": "2026-08-09T06:59:30Z",
        "duration_minutes": 12.6,
        "min_distance_km": 575.3,
        "max_elevation_deg": 50.96,
        "tca_azimuth_deg": 263.15,
        "tca_elevation_deg": 50.96,
        "tca_slant_range_km": 1029.69,
        "closest_lon": 95.679712,
        "closest_lat": 12.358434,
        "aos_lon": 100.80806,
        "aos_lat": -10.140114,
        "aos_azimuth_deg": 180.31,
        "los_lon": 90.087275,
        "los_lat": 34.00908,
        "los_azimuth_deg": 336.66,
        "confidence": "medium",
        "aoi_covered": false,
        "aoi_points_inside": 0,
        "reference_swath_file": "swath_jpss.geojson",
        "reference_swath_source_count": 20,
        "reference_swath_station_inside_count": 5,
        "reference_swath_buffer_intersects_count": 20,
        "reference_swath_satellites": "JPSS-1 (NOAA-20)",
        "reference_swath_sensors": "VIIRS",
        "reference_swath_time_min": "2026-06-17T06:52:26Z",
        "reference_swath_time_max": "2026-06-22T06:58:49.5Z",
        "reference_swath_note": "sample footprint only; not time-matched to this planning pass",
        "type": "tca",
        "color": "yellow"
      },
      "geometry": {
        "type": "Point",
        "coordinates": [
          95.67971248606113,
          12.358434466537675
        ]
      }
    },
    {
      "type": "Feature",
      "properties": {
        "satellite": "NOAA 20 (JPSS-1)",
        "direction": "ascending",
        "planning_method": "topocentric_elevation_access",
        "min_elevation_deg": 5.0,
        "tle_epoch_utc": "2026-08-09T20:27:58Z",
        "tle_age_hours": -13.58,
        "tle_quality": "good",
        "aos_utc": "2026-08-09T06:53:04Z",
        "los_utc": "2026-08-09T07:05:41Z",
        "tca_utc": "2026-08-09T06:59:30Z",
        "max_elevation_utc": "2026-08-09T06:59:30Z",
        "duration_minutes": 12.6,
        "min_distance_km": 575.3,
        "max_elevation_deg": 50.96,
        "tca_azimuth_deg": 263.15,
        "tca_elevation_deg": 50.96,
        "tca_slant_range_km": 1029.69,
        "closest_lon": 95.679712,
        "closest_lat": 12.358434,
        "aos_lon": 100.80806,
        "aos_lat": -10.140114,
        "aos_azimuth_deg": 180.31,
        "los_lon": 90.087275,
        "los_lat": 34.00908,
        "los_azimuth_deg": 336.66,
        "confidence": "medium",
        "aoi_covered": false,
        "aoi_points_inside": 0,
        "reference_swath_file": "swath_jpss.geojson",
        "reference_swath_source_count": 20,
        "reference_swath_station_inside_count": 5,
        "reference_swath_buffer_intersects_count": 20,
        "reference_swath_satellites": "JPSS-1 (NOAA-20)",
        "reference_swath_sensors": "VIIRS",
        "reference_swath_time_min": "2026-06-17T06:52:26Z",
        "reference_swath_time_max": "2026-06-22T06:58:49.5Z",
        "reference_swath_note": "sample footprint only; not time-matched to this planning pass",
        "type": "los",
        "color": "green"
      },
      "geometry": {
        "type": "Point",
        "coordinates": [
          90.08727486930405,
          34.00907979416044
        ]
      }
    },
    {
      "type": "Feature",
      "properties": {
        "satellite": "NOAA 21 (JPSS-2)",
        "direction": "ascending",
        "planning_method": "topocentric_elevation_access",
        "min_elevation_deg": 5.0,
        "tle_epoch_utc": "2026-08-09T19:32:23Z",
        "tle_age_hours": -11.87,
        "tle_quality": "good",
        "aos_utc": "2026-08-09T07:40:17Z",
        "los_utc": "2026-08-09T07:49:04Z",
        "tca_utc": "2026-08-09T07:44:30Z",
        "max_elevation_utc": "2026-08-09T07:44:30Z",
        "duration_minutes": 8.79,
        "min_distance_km": 1913.2,
        "max_elevation_deg": 13.37,
        "tca_azimuth_deg": 258.62,
        "tca_elevation_deg": 13.37,
        "tca_slant_range_km": 2188.81,
        "closest_lon": 83.865228,
        "closest_lat": 9.116235,
        "aos_lon": 87.199868,
        "aos_lat": -5.669337,
        "aos_azimuth_deg": 216.99,
        "los_lon": 80.001753,
        "los_lat": 25.160757,
        "los_azimuth_deg": 304.67,
        "confidence": "medium",
        "aoi_covered": false,
        "aoi_points_inside": 0,
        "reference_swath_file": "swath_jpss.geojson",
        "reference_swath_source_count": 20,
        "reference_swath_station_inside_count": 5,
        "reference_swath_buffer_intersects_count": 20,
        "reference_swath_satellites": "JPSS-1 (NOAA-20)",
        "reference_swath_sensors": "VIIRS",
        "reference_swath_time_min": "2026-06-17T06:52:26Z",
        "reference_swath_time_max": "2026-06-22T06:58:49.5Z",
        "reference_swath_note": "sample footprint only; not time-matched to this planning pass",
        "type": "visible_track"
      },
      "geometry": {
        "type": "LineString",
        "coordinates": [
          [
            87.19986789923337,
            -5.669337490279498
          ],
          [
            87.02914993429783,
            -4.91442957077238
          ],
          [
            86.63409330488605,
            -3.161048637893241
          ],
          [
            86.23992668635293,
            -1.407457169269411
          ],
          [
            85.8461433989271,
            0.3463043432148802
          ],
          [
            85.45223954875883,
            2.1001954841770964
          ],
          [
            85.05771028630483,
            3.854175631342542
          ],
          [
            84.66204605167076,
            5.608203671078243
          ],
          [
            84.26472874535091,
            7.362237708247149
          ],
          [
            83.86522776408862,
            9.116234765588434
          ],
          [
            83.46299583749402,
            10.870150467571401
          ],
          [
            83.05746459565108,
            12.623938703215773
          ],
          [
            82.64803979052232,
            14.377551261797086
          ],
          [
            82.23409608468705,
            16.130937434563712
          ],
          [
            81.81497113710071,
            17.884043574608818
          ],
          [
            81.38995988629426,
            19.63681260576786
          ],
          [
            80.95830636517928,
            21.389183469818274
          ],
          [
            80.51919625682825,
            23.141090499285724
          ],
          [
            80.07174747633644,
            24.892462700660797
          ],
          [
            80.00175327439081,
            25.160757443363174
          ]
        ]
      }
    },
    {
      "type": "Feature",
      "properties": {
        "satellite": "NOAA 21 (JPSS-2)",
        "direction": "ascending",
        "planning_method": "topocentric_elevation_access",
        "min_elevation_deg": 5.0,
        "tle_epoch_utc": "2026-08-09T19:32:23Z",
        "tle_age_hours": -11.87,
        "tle_quality": "good",
        "aos_utc": "2026-08-09T07:40:17Z",
        "los_utc": "2026-08-09T07:49:04Z",
        "tca_utc": "2026-08-09T07:44:30Z",
        "max_elevation_utc": "2026-08-09T07:44:30Z",
        "duration_minutes": 8.79,
        "min_distance_km": 1913.2,
        "max_elevation_deg": 13.37,
        "tca_azimuth_deg": 258.62,
        "tca_elevation_deg": 13.37,
        "tca_slant_range_km": 2188.81,
        "closest_lon": 83.865228,
        "closest_lat": 9.116235,
        "aos_lon": 87.199868,
        "aos_lat": -5.669337,
        "aos_azimuth_deg": 216.99,
        "los_lon": 80.001753,
        "los_lat": 25.160757,
        "los_azimuth_deg": 304.67,
        "confidence": "medium",
        "aoi_covered": false,
        "aoi_points_inside": 0,
        "reference_swath_file": "swath_jpss.geojson",
        "reference_swath_source_count": 20,
        "reference_swath_station_inside_count": 5,
        "reference_swath_buffer_intersects_count": 20,
        "reference_swath_satellites": "JPSS-1 (NOAA-20)",
        "reference_swath_sensors": "VIIRS",
        "reference_swath_time_min": "2026-06-17T06:52:26Z",
        "reference_swath_time_max": "2026-06-22T06:58:49.5Z",
        "reference_swath_note": "sample footprint only; not time-matched to this planning pass",
        "type": "aos",
        "color": "cyan"
      },
      "geometry": {
        "type": "Point",
        "coordinates": [
          87.19986789923337,
          -5.669337490279498
        ]
      }
    },
    {
      "type": "Feature",
      "properties": {
        "satellite": "NOAA 21 (JPSS-2)",
        "direction": "ascending",
        "planning_method": "topocentric_elevation_access",
        "min_elevation_deg": 5.0,
        "tle_epoch_utc": "2026-08-09T19:32:23Z",
        "tle_age_hours": -11.87,
        "tle_quality": "good",
        "aos_utc": "2026-08-09T07:40:17Z",
        "los_utc": "2026-08-09T07:49:04Z",
        "tca_utc": "2026-08-09T07:44:30Z",
        "max_elevation_utc": "2026-08-09T07:44:30Z",
        "duration_minutes": 8.79,
        "min_distance_km": 1913.2,
        "max_elevation_deg": 13.37,
        "tca_azimuth_deg": 258.62,
        "tca_elevation_deg": 13.37,
        "tca_slant_range_km": 2188.81,
        "closest_lon": 83.865228,
        "closest_lat": 9.116235,
        "aos_lon": 87.199868,
        "aos_lat": -5.669337,
        "aos_azimuth_deg": 216.99,
        "los_lon": 80.001753,
        "los_lat": 25.160757,
        "los_azimuth_deg": 304.67,
        "confidence": "medium",
        "aoi_covered": false,
        "aoi_points_inside": 0,
        "reference_swath_file": "swath_jpss.geojson",
        "reference_swath_source_count": 20,
        "reference_swath_station_inside_count": 5,
        "reference_swath_buffer_intersects_count": 20,
        "reference_swath_satellites": "JPSS-1 (NOAA-20)",
        "reference_swath_sensors": "VIIRS",
        "reference_swath_time_min": "2026-06-17T06:52:26Z",
        "reference_swath_time_max": "2026-06-22T06:58:49.5Z",
        "reference_swath_note": "sample footprint only; not time-matched to this planning pass",
        "type": "tca",
        "color": "yellow"
      },
      "geometry": {
        "type": "Point",
        "coordinates": [
          83.86522776408862,
          9.116234765588434
        ]
      }
    },
    {
      "type": "Feature",
      "properties": {
        "satellite": "NOAA 21 (JPSS-2)",
        "direction": "ascending",
        "planning_method": "topocentric_elevation_access",
        "min_elevation_deg": 5.0,
        "tle_epoch_utc": "2026-08-09T19:32:23Z",
        "tle_age_hours": -11.87,
        "tle_quality": "good",
        "aos_utc": "2026-08-09T07:40:17Z",
        "los_utc": "2026-08-09T07:49:04Z",
        "tca_utc": "2026-08-09T07:44:30Z",
        "max_elevation_utc": "2026-08-09T07:44:30Z",
        "duration_minutes": 8.79,
        "min_distance_km": 1913.2,
        "max_elevation_deg": 13.37,
        "tca_azimuth_deg": 258.62,
        "tca_elevation_deg": 13.37,
        "tca_slant_range_km": 2188.81,
        "closest_lon": 83.865228,
        "closest_lat": 9.116235,
        "aos_lon": 87.199868,
        "aos_lat": -5.669337,
        "aos_azimuth_deg": 216.99,
        "los_lon": 80.001753,
        "los_lat": 25.160757,
        "los_azimuth_deg": 304.67,
        "confidence": "medium",
        "aoi_covered": false,
        "aoi_points_inside": 0,
        "reference_swath_file": "swath_jpss.geojson",
        "reference_swath_source_count": 20,
        "reference_swath_station_inside_count": 5,
        "reference_swath_buffer_intersects_count": 20,
        "reference_swath_satellites": "JPSS-1 (NOAA-20)",
        "reference_swath_sensors": "VIIRS",
        "reference_swath_time_min": "2026-06-17T06:52:26Z",
        "reference_swath_time_max": "2026-06-22T06:58:49.5Z",
        "reference_swath_note": "sample footprint only; not time-matched to this planning pass",
        "type": "los",
        "color": "green"
      },
      "geometry": {
        "type": "Point",
        "coordinates": [
          80.00175327439081,
          25.160757443363174
        ]
      }
    }
  ]
}
