{
  "type": "FeatureCollection",
  "features": [
    {
      "type": "Feature",
      "properties": {
        "type": "station",
        "buffer_km": 2500.0,
        "min_elevation_deg": 5.0,
        "reference_swath_file": "swath_jpss.geojson",
        "reference_swath_source_count": 20,
        "reference_swath_station_inside_count": 5,
        "aoi_file": "aoi_demo.geojson",
        "aoi_feature_count": 1
      },
      "geometry": {
        "type": "Point",
        "coordinates": [
          100.929,
          13.1014
        ]
      }
    },
    {
      "type": "Feature",
      "properties": {
        "type": "station_buffer",
        "buffer_km": 2500.0,
        "planning_note": "reference buffer from the original rough planning flow"
      },
      "geometry": {
        "type": "Polygon",
        "coordinates": [
          [
            [
              100.92900000000003,
              35.58440909311344
            ],
            [
              101.86910049112305,
              35.568425833349146
            ],
            [
              102.8071854164873,
              35.520514627612656
            ],
            [
              103.74125301330503,
              35.440790868636434
            ],
            [
              104.66932886248662,
              35.329445791758666
            ],
            [
              105.58947891409713,
              35.18674487115753
            ],
            [
              106.4998217624335,
              35.01302562368628
            ],
            [
              107.3985399612443,
              34.80869486712545
            ],
            [
              108.28389020156516,
              34.574225489928246
            ],
            [
              109.15421221125598,
              34.31015279771458
            ],
            [
              110.00793627475178,
              34.01707050766718
            ],
            [
              110.84358931192929,
              33.69562646551572
            ],
            [
              111.65979949456636,
              33.34651816099857
            ],
            [
              112.4552994160531,
              32.97048811670327
            ],
            [
              113.228927863509,
              32.56831922223479
            ],
            [
              113.97963027028396,
              32.14083008103399
            ],
            [
              114.70645795034648,
              31.688870431201067
            ],
            [
              115.40856623399208,
              31.213316694721694
            ],
            [
              116.0852116366487,
              30.715067701894142
            ],
            [
              116.73574819959248,
              30.195040629844414
            ],
            [
              117.35962314358375,
              29.654167186086458
            ],
            [
              117.95637197441874,
              29.093390060387613
            ],
            [
              118.52561317386926,
              28.513659660940252
            ],
            [
              119.06704260119136,
              27.915931144170358
            ],
            [
              119.58042772005126,
              27.301161741540614
            ],
            [
              120.06560175403058,
              26.67030838148974
            ],
            [
              120.52245786143328,
              26.024325600215082
            ],
            [
              120.95094340746601,
              25.364163731343453
            ],
            [
              121.35105439941378,
              24.690767361611602
            ],
            [
              121.72283013854604,
              24.005074037440583
            ],
            [
              122.0663481313934,
              23.30801320567194
            ],
            [
              122.38171929292196,
              22.60050537066565
            ],
            [
              122.66908346508797,
              21.883461449364376
            ],
            [
              122.92860526633092,
              21.157782305730723
            ],
            [
              123.16047028075184,
              20.424358446091787
            ],
            [
              123.36488158998469,
              19.684069857310917
            ],
            [
              123.5420566460379,
              18.937785970290687
            ],
            [
              123.69222447957407,
              18.186365732038595
            ],
            [
              123.81562323511787,
              17.430657770352415
            ],
            [
              123.91249802243084,
              16.671500636066003
            ],
            [
              123.98309907167163,
              15.909723108705652
            ],
            [
              124.0276801788728,
              15.146144552316409
            ],
            [
              124.04649742761859,
              14.381575309105877
            ],
            [
              124.03980817251636,
              13.616817119405308
            ],
            [
              124.00787027004526,
              12.852663557252704
            ],
            [
              123.95094154256185,
              12.089900471653731
            ],
            [
              123.86927946159062,
              11.329306424269467
            ],
            [
              123.7631410369678,
              10.57165311491458
            ],
            [
              123.6327828988978,
              9.817705786826856
            ],
            [
              123.4784615604782,
              9.068223604192555
            ],
            [
              123.30043384872522,
              8.323959994886467
            ],
            [
              123.09895749254929,
              7.58566295181774
            ],
            [
              122.87429185647579,
              6.85407528666882
            ],
            [
              122.62669880915621,
              6.129934830184693
            ],
            [
              122.35644371585471,
              5.413974573520592
            ],
            [
              122.06379654411933,
              4.706922745498742
            ],
            [
              121.74903307174316,
              4.00950282096753
            ],
            [
              121.4124361858918,
              3.3224334558100987
            ],
            [
              121.05429726191664,
              2.6464283445232004
            ],
            [
              120.67491760989645,
              1.9821959966911196
            ],
            [
              120.27460997635717,
              1.330439429122864
            ],
            [
              119.85370008793262,
              0.6918557709124528
            ],
            [
              119.41252822295166,
              0.06713577923001125
            ],
            [
              118.95145079610398,
              -0.5430367357377842
            ],
            [
              118.47084194046306,
              -1.1379855775994963
            ],
            [
              117.9710950702646,
              -1.7170429224721164
            ],
            [
              117.45262440698525,
              -2.2795501689175803
            ],
            [
              116.91586645047539,
              -2.824858877522657
            ],
            [
              116.36128137621085,
              -3.352331797568511
            ],
            [
              115.78935433918986,
              -3.861343977196314
            ],
            [
              115.20059666464579,
              -4.351283952377454
            ],
            [
              114.59554690563397,
              -4.821555008853054
            ],
            [
              113.9747717477066,
              -5.271576510033172
            ],
            [
              113.33886674137261,
              -5.700785282658385
            ],
            [
              112.68845684386787,
              -6.108637050848061
            ],
            [
              112.02419675297841,
              -6.494607908013856
            ],
            [
              111.34677101727607,
              -6.858195815030501
            ],
            [
              110.65689390915924,
              -7.1989221120572315
            ],
            [
              109.95530904953443,
              -7.516333030521086
            ],
            [
              109.24278877581708,
              -7.810001191037654
            ],
            [
              108.52013324813635,
              -8.079527072483451
            ],
            [
              107.78816929216248,
              -8.324540437073974
            ],
            [
              107.04774898076784,
              -8.544701696165736
            ],
            [
              106.29974796072025,
              -8.73970320160791
            ],
            [
              105.54506353469526,
              -8.90927044783429
            ],
            [
              104.78461251299632,
              -9.053163170515571
            ],
            [
              104.01932885337686,
              -9.171176328487059
            ],
            [
              103.25016111116747,
              -9.26314095682014
            ],
            [
              102.47806972541446,
              -9.328924880303571
            ],
            [
              101.70402416983558,
              -9.368433278219754
            ],
            [
              100.92900000000003,
              -9.38160909311345
            ],
            [
              100.15397583016443,
              -9.368433278219754
            ],
            [
              99.3799302745856,
              -9.328924880303571
            ],
            [
              98.60783888883253,
              -9.26314095682014
            ],
            [
              97.83867114662314,
              -9.171176328487055
            ],
            [
              97.07338748700374,
              -9.053163170515571
            ],
            [
              96.3129364653048,
              -8.909270447834286
            ],
            [
              95.55825203927981,
              -8.73970320160791
            ],
            [
              94.81025101923217,
              -8.544701696165736
            ],
            [
              94.06983070783758,
              -8.324540437073978
            ],
            [
              93.33786675186366,
              -8.079527072483451
            ],
            [
              92.61521122418293,
              -7.8100011910376566
            ],
            [
              91.90269095046557,
              -7.516333030521086
            ],
            [
              91.20110609084077,
              -7.198922112057228
            ],
            [
              90.51122898272394,
              -6.858195815030498
            ],
            [
              89.83380324702159,
              -6.494607908013853
            ],
            [
              89.16954315613214,
              -6.108637050848063
            ],
            [
              88.51913325862745,
              -5.700785282658392
            ],
            [
              87.8832282522934,
              -5.271576510033175
            ],
            [
              87.2624530943661,
              -4.821555008853058
            ],
            [
              86.65740333535422,
              -4.3512839523774565
            ],
            [
              86.06864566081015,
              -3.86134397719632
            ],
            [
              85.49671862378915,
              -3.352331797568508
            ],
            [
              84.94213354952467,
              -2.824858877522654
            ],
            [
              84.40537559301475,
              -2.2795501689175786
            ],
            [
              83.88690492973546,
              -1.7170429224721182
            ],
            [
              83.387158059537,
              -1.1379855775994916
            ],
            [
              82.90654920389602,
              -0.543036735737789
            ],
            [
              82.44547177704834,
              0.06713577923001443
            ],
            [
              82.00429991206738,
              0.691855770912448
            ],
            [
              81.58339002364283,
              1.3304394291228512
            ],
            [
              81.18308239010355,
              1.982195996691123
            ],
            [
              80.80370273808336,
              2.6464283445231955
            ],
            [
              80.44556381410825,
              3.322433455810102
            ],
            [
              80.10896692825685,
              4.0095028209675245
            ],
            [
              79.79420345588068,
              4.706922745498746
            ],
            [
              79.5015562841453,
              5.413974573520588
            ],
            [
              79.23130119084385,
              6.1299348301846965
            ],
            [
              78.98370814352427,
              6.85407528666882
            ],
            [
              78.75904250745077,
              7.5856629518177305
            ],
            [
              78.55756615127478,
              8.323959994886467
            ],
            [
              78.37953843952187,
              9.068223604192543
            ],
            [
              78.2252171011022,
              9.81770578682686
            ],
            [
              78.09485896303221,
              10.571653114914575
            ],
            [
              77.98872053840944,
              11.32930642426947
            ],
            [
              77.90705845743821,
              12.089900471653726
            ],
            [
              77.85012972995474,
              12.85266355725271
            ],
            [
              77.81819182748364,
              13.616817119405306
            ],
            [
              77.81150257238141,
              14.381575309105866
            ],
            [
              77.8303198211272,
              15.146144552316409
            ],
            [
              77.87490092832843,
              15.909723108705641
            ],
            [
              77.94550197756917,
              16.671500636066003
            ],
            [
              78.04237676488214,
              17.430657770352408
            ],
            [
              78.16577552042594,
              18.1863657320386
            ],
            [
              78.3159433539621,
              18.93778597029068
            ],
            [
              78.49311841001531,
              19.68406985731092
            ],
            [
              78.69752971924822,
              20.424358446091787
            ],
            [
              78.92939473366914,
              21.157782305730713
            ],
            [
              79.18891653491204,
              21.883461449364372
            ],
            [
              79.4762807070781,
              22.600505370665648
            ],
            [
              79.79165186860666,
              23.30801320567194
            ],
            [
              80.13516986145396,
              24.005074037440576
            ],
            [
              80.50694560058622,
              24.690767361611606
            ],
            [
              80.90705659253399,
              25.364163731343446
            ],
            [
              81.33554213856672,
              26.024325600215086
            ],
            [
              81.79239824596948,
              26.670308381489733
            ],
            [
              82.27757227994874,
              27.301161741540607
            ],
            [
              82.7909573988087,
              27.915931144170358
            ],
            [
              83.33238682613069,
              28.513659660940245
            ],
            [
              83.90162802558132,
              29.093390060387613
            ],
            [
              84.49837685641626,
              29.65416718608645
            ],
            [
              85.12225180040753,
              30.19504062984442
            ],
            [
              85.77278836335131,
              30.715067701894142
            ],
            [
              86.44943376600793,
              31.2133166947217
            ],
            [
              87.15154204965353,
              31.688870431201067
            ],
            [
              87.87836972971604,
              32.14083008103398
            ],
            [
              88.629072136491,
              32.56831922223479
            ],
            [
              89.40270058394691,
              32.970488116703265
            ],
            [
              90.19820050543365,
              33.34651816099857
            ],
            [
              91.01441068807071,
              33.695626465515716
            ],
            [
              91.85006372524822,
              34.01707050766718
            ],
            [
              92.70378778874402,
              34.31015279771458
            ],
            [
              93.57410979843485,
              34.574225489928246
            ],
            [
              94.45946003875571,
              34.80869486712545
            ],
            [
              95.35817823756645,
              35.013025623686275
            ],
            [
              96.26852108590288,
              35.18674487115753
            ],
            [
              97.18867113751338,
              35.32944579175866
            ],
            [
              98.11674698669498,
              35.440790868636434
            ],
            [
              99.0508145835127,
              35.520514627612656
            ],
            [
              99.98889950887695,
              35.568425833349146
            ],
            [
              100.92900000000003,
              35.58440909311344
            ]
          ]
        ]
      }
    },
    {
      "type": "Feature",
      "properties": {
        "type": "reference_swath",
        "source": "swath_jpss.geojson",
        "source_index": 0,
        "satellite": "JPSS-1",
        "satellite_name": "JPSS-1 (NOAA-20)",
        "sensor": "VIIRS",
        "sensor_name": "Visible Infrared Imaging Radiometer Suite",
        "product": "FLOOD",
        "datetime": "2026-06-22T06:58:49.5Z",
        "filename": null,
        "station_inside": false,
        "station_buffer_intersects": true,
        "bounds": [
          95.927315,
          13.008593,
          105.928665,
          18.103685
        ],
        "planning_note": "reference swath sample; not time-matched to the generated TLE planning window"
      },
      "geometry": {
        "type": "Polygon",
        "coordinates": [
          [
            [
              95.94417485177617,
              18.10368528285678
            ],
            [
              95.92731485479396,
              13.008593222825564
            ],
            [
              105.92866506463962,
              14.306813238121407
            ],
            [
              105.92866506463962,
              18.10368528285678
            ],
            [
              95.94417485177617,
              18.10368528285678
            ]
          ]
        ]
      }
    },
    {
      "type": "Feature",
      "properties": {
        "type": "reference_swath",
        "source": "swath_jpss.geojson",
        "source_index": 1,
        "satellite": "JPSS-1",
        "satellite_name": "JPSS-1 (NOAA-20)",
        "sensor": "VIIRS",
        "sensor_name": "Visible Infrared Imaging Radiometer Suite",
        "product": "FLOOD",
        "datetime": "2026-06-22T06:57:24Z",
        "filename": null,
        "station_inside": true,
        "station_buffer_intersects": true,
        "bounds": [
          95.927315,
          8.102333,
          105.928665,
          14.347277
        ],
        "planning_note": "reference swath sample; not time-matched to the generated TLE planning window"
      },
      "geometry": {
        "type": "Polygon",
        "coordinates": [
          [
            [
              105.9185490664503,
              14.34727723859816
            ],
            [
              95.92731485479396,
              13.011965222865294
            ],
            [
              95.92731485479396,
              8.102333165019198
            ],
            [
              105.92866506463962,
              9.201605177971004
            ],
            [
              105.9185490664503,
              14.34727723859816
            ]
          ]
        ]
      }
    },
    {
      "type": "Feature",
      "properties": {
        "type": "reference_swath",
        "source": "swath_jpss.geojson",
        "source_index": 2,
        "satellite": "JPSS-1",
        "satellite_name": "JPSS-1 (NOAA-20)",
        "sensor": "VIIRS",
        "sensor_name": "Visible Infrared Imaging Radiometer Suite",
        "product": "FLOOD",
        "datetime": "2026-06-22T06:55:58Z",
        "filename": null,
        "station_inside": false,
        "station_buffer_intersects": true,
        "bounds": [
          97.953886,
          8.102333,
          105.928665,
          9.231953
        ],
        "planning_note": "reference swath sample; not time-matched to the generated TLE planning window"
      },
      "geometry": {
        "type": "Polygon",
        "coordinates": [
          [
            [
              105.90506106886453,
              9.231953178328569
            ],
            [
              101.54169384986916,
              8.638481171336183
            ],
            [
              97.95388649205533,
              8.102333165019198
            ],
            [
              105.92866506463962,
              8.102333165019198
            ],
            [
              105.90506106886453,
              9.231953178328569
            ]
          ]
        ]
      }
    },
    {
      "type": "Feature",
      "properties": {
        "type": "reference_swath",
        "source": "swath_jpss.geojson",
        "source_index": 3,
        "satellite": "JPSS-1",
        "satellite_name": "JPSS-1 (NOAA-20)",
        "sensor": "VIIRS",
        "sensor_name": "Visible Infrared Imaging Radiometer Suite",
        "product": "FLOOD",
        "datetime": "2026-06-21T07:17:45Z",
        "filename": null,
        "station_inside": false,
        "station_buffer_intersects": true,
        "bounds": [
          95.927315,
          13.399745,
          104.893461,
          18.103685
        ],
        "planning_note": "reference swath sample; not time-matched to the generated TLE planning window"
      },
      "geometry": {
        "type": "Polygon",
        "coordinates": [
          [
            [
              95.92731485479396,
              18.10368528285678
            ],
            [
              95.92731485479396,
              13.399745227434181
            ],
            [
              104.89346124993206,
              14.401229239233832
            ],
            [
              104.28312935917614,
              18.10368528285678
            ],
            [
              95.92731485479396,
              18.10368528285678
            ]
          ]
        ]
      }
    },
    {
      "type": "Feature",
      "properties": {
        "type": "reference_swath",
        "source": "swath_jpss.geojson",
        "source_index": 4,
        "satellite": "JPSS-1",
        "satellite_name": "JPSS-1 (NOAA-20)",
        "sensor": "VIIRS",
        "sensor_name": "Visible Infrared Imaging Radiometer Suite",
        "product": "FLOOD",
        "datetime": "2026-06-21T07:16:19Z",
        "filename": null,
        "station_inside": true,
        "station_buffer_intersects": true,
        "bounds": [
          95.927315,
          8.210237,
          105.810645,
          14.478785
        ],
        "planning_note": "reference swath sample; not time-matched to the generated TLE planning window"
      },
      "geometry": {
        "type": "Polygon",
        "coordinates": [
          [
            [
              104.86648525476053,
              14.478785240147609
            ],
            [
              95.92731485479396,
              13.409861227553371
            ],
            [
              95.92731485479396,
              8.210237166290542
            ],
            [
              105.81064508576416,
              9.478109181228819
            ],
            [
              104.86648525476053,
              14.478785240147609
            ]
          ]
        ]
      }
    },
    {
      "type": "Feature",
      "properties": {
        "type": "reference_swath",
        "source": "swath_jpss.geojson",
        "source_index": 5,
        "satellite": "JPSS-1",
        "satellite_name": "JPSS-1 (NOAA-20)",
        "sensor": "VIIRS",
        "sensor_name": "Visible Infrared Imaging Radiometer Suite",
        "product": "FLOOD",
        "datetime": "2026-06-21T07:14:53.5Z",
        "filename": null,
        "station_inside": false,
        "station_buffer_intersects": true,
        "bounds": [
          95.927315,
          8.102333,
          105.928665,
          9.555665
        ],
        "planning_note": "reference swath sample; not time-matched to the generated TLE planning window"
      },
      "geometry": {
        "type": "Polygon",
        "coordinates": [
          [
            [
              105.79041308938552,
              9.555665182142597
            ],
            [
              96.17009881133775,
              8.267561166965942
            ],
            [
              95.92731485479396,
              8.102333165019198
            ],
            [
              105.92866506463962,
              8.102333165019198
            ],
            [
              105.79041308938552,
              9.555665182142597
            ]
          ]
        ]
      }
    },
    {
      "type": "Feature",
      "properties": {
        "type": "reference_swath",
        "source": "swath_jpss.geojson",
        "source_index": 6,
        "satellite": "JPSS-1",
        "satellite_name": "JPSS-1 (NOAA-20)",
        "sensor": "VIIRS",
        "sensor_name": "Visible Infrared Imaging Radiometer Suite",
        "product": "FLOOD",
        "datetime": "2026-06-21T05:38:10.5Z",
        "filename": null,
        "station_inside": false,
        "station_buffer_intersects": true,
        "bounds": [
          100.38847,
          16.765001,
          105.928665,
          18.103685
        ],
        "planning_note": "reference swath sample; not time-matched to the generated TLE planning window"
      },
      "geometry": {
        "type": "Polygon",
        "coordinates": [
          [
            [
              100.38847005628614,
              18.10368528285678
            ],
            [
              100.82008597903067,
              16.765001267084184
            ],
            [
              105.92866506463962,
              17.90473728051274
            ],
            [
              105.92866506463962,
              18.10368528285678
            ],
            [
              100.38847005628614,
              18.10368528285678
            ]
          ]
        ]
      }
    },
    {
      "type": "Feature",
      "properties": {
        "type": "reference_swath",
        "source": "swath_jpss.geojson",
        "source_index": 7,
        "satellite": "JPSS-1",
        "satellite_name": "JPSS-1 (NOAA-20)",
        "sensor": "VIIRS",
        "sensor_name": "Visible Infrared Imaging Radiometer Suite",
        "product": "FLOOD",
        "datetime": "2026-06-21T05:36:44.5Z",
        "filename": null,
        "station_inside": false,
        "station_buffer_intersects": true,
        "bounds": [
          100.813342,
          11.929553,
          105.928665,
          17.928341
        ],
        "planning_note": "reference swath sample; not time-matched to the generated TLE planning window"
      },
      "geometry": {
        "type": "Polygon",
        "coordinates": [
          [
            [
              105.91517706705386,
              17.92834128079085
            ],
            [
              100.81334198023778,
              16.835813267918503
            ],
            [
              102.30713771286139,
              11.929553210112136
            ],
            [
              105.92866506463962,
              12.688253219051266
            ],
            [
              105.91517706705386,
              17.92834128079085
            ]
          ]
        ]
      }
    },
    {
      "type": "Feature",
      "properties": {
        "type": "reference_swath",
        "source": "swath_jpss.geojson",
        "source_index": 8,
        "satellite": "JPSS-1",
        "satellite_name": "JPSS-1 (NOAA-20)",
        "sensor": "VIIRS",
        "sensor_name": "Visible Infrared Imaging Radiometer Suite",
        "product": "FLOOD",
        "datetime": "2026-06-21T05:35:19Z",
        "filename": null,
        "station_inside": false,
        "station_buffer_intersects": true,
        "bounds": [
          102.307138,
          8.102333,
          105.928665,
          12.725345
        ],
        "planning_note": "reference swath sample; not time-matched to the generated TLE planning window"
      },
      "geometry": {
        "type": "Polygon",
        "coordinates": [
          [
            [
              105.92192106584673,
              12.72534521948829
            ],
            [
              102.30713771286139,
              12.003737210986184
            ],
            [
              103.3861775197227,
              8.102333165019198
            ],
            [
              105.92866506463962,
              8.102333165019198
            ],
            [
              105.92192106584673,
              12.72534521948829
            ]
          ]
        ]
      }
    },
    {
      "type": "Feature",
      "properties": {
        "type": "reference_swath",
        "source": "swath_jpss.geojson",
        "source_index": 9,
        "satellite": "JPSS-1",
        "satellite_name": "JPSS-1 (NOAA-20)",
        "sensor": "VIIRS",
        "sensor_name": "Visible Infrared Imaging Radiometer Suite",
        "product": "FLOOD",
        "datetime": "2026-06-20T05:57:05.5Z",
        "filename": null,
        "station_inside": false,
        "station_buffer_intersects": true,
        "bounds": [
          95.927315,
          16.498613,
          103.581753,
          18.103685
        ],
        "planning_note": "reference swath sample; not time-matched to the generated TLE planning window"
      },
      "geometry": {
        "type": "Polygon",
        "coordinates": [
          [
            [
              95.92731485479396,
              18.10368528285678
            ],
            [
              96.13975081676978,
              16.498613263945558
            ],
            [
              103.5817534847163,
              18.096941282777323
            ],
            [
              103.5817534847163,
              18.10368528285678
            ],
            [
              95.92731485479396,
              18.10368528285678
            ]
          ]
        ]
      }
    },
    {
      "type": "Feature",
      "properties": {
        "type": "reference_swath",
        "source": "swath_jpss.geojson",
        "source_index": 10,
        "satellite": "JPSS-1",
        "satellite_name": "JPSS-1 (NOAA-20)",
        "sensor": "VIIRS",
        "sensor_name": "Visible Infrared Imaging Radiometer Suite",
        "product": "FLOOD",
        "datetime": "2026-06-20T05:55:40Z",
        "filename": null,
        "station_inside": true,
        "station_buffer_intersects": true,
        "bounds": [
          96.129635,
          11.666537,
          105.928665,
          18.103685
        ],
        "planning_note": "reference swath sample; not time-matched to the generated TLE planning window"
      },
      "geometry": {
        "type": "Polygon",
        "coordinates": [
          [
            [
              105.92866506463962,
              18.10368528285678
            ],
            [
              96.12963481858046,
              16.572797264819606
            ],
            [
              97.63354654939339,
              11.666537207013238
            ],
            [
              105.92866506463962,
              13.305329226321756
            ],
            [
              105.92866506463962,
              18.10368528285678
            ]
          ]
        ]
      }
    },
    {
      "type": "Feature",
      "properties": {
        "type": "reference_swath",
        "source": "swath_jpss.geojson",
        "source_index": 11,
        "satellite": "JPSS-1",
        "satellite_name": "JPSS-1 (NOAA-20)",
        "sensor": "VIIRS",
        "sensor_name": "Visible Infrared Imaging Radiometer Suite",
        "product": "FLOOD",
        "datetime": "2026-06-20T05:54:14Z",
        "filename": null,
        "station_inside": false,
        "station_buffer_intersects": true,
        "bounds": [
          97.626803,
          8.102333,
          105.928665,
          13.318817
        ],
        "planning_note": "reference swath sample; not time-matched to the generated TLE planning window"
      },
      "geometry": {
        "type": "Polygon",
        "coordinates": [
          [
            [
              105.92529306524318,
              13.318817226480675
            ],
            [
              97.6268025506005,
              11.744093207927015
            ],
            [
              98.63503037013653,
              8.105705165058929
            ],
            [
              105.92866506463962,
              8.102333165019198
            ],
            [
              105.92529306524318,
              13.318817226480675
            ]
          ]
        ]
      }
    },
    {
      "type": "Feature",
      "properties": {
        "type": "reference_swath",
        "source": "swath_jpss.geojson",
        "source_index": 12,
        "satellite": "JPSS-1",
        "satellite_name": "JPSS-1 (NOAA-20)",
        "sensor": "VIIRS",
        "sensor_name": "Visible Infrared Imaging Radiometer Suite",
        "product": "FLOOD",
        "datetime": "2026-06-19T06:16:00.5Z",
        "filename": null,
        "station_inside": false,
        "station_buffer_intersects": true,
        "bounds": [
          95.927315,
          17.237081,
          100.317658,
          18.103685
        ],
        "planning_note": "reference swath sample; not time-matched to the generated TLE planning window"
      },
      "geometry": {
        "type": "Polygon",
        "coordinates": [
          [
            [
              100.31765806896087,
              18.10368528285678
            ],
            [
              95.92731485479396,
              17.237081272646307
            ],
            [
              100.31765806896087,
              18.096941282777323
            ],
            [
              100.31765806896087,
              18.10368528285678
            ]
          ]
        ]
      }
    },
    {
      "type": "Feature",
      "properties": {
        "type": "reference_swath",
        "source": "swath_jpss.geojson",
        "source_index": 13,
        "satellite": "JPSS-1",
        "satellite_name": "JPSS-1 (NOAA-20)",
        "sensor": "VIIRS",
        "sensor_name": "Visible Infrared Imaging Radiometer Suite",
        "product": "FLOOD",
        "datetime": "2026-06-19T06:14:35Z",
        "filename": null,
        "station_inside": true,
        "station_buffer_intersects": true,
        "bounds": [
          95.927315,
          12.027341,
          105.928665,
          18.103685
        ],
        "planning_note": "reference swath sample; not time-matched to the generated TLE planning window"
      },
      "geometry": {
        "type": "Polygon",
        "coordinates": [
          [
            [
              105.92866506463962,
              18.10368528285678
            ],
            [
              95.92731485479396,
              17.267429273003874
            ],
            [
              95.92731485479396,
              12.027341211264291
            ],
            [
              105.92866506463962,
              13.814501232320906
            ],
            [
              105.92866506463962,
              18.10368528285678
            ]
          ]
        ]
      }
    },
    {
      "type": "Feature",
      "properties": {
        "type": "reference_swath",
        "source": "swath_jpss.geojson",
        "source_index": 14,
        "satellite": "JPSS-1",
        "satellite_name": "JPSS-1 (NOAA-20)",
        "sensor": "VIIRS",
        "sensor_name": "Visible Infrared Imaging Radiometer Suite",
        "product": "FLOOD",
        "datetime": "2026-06-19T06:13:10Z",
        "filename": null,
        "station_inside": false,
        "station_buffer_intersects": true,
        "bounds": [
          95.927315,
          8.102333,
          105.928665,
          13.817873
        ],
        "planning_note": "reference swath sample; not time-matched to the generated TLE planning window"
      },
      "geometry": {
        "type": "Polygon",
        "coordinates": [
          [
            [
              105.9185490664503,
              13.817873232360636
            ],
            [
              95.92731485479396,
              12.071177211780775
            ],
            [
              95.92731485479396,
              8.102333165019198
            ],
            [
              105.92866506463962,
              8.702549172091043
            ],
            [
              105.9185490664503,
              13.817873232360636
            ]
          ]
        ]
      }
    },
    {
      "type": "Feature",
      "properties": {
        "type": "reference_swath",
        "source": "swath_jpss.geojson",
        "source_index": 15,
        "satellite": "JPSS-1",
        "satellite_name": "JPSS-1 (NOAA-20)",
        "sensor": "VIIRS",
        "sensor_name": "Visible Infrared Imaging Radiometer Suite",
        "product": "FLOOD",
        "datetime": "2026-06-19T06:11:45Z",
        "filename": null,
        "station_inside": false,
        "station_buffer_intersects": true,
        "bounds": [
          102.179002,
          8.102333,
          105.928665,
          8.260817
        ],
        "planning_note": "reference swath sample; not time-matched to the generated TLE planning window"
      },
      "geometry": {
        "type": "Polygon",
        "coordinates": [
          [
            [
              105.92866506463962,
              8.102333165019198
            ],
            [
              103.08269757404295,
              8.260817166886483
            ],
            [
              102.17900173579662,
              8.102333165019198
            ],
            [
              105.92866506463962,
              8.102333165019198
            ]
          ]
        ]
      }
    },
    {
      "type": "Feature",
      "properties": {
        "type": "reference_swath",
        "source": "swath_jpss.geojson",
        "source_index": 16,
        "satellite": "JPSS-1",
        "satellite_name": "JPSS-1 (NOAA-20)",
        "sensor": "VIIRS",
        "sensor_name": "Visible Infrared Imaging Radiometer Suite",
        "product": "FLOOD",
        "datetime": "2026-06-18T06:33:31Z",
        "filename": null,
        "station_inside": false,
        "station_buffer_intersects": true,
        "bounds": [
          95.927315,
          12.762437,
          105.928665,
          18.103685
        ],
        "planning_note": "reference swath sample; not time-matched to the generated TLE planning window"
      },
      "geometry": {
        "type": "Polygon",
        "coordinates": [
          [
            [
              105.92866506463962,
              18.10368528285678
            ],
            [
              95.92731485479396,
              17.901365280473012
            ],
            [
              95.92731485479396,
              12.762437219925314
            ],
            [
              105.92866506463962,
              14.327045238359783
            ],
            [
              105.92866506463962,
              18.10368528285678
            ]
          ]
        ]
      }
    },
    {
      "type": "Feature",
      "properties": {
        "type": "reference_swath",
        "source": "swath_jpss.geojson",
        "source_index": 17,
        "satellite": "JPSS-1",
        "satellite_name": "JPSS-1 (NOAA-20)",
        "sensor": "VIIRS",
        "sensor_name": "Visible Infrared Imaging Radiometer Suite",
        "product": "FLOOD",
        "datetime": "2026-06-18T06:32:06Z",
        "filename": null,
        "station_inside": true,
        "station_buffer_intersects": true,
        "bounds": [
          95.927315,
          8.102333,
          105.928665,
          14.347277
        ],
        "planning_note": "reference swath sample; not time-matched to the generated TLE planning window"
      },
      "geometry": {
        "type": "Polygon",
        "coordinates": [
          [
            [
              105.9185490664503,
              14.34727723859816
            ],
            [
              95.9306868541904,
              12.78266922016369
            ],
            [
              95.92731485479396,
              8.102333165019198
            ],
            [
              105.92866506463962,
              9.137537177216144
            ],
            [
              105.9185490664503,
              14.34727723859816
            ]
          ]
        ]
      }
    },
    {
      "type": "Feature",
      "properties": {
        "type": "reference_swath",
        "source": "swath_jpss.geojson",
        "source_index": 18,
        "satellite": "JPSS-1",
        "satellite_name": "JPSS-1 (NOAA-20)",
        "sensor": "VIIRS",
        "sensor_name": "Visible Infrared Imaging Radiometer Suite",
        "product": "FLOOD",
        "datetime": "2026-06-18T06:30:40.5Z",
        "filename": null,
        "station_inside": false,
        "station_buffer_intersects": true,
        "bounds": [
          99.100366,
          8.102333,
          105.928665,
          9.151025
        ],
        "planning_note": "reference swath sample; not time-matched to the generated TLE planning window"
      },
      "geometry": {
        "type": "Polygon",
        "coordinates": [
          [
            [
              105.91517706705386,
              9.151025177375061
            ],
            [
              101.91598578287417,
              8.547437170263487
            ],
            [
              99.10036628684547,
              8.102333165019198
            ],
            [
              105.92866506463962,
              8.102333165019198
            ],
            [
              105.91517706705386,
              9.151025177375061
            ]
          ]
        ]
      }
    },
    {
      "type": "Feature",
      "properties": {
        "type": "reference_swath",
        "source": "swath_jpss.geojson",
        "source_index": 19,
        "satellite": "JPSS-1",
        "satellite_name": "JPSS-1 (NOAA-20)",
        "sensor": "VIIRS",
        "sensor_name": "Visible Infrared Imaging Radiometer Suite",
        "product": "FLOOD",
        "datetime": "2026-06-17T06:52:26Z",
        "filename": null,
        "station_inside": false,
        "station_buffer_intersects": true,
        "bounds": [
          95.927315,
          13.288469,
          105.928665,
          18.103685
        ],
        "planning_note": "reference swath sample; not time-matched to the generated TLE planning window"
      },
      "geometry": {
        "type": "Polygon",
        "coordinates": [
          [
            [
              95.92731485479396,
              18.10368528285678
            ],
            [
              95.92731485479396,
              13.288469226123109
            ],
            [
              105.92866506463962,
              14.647385242134083
            ],
            [
              105.92866506463962,
              18.10368528285678
            ],
            [
              95.92731485479396,
              18.10368528285678
            ]
          ]
        ]
      }
    },
    {
      "type": "Feature",
      "properties": {
        "type": "aoi",
        "source": "aoi_demo.geojson",
        "feature_count": 1
      },
      "geometry": {
        "type": "Polygon",
        "coordinates": [
          [
            [
              99.5,
              12.2
            ],
            [
              102.4,
              12.2
            ],
            [
              102.4,
              14.0
            ],
            [
              99.5,
              14.0
            ],
            [
              99.5,
              12.2
            ]
          ]
        ]
      }
    },
    {
      "type": "Feature",
      "properties": {
        "satellite": "SUOMI NPP",
        "direction": "descending",
        "planning_method": "topocentric_elevation_access",
        "min_elevation_deg": 5.0,
        "tle_epoch_utc": "2026-08-09T20:08:34Z",
        "tle_age_hours": -2.63,
        "tle_quality": "good",
        "aos_utc": "2026-08-09T17:30:55Z",
        "los_utc": "2026-08-09T17:36:24Z",
        "tca_utc": "2026-08-09T17:33:30Z",
        "max_elevation_utc": "2026-08-09T17:33:30Z",
        "duration_minutes": 5.47,
        "min_distance_km": 2344.57,
        "max_elevation_deg": 7.6,
        "tca_azimuth_deg": 96.99,
        "tca_elevation_deg": 7.6,
        "tca_slant_range_km": 2613.98,
        "closest_lon": 122.154546,
        "closest_lat": 9.647724,
        "aos_lon": 124.288365,
        "aos_lat": 18.667047,
        "aos_azimuth_deg": 72.87,
        "los_lon": 119.83953,
        "los_lat": -0.526168,
        "los_azimuth_deg": 124.4,
        "confidence": "medium",
        "aoi_covered": false,
        "aoi_points_inside": 0,
        "reference_swath_file": "swath_jpss.geojson",
        "reference_swath_source_count": 20,
        "reference_swath_station_inside_count": 5,
        "reference_swath_buffer_intersects_count": 20,
        "reference_swath_satellites": "JPSS-1 (NOAA-20)",
        "reference_swath_sensors": "VIIRS",
        "reference_swath_time_min": "2026-06-17T06:52:26Z",
        "reference_swath_time_max": "2026-06-22T06:58:49.5Z",
        "reference_swath_note": "sample footprint only; not time-matched to this planning pass",
        "type": "visible_track"
      },
      "geometry": {
        "type": "LineString",
        "coordinates": [
          [
            124.2883652425707,
            18.667047192019513
          ],
          [
            124.2259858967301,
            18.41287666779743
          ],
          [
            123.8021403456662,
            16.66037188741847
          ],
          [
            123.38373544955363,
            14.907550072036592
          ],
          [
            122.97009062268512,
            13.154466887912383
          ],
          [
            122.56056379509516,
            11.401174874116084
          ],
          [
            122.15454610834638,
            9.647723905887096
          ],
          [
            121.75145634036153,
            7.894161612716756
          ],
          [
            121.35073596339885,
            6.140533759504261
          ],
          [
            120.95184457649714,
            4.3868845980744355
          ],
          [
            120.5542556291345,
            2.6332571954590134
          ],
          [
            120.1574523707614,
            0.8796937447236723
          ],
          [
            119.83952972967148,
            -0.5261675560952288
          ]
        ]
      }
    },
    {
      "type": "Feature",
      "properties": {
        "satellite": "SUOMI NPP",
        "direction": "descending",
        "planning_method": "topocentric_elevation_access",
        "min_elevation_deg": 5.0,
        "tle_epoch_utc": "2026-08-09T20:08:34Z",
        "tle_age_hours": -2.63,
        "tle_quality": "good",
        "aos_utc": "2026-08-09T17:30:55Z",
        "los_utc": "2026-08-09T17:36:24Z",
        "tca_utc": "2026-08-09T17:33:30Z",
        "max_elevation_utc": "2026-08-09T17:33:30Z",
        "duration_minutes": 5.47,
        "min_distance_km": 2344.57,
        "max_elevation_deg": 7.6,
        "tca_azimuth_deg": 96.99,
        "tca_elevation_deg": 7.6,
        "tca_slant_range_km": 2613.98,
        "closest_lon": 122.154546,
        "closest_lat": 9.647724,
        "aos_lon": 124.288365,
        "aos_lat": 18.667047,
        "aos_azimuth_deg": 72.87,
        "los_lon": 119.83953,
        "los_lat": -0.526168,
        "los_azimuth_deg": 124.4,
        "confidence": "medium",
        "aoi_covered": false,
        "aoi_points_inside": 0,
        "reference_swath_file": "swath_jpss.geojson",
        "reference_swath_source_count": 20,
        "reference_swath_station_inside_count": 5,
        "reference_swath_buffer_intersects_count": 20,
        "reference_swath_satellites": "JPSS-1 (NOAA-20)",
        "reference_swath_sensors": "VIIRS",
        "reference_swath_time_min": "2026-06-17T06:52:26Z",
        "reference_swath_time_max": "2026-06-22T06:58:49.5Z",
        "reference_swath_note": "sample footprint only; not time-matched to this planning pass",
        "type": "aos",
        "color": "cyan"
      },
      "geometry": {
        "type": "Point",
        "coordinates": [
          124.2883652425707,
          18.667047192019513
        ]
      }
    },
    {
      "type": "Feature",
      "properties": {
        "satellite": "SUOMI NPP",
        "direction": "descending",
        "planning_method": "topocentric_elevation_access",
        "min_elevation_deg": 5.0,
        "tle_epoch_utc": "2026-08-09T20:08:34Z",
        "tle_age_hours": -2.63,
        "tle_quality": "good",
        "aos_utc": "2026-08-09T17:30:55Z",
        "los_utc": "2026-08-09T17:36:24Z",
        "tca_utc": "2026-08-09T17:33:30Z",
        "max_elevation_utc": "2026-08-09T17:33:30Z",
        "duration_minutes": 5.47,
        "min_distance_km": 2344.57,
        "max_elevation_deg": 7.6,
        "tca_azimuth_deg": 96.99,
        "tca_elevation_deg": 7.6,
        "tca_slant_range_km": 2613.98,
        "closest_lon": 122.154546,
        "closest_lat": 9.647724,
        "aos_lon": 124.288365,
        "aos_lat": 18.667047,
        "aos_azimuth_deg": 72.87,
        "los_lon": 119.83953,
        "los_lat": -0.526168,
        "los_azimuth_deg": 124.4,
        "confidence": "medium",
        "aoi_covered": false,
        "aoi_points_inside": 0,
        "reference_swath_file": "swath_jpss.geojson",
        "reference_swath_source_count": 20,
        "reference_swath_station_inside_count": 5,
        "reference_swath_buffer_intersects_count": 20,
        "reference_swath_satellites": "JPSS-1 (NOAA-20)",
        "reference_swath_sensors": "VIIRS",
        "reference_swath_time_min": "2026-06-17T06:52:26Z",
        "reference_swath_time_max": "2026-06-22T06:58:49.5Z",
        "reference_swath_note": "sample footprint only; not time-matched to this planning pass",
        "type": "tca",
        "color": "yellow"
      },
      "geometry": {
        "type": "Point",
        "coordinates": [
          122.15454610834638,
          9.647723905887096
        ]
      }
    },
    {
      "type": "Feature",
      "properties": {
        "satellite": "SUOMI NPP",
        "direction": "descending",
        "planning_method": "topocentric_elevation_access",
        "min_elevation_deg": 5.0,
        "tle_epoch_utc": "2026-08-09T20:08:34Z",
        "tle_age_hours": -2.63,
        "tle_quality": "good",
        "aos_utc": "2026-08-09T17:30:55Z",
        "los_utc": "2026-08-09T17:36:24Z",
        "tca_utc": "2026-08-09T17:33:30Z",
        "max_elevation_utc": "2026-08-09T17:33:30Z",
        "duration_minutes": 5.47,
        "min_distance_km": 2344.57,
        "max_elevation_deg": 7.6,
        "tca_azimuth_deg": 96.99,
        "tca_elevation_deg": 7.6,
        "tca_slant_range_km": 2613.98,
        "closest_lon": 122.154546,
        "closest_lat": 9.647724,
        "aos_lon": 124.288365,
        "aos_lat": 18.667047,
        "aos_azimuth_deg": 72.87,
        "los_lon": 119.83953,
        "los_lat": -0.526168,
        "los_azimuth_deg": 124.4,
        "confidence": "medium",
        "aoi_covered": false,
        "aoi_points_inside": 0,
        "reference_swath_file": "swath_jpss.geojson",
        "reference_swath_source_count": 20,
        "reference_swath_station_inside_count": 5,
        "reference_swath_buffer_intersects_count": 20,
        "reference_swath_satellites": "JPSS-1 (NOAA-20)",
        "reference_swath_sensors": "VIIRS",
        "reference_swath_time_min": "2026-06-17T06:52:26Z",
        "reference_swath_time_max": "2026-06-22T06:58:49.5Z",
        "reference_swath_note": "sample footprint only; not time-matched to this planning pass",
        "type": "los",
        "color": "green"
      },
      "geometry": {
        "type": "Point",
        "coordinates": [
          119.83952972967148,
          -0.5261675560952288
        ]
      }
    },
    {
      "type": "Feature",
      "properties": {
        "satellite": "NOAA 20 (JPSS-1)",
        "direction": "descending",
        "planning_method": "topocentric_elevation_access",
        "min_elevation_deg": 5.0,
        "tle_epoch_utc": "2026-08-09T20:27:58Z",
        "tle_age_hours": -2.67,
        "tle_quality": "good",
        "aos_utc": "2026-08-09T17:47:45Z",
        "los_utc": "2026-08-09T17:57:45Z",
        "tca_utc": "2026-08-09T17:52:30Z",
        "max_elevation_utc": "2026-08-09T17:53:00Z",
        "duration_minutes": 10.0,
        "min_distance_km": 1665.16,
        "max_elevation_deg": 17.45,
        "tca_azimuth_deg": 96.04,
        "tca_elevation_deg": 17.43,
        "tca_slant_range_km": 1950.61,
        "closest_lon": 116.097338,
        "closest_lat": 11.02554,
        "aos_lon": 120.196584,
        "aos_lat": 27.626008,
        "aos_azimuth_deg": 48.03,
        "los_lon": 111.90737,
        "los_lat": -7.403396,
        "los_azimuth_deg": 151.25,
        "confidence": "medium",
        "aoi_covered": false,
        "aoi_points_inside": 0,
        "reference_swath_file": "swath_jpss.geojson",
        "reference_swath_source_count": 20,
        "reference_swath_station_inside_count": 5,
        "reference_swath_buffer_intersects_count": 20,
        "reference_swath_satellites": "JPSS-1 (NOAA-20)",
        "reference_swath_sensors": "VIIRS",
        "reference_swath_time_min": "2026-06-17T06:52:26Z",
        "reference_swath_time_max": "2026-06-22T06:58:49.5Z",
        "reference_swath_note": "sample footprint only; not time-matched to this planning pass",
        "type": "visible_track"
      },
      "geometry": {
        "type": "LineString",
        "coordinates": [
          [
            120.19658366876928,
            27.62600806967357
          ],
          [
            119.97179012266884,
            26.790708736784428
          ],
          [
            119.51159504735375,
            25.040884848349034
          ],
          [
            119.0608538599264,
            23.290431982063044
          ],
          [
            118.61859221285414,
            21.539428566477838
          ],
          [
            118.18391560859851,
            19.787946711068802
          ],
          [
            117.75599859703658,
            18.036053053606217
          ],
          [
            117.33407536785347,
            16.283809496375756
          ],
          [
            116.91743149483693,
            14.531273850123506
          ],
          [
            116.50539664471967,
            12.778500401349094
          ],
          [
            116.09733808500124,
            11.025540416031372
          ],
          [
            115.69265485371147,
            9.272442590785866
          ],
          [
            115.29077247385749,
            7.519253460845127
          ],
          [
            114.89113811143642,
            5.766017772915042
          ],
          [
            114.49321592059289,
            4.012778829963141
          ],
          [
            114.09648350668249,
            2.2595788141508844
          ],
          [
            113.70042691221454,
            0.5064590935483102
          ],
          [
            113.30453742964215,
            -1.2465394822233133
          ],
          [
            112.90830764883344,
            -2.9993762925339826
          ],
          [
            112.51122769565455,
            -4.752010657803024
          ],
          [
            112.1127814321481,
            -6.504401548402667
          ],
          [
            111.9073701399505,
            -7.403395695222146
          ]
        ]
      }
    },
    {
      "type": "Feature",
      "properties": {
        "satellite": "NOAA 20 (JPSS-1)",
        "direction": "descending",
        "planning_method": "topocentric_elevation_access",
        "min_elevation_deg": 5.0,
        "tle_epoch_utc": "2026-08-09T20:27:58Z",
        "tle_age_hours": -2.67,
        "tle_quality": "good",
        "aos_utc": "2026-08-09T17:47:45Z",
        "los_utc": "2026-08-09T17:57:45Z",
        "tca_utc": "2026-08-09T17:52:30Z",
        "max_elevation_utc": "2026-08-09T17:53:00Z",
        "duration_minutes": 10.0,
        "min_distance_km": 1665.16,
        "max_elevation_deg": 17.45,
        "tca_azimuth_deg": 96.04,
        "tca_elevation_deg": 17.43,
        "tca_slant_range_km": 1950.61,
        "closest_lon": 116.097338,
        "closest_lat": 11.02554,
        "aos_lon": 120.196584,
        "aos_lat": 27.626008,
        "aos_azimuth_deg": 48.03,
        "los_lon": 111.90737,
        "los_lat": -7.403396,
        "los_azimuth_deg": 151.25,
        "confidence": "medium",
        "aoi_covered": false,
        "aoi_points_inside": 0,
        "reference_swath_file": "swath_jpss.geojson",
        "reference_swath_source_count": 20,
        "reference_swath_station_inside_count": 5,
        "reference_swath_buffer_intersects_count": 20,
        "reference_swath_satellites": "JPSS-1 (NOAA-20)",
        "reference_swath_sensors": "VIIRS",
        "reference_swath_time_min": "2026-06-17T06:52:26Z",
        "reference_swath_time_max": "2026-06-22T06:58:49.5Z",
        "reference_swath_note": "sample footprint only; not time-matched to this planning pass",
        "type": "aos",
        "color": "cyan"
      },
      "geometry": {
        "type": "Point",
        "coordinates": [
          120.19658366876928,
          27.62600806967357
        ]
      }
    },
    {
      "type": "Feature",
      "properties": {
        "satellite": "NOAA 20 (JPSS-1)",
        "direction": "descending",
        "planning_method": "topocentric_elevation_access",
        "min_elevation_deg": 5.0,
        "tle_epoch_utc": "2026-08-09T20:27:58Z",
        "tle_age_hours": -2.67,
        "tle_quality": "good",
        "aos_utc": "2026-08-09T17:47:45Z",
        "los_utc": "2026-08-09T17:57:45Z",
        "tca_utc": "2026-08-09T17:52:30Z",
        "max_elevation_utc": "2026-08-09T17:53:00Z",
        "duration_minutes": 10.0,
        "min_distance_km": 1665.16,
        "max_elevation_deg": 17.45,
        "tca_azimuth_deg": 96.04,
        "tca_elevation_deg": 17.43,
        "tca_slant_range_km": 1950.61,
        "closest_lon": 116.097338,
        "closest_lat": 11.02554,
        "aos_lon": 120.196584,
        "aos_lat": 27.626008,
        "aos_azimuth_deg": 48.03,
        "los_lon": 111.90737,
        "los_lat": -7.403396,
        "los_azimuth_deg": 151.25,
        "confidence": "medium",
        "aoi_covered": false,
        "aoi_points_inside": 0,
        "reference_swath_file": "swath_jpss.geojson",
        "reference_swath_source_count": 20,
        "reference_swath_station_inside_count": 5,
        "reference_swath_buffer_intersects_count": 20,
        "reference_swath_satellites": "JPSS-1 (NOAA-20)",
        "reference_swath_sensors": "VIIRS",
        "reference_swath_time_min": "2026-06-17T06:52:26Z",
        "reference_swath_time_max": "2026-06-22T06:58:49.5Z",
        "reference_swath_note": "sample footprint only; not time-matched to this planning pass",
        "type": "tca",
        "color": "yellow"
      },
      "geometry": {
        "type": "Point",
        "coordinates": [
          116.09733808500124,
          11.025540416031372
        ]
      }
    },
    {
      "type": "Feature",
      "properties": {
        "satellite": "NOAA 20 (JPSS-1)",
        "direction": "descending",
        "planning_method": "topocentric_elevation_access",
        "min_elevation_deg": 5.0,
        "tle_epoch_utc": "2026-08-09T20:27:58Z",
        "tle_age_hours": -2.67,
        "tle_quality": "good",
        "aos_utc": "2026-08-09T17:47:45Z",
        "los_utc": "2026-08-09T17:57:45Z",
        "tca_utc": "2026-08-09T17:52:30Z",
        "max_elevation_utc": "2026-08-09T17:53:00Z",
        "duration_minutes": 10.0,
        "min_distance_km": 1665.16,
        "max_elevation_deg": 17.45,
        "tca_azimuth_deg": 96.04,
        "tca_elevation_deg": 17.43,
        "tca_slant_range_km": 1950.61,
        "closest_lon": 116.097338,
        "closest_lat": 11.02554,
        "aos_lon": 120.196584,
        "aos_lat": 27.626008,
        "aos_azimuth_deg": 48.03,
        "los_lon": 111.90737,
        "los_lat": -7.403396,
        "los_azimuth_deg": 151.25,
        "confidence": "medium",
        "aoi_covered": false,
        "aoi_points_inside": 0,
        "reference_swath_file": "swath_jpss.geojson",
        "reference_swath_source_count": 20,
        "reference_swath_station_inside_count": 5,
        "reference_swath_buffer_intersects_count": 20,
        "reference_swath_satellites": "JPSS-1 (NOAA-20)",
        "reference_swath_sensors": "VIIRS",
        "reference_swath_time_min": "2026-06-17T06:52:26Z",
        "reference_swath_time_max": "2026-06-22T06:58:49.5Z",
        "reference_swath_note": "sample footprint only; not time-matched to this planning pass",
        "type": "los",
        "color": "green"
      },
      "geometry": {
        "type": "Point",
        "coordinates": [
          111.9073701399505,
          -7.403395695222146
        ]
      }
    },
    {
      "type": "Feature",
      "properties": {
        "satellite": "NOAA 21 (JPSS-2)",
        "direction": "descending",
        "planning_method": "topocentric_elevation_access",
        "min_elevation_deg": 5.0,
        "tle_epoch_utc": "2026-08-09T19:32:23Z",
        "tle_age_hours": -1.01,
        "tle_quality": "good",
        "aos_utc": "2026-08-09T18:31:36Z",
        "los_utc": "2026-08-09T18:44:25Z",
        "tca_utc": "2026-08-09T18:38:00Z",
        "max_elevation_utc": "2026-08-09T18:38:00Z",
        "duration_minutes": 12.81,
        "min_distance_km": 323.35,
        "max_elevation_deg": 66.09,
        "tca_azimuth_deg": 100.71,
        "tca_elevation_deg": 66.09,
        "tca_slant_range_km": 897.48,
        "closest_lon": 103.840337,
        "closest_lat": 12.472448,
        "aos_lon": 109.618514,
        "aos_lat": 34.835509,
        "aos_azimuth_deg": 18.36,
        "los_lon": 98.735269,
        "los_lat": -10.050036,
        "los_azimuth_deg": 185.49,
        "confidence": "medium",
        "aoi_covered": false,
        "aoi_points_inside": 0,
        "reference_swath_file": "swath_jpss.geojson",
        "reference_swath_source_count": 20,
        "reference_swath_station_inside_count": 5,
        "reference_swath_buffer_intersects_count": 20,
        "reference_swath_satellites": "JPSS-1 (NOAA-20)",
        "reference_swath_sensors": "VIIRS",
        "reference_swath_time_min": "2026-06-17T06:52:26Z",
        "reference_swath_time_max": "2026-06-22T06:58:49.5Z",
        "reference_swath_note": "sample footprint only; not time-matched to this planning pass",
        "type": "visible_track"
      },
      "geometry": {
        "type": "LineString",
        "coordinates": [
          [
            109.61851424139877,
            34.835508869951234
          ],
          [
            109.21406178076239,
            33.47693349824718
          ],
          [
            108.71001877941211,
            31.73025967088822
          ],
          [
            108.22003119911983,
            29.982609407937787
          ],
          [
            107.74269589251634,
            28.234093747024367
          ],
          [
            107.27674862119841,
            26.484812820984942
          ],
          [
            106.821044849786,
            24.734857368296563
          ],
          [
            106.37454338755077,
            22.984310015873923
          ],
          [
            105.93629237720091,
            21.233246374784883
          ],
          [
            105.5054172219003,
            19.48173598161675
          ],
          [
            105.08111012617542,
            17.729843112142756
          ],
          [
            104.66262096937209,
            15.977627489068434
          ],
          [
            104.24924929384628,
            14.22514490184321
          ],
          [
            103.84033721799335,
            12.472447753433897
          ],
          [
            103.43526311767494,
            10.719585546558863
          ],
          [
            103.03343594330437,
            8.96660531989865
          ],
          [
            102.63428989110241,
            7.213552043286275
          ],
          [
            102.23728033917536,
            5.46046897960338
          ],
          [
            101.84187844155502,
            3.7073980201763415
          ],
          [
            101.44756766320734,
            1.9543799996662532
          ],
          [
            101.05383967238674,
            0.20145499591122196
          ],
          [
            100.66019052582567,
            -1.5513373802752783
          ],
          [
            100.26611692528934,
            -3.303957700585997
          ],
          [
            99.8711124841875,
            -5.0563664353984725
          ],
          [
            99.4746639464845,
            -6.808523666057287
          ],
          [
            99.07624729842343,
            -8.56038878859884
          ],
          [
            98.73526864716763,
            -10.050036287516695
          ]
        ]
      }
    },
    {
      "type": "Feature",
      "properties": {
        "satellite": "NOAA 21 (JPSS-2)",
        "direction": "descending",
        "planning_method": "topocentric_elevation_access",
        "min_elevation_deg": 5.0,
        "tle_epoch_utc": "2026-08-09T19:32:23Z",
        "tle_age_hours": -1.01,
        "tle_quality": "good",
        "aos_utc": "2026-08-09T18:31:36Z",
        "los_utc": "2026-08-09T18:44:25Z",
        "tca_utc": "2026-08-09T18:38:00Z",
        "max_elevation_utc": "2026-08-09T18:38:00Z",
        "duration_minutes": 12.81,
        "min_distance_km": 323.35,
        "max_elevation_deg": 66.09,
        "tca_azimuth_deg": 100.71,
        "tca_elevation_deg": 66.09,
        "tca_slant_range_km": 897.48,
        "closest_lon": 103.840337,
        "closest_lat": 12.472448,
        "aos_lon": 109.618514,
        "aos_lat": 34.835509,
        "aos_azimuth_deg": 18.36,
        "los_lon": 98.735269,
        "los_lat": -10.050036,
        "los_azimuth_deg": 185.49,
        "confidence": "medium",
        "aoi_covered": false,
        "aoi_points_inside": 0,
        "reference_swath_file": "swath_jpss.geojson",
        "reference_swath_source_count": 20,
        "reference_swath_station_inside_count": 5,
        "reference_swath_buffer_intersects_count": 20,
        "reference_swath_satellites": "JPSS-1 (NOAA-20)",
        "reference_swath_sensors": "VIIRS",
        "reference_swath_time_min": "2026-06-17T06:52:26Z",
        "reference_swath_time_max": "2026-06-22T06:58:49.5Z",
        "reference_swath_note": "sample footprint only; not time-matched to this planning pass",
        "type": "aos",
        "color": "cyan"
      },
      "geometry": {
        "type": "Point",
        "coordinates": [
          109.61851424139877,
          34.835508869951234
        ]
      }
    },
    {
      "type": "Feature",
      "properties": {
        "satellite": "NOAA 21 (JPSS-2)",
        "direction": "descending",
        "planning_method": "topocentric_elevation_access",
        "min_elevation_deg": 5.0,
        "tle_epoch_utc": "2026-08-09T19:32:23Z",
        "tle_age_hours": -1.01,
        "tle_quality": "good",
        "aos_utc": "2026-08-09T18:31:36Z",
        "los_utc": "2026-08-09T18:44:25Z",
        "tca_utc": "2026-08-09T18:38:00Z",
        "max_elevation_utc": "2026-08-09T18:38:00Z",
        "duration_minutes": 12.81,
        "min_distance_km": 323.35,
        "max_elevation_deg": 66.09,
        "tca_azimuth_deg": 100.71,
        "tca_elevation_deg": 66.09,
        "tca_slant_range_km": 897.48,
        "closest_lon": 103.840337,
        "closest_lat": 12.472448,
        "aos_lon": 109.618514,
        "aos_lat": 34.835509,
        "aos_azimuth_deg": 18.36,
        "los_lon": 98.735269,
        "los_lat": -10.050036,
        "los_azimuth_deg": 185.49,
        "confidence": "medium",
        "aoi_covered": false,
        "aoi_points_inside": 0,
        "reference_swath_file": "swath_jpss.geojson",
        "reference_swath_source_count": 20,
        "reference_swath_station_inside_count": 5,
        "reference_swath_buffer_intersects_count": 20,
        "reference_swath_satellites": "JPSS-1 (NOAA-20)",
        "reference_swath_sensors": "VIIRS",
        "reference_swath_time_min": "2026-06-17T06:52:26Z",
        "reference_swath_time_max": "2026-06-22T06:58:49.5Z",
        "reference_swath_note": "sample footprint only; not time-matched to this planning pass",
        "type": "tca",
        "color": "yellow"
      },
      "geometry": {
        "type": "Point",
        "coordinates": [
          103.84033721799335,
          12.472447753433897
        ]
      }
    },
    {
      "type": "Feature",
      "properties": {
        "satellite": "NOAA 21 (JPSS-2)",
        "direction": "descending",
        "planning_method": "topocentric_elevation_access",
        "min_elevation_deg": 5.0,
        "tle_epoch_utc": "2026-08-09T19:32:23Z",
        "tle_age_hours": -1.01,
        "tle_quality": "good",
        "aos_utc": "2026-08-09T18:31:36Z",
        "los_utc": "2026-08-09T18:44:25Z",
        "tca_utc": "2026-08-09T18:38:00Z",
        "max_elevation_utc": "2026-08-09T18:38:00Z",
        "duration_minutes": 12.81,
        "min_distance_km": 323.35,
        "max_elevation_deg": 66.09,
        "tca_azimuth_deg": 100.71,
        "tca_elevation_deg": 66.09,
        "tca_slant_range_km": 897.48,
        "closest_lon": 103.840337,
        "closest_lat": 12.472448,
        "aos_lon": 109.618514,
        "aos_lat": 34.835509,
        "aos_azimuth_deg": 18.36,
        "los_lon": 98.735269,
        "los_lat": -10.050036,
        "los_azimuth_deg": 185.49,
        "confidence": "medium",
        "aoi_covered": false,
        "aoi_points_inside": 0,
        "reference_swath_file": "swath_jpss.geojson",
        "reference_swath_source_count": 20,
        "reference_swath_station_inside_count": 5,
        "reference_swath_buffer_intersects_count": 20,
        "reference_swath_satellites": "JPSS-1 (NOAA-20)",
        "reference_swath_sensors": "VIIRS",
        "reference_swath_time_min": "2026-06-17T06:52:26Z",
        "reference_swath_time_max": "2026-06-22T06:58:49.5Z",
        "reference_swath_note": "sample footprint only; not time-matched to this planning pass",
        "type": "los",
        "color": "green"
      },
      "geometry": {
        "type": "Point",
        "coordinates": [
          98.73526864716763,
          -10.050036287516695
        ]
      }
    },
    {
      "type": "Feature",
      "properties": {
        "satellite": "SUOMI NPP",
        "direction": "descending",
        "planning_method": "topocentric_elevation_access",
        "min_elevation_deg": 5.0,
        "tle_epoch_utc": "2026-08-09T20:08:34Z",
        "tle_age_hours": -1.02,
        "tle_quality": "good",
        "aos_utc": "2026-08-09T19:07:27Z",
        "los_utc": "2026-08-09T19:20:12Z",
        "tca_utc": "2026-08-09T19:14:00Z",
        "max_elevation_utc": "2026-08-09T19:14:00Z",
        "duration_minutes": 12.75,
        "min_distance_km": 361.06,
        "max_elevation_deg": 63.42,
        "tca_azimuth_deg": 272.59,
        "tca_elevation_deg": 63.42,
        "tca_slant_range_km": 912.66,
        "closest_lon": 97.59517,
        "closest_lat": 13.151789,
        "aos_lon": 103.631029,
        "aos_lat": 36.055215,
        "aos_azimuth_deg": 5.55,
        "los_lon": 92.626428,
        "los_lat": -8.610399,
        "los_azimuth_deg": 201.31,
        "confidence": "medium",
        "aoi_covered": false,
        "aoi_points_inside": 0,
        "reference_swath_file": "swath_jpss.geojson",
        "reference_swath_source_count": 20,
        "reference_swath_station_inside_count": 5,
        "reference_swath_buffer_intersects_count": 20,
        "reference_swath_satellites": "JPSS-1 (NOAA-20)",
        "reference_swath_sensors": "VIIRS",
        "reference_swath_time_min": "2026-06-17T06:52:26Z",
        "reference_swath_time_max": "2026-06-22T06:58:49.5Z",
        "reference_swath_note": "sample footprint only; not time-matched to this planning pass",
        "type": "visible_track"
      },
      "geometry": {
        "type": "LineString",
        "coordinates": [
          [
            103.63102892434472,
            36.05521466455793
          ],
          [
            103.58282353291565,
            35.902037136495316
          ],
          [
            103.05236069497874,
            34.1569359034666
          ],
          [
            102.5383435862746,
            32.410628357169045
          ],
          [
            102.03912116784835,
            30.663247038097424
          ],
          [
            101.55321551241752,
            28.914910760494926
          ],
          [
            101.07929736738004,
            27.165726563211095
          ],
          [
            100.61616549818217,
            25.41579135363248
          ],
          [
            100.16272912747894,
            23.66519330080943
          ],
          [
            99.71799292880644,
            21.91401302276084
          ],
          [
            99.28104412183393,
            20.16232460417692
          ],
          [
            98.85104131505068,
            18.41019647393963
          ],
          [
            98.42720479726768,
            16.65769216645033
          ],
          [
            98.00880786640516,
            14.904870986518409
          ],
          [
            97.59517000173241,
            13.15178859413133
          ],
          [
            97.18564918869959,
            11.398497522757998
          ],
          [
            96.77963661568413,
            9.645047642631422
          ],
          [
            96.37655110007711,
            7.891486578771132
          ],
          [
            95.9758341450389,
            6.137860092089012
          ],
          [
            95.57694537478449,
            4.384212430867657
          ],
          [
            95.17935825864186,
            2.630586659012244
          ],
          [
            94.78255605854974,
            0.8770249668553205
          ],
          [
            94.38602793089899,
            -0.8764310302262542
          ],
          [
            93.98926512104515,
            -2.629740000420492
          ],
          [
            93.59175719081935,
            -4.3828606065925
          ],
          [
            93.19298822025002,
            -6.135751215205322
          ],
          [
            92.79243292402634,
            -7.888369598343948
          ],
          [
            92.62642769370922,
            -8.610399107235938
          ]
        ]
      }
    },
    {
      "type": "Feature",
      "properties": {
        "satellite": "SUOMI NPP",
        "direction": "descending",
        "planning_method": "topocentric_elevation_access",
        "min_elevation_deg": 5.0,
        "tle_epoch_utc": "2026-08-09T20:08:34Z",
        "tle_age_hours": -1.02,
        "tle_quality": "good",
        "aos_utc": "2026-08-09T19:07:27Z",
        "los_utc": "2026-08-09T19:20:12Z",
        "tca_utc": "2026-08-09T19:14:00Z",
        "max_elevation_utc": "2026-08-09T19:14:00Z",
        "duration_minutes": 12.75,
        "min_distance_km": 361.06,
        "max_elevation_deg": 63.42,
        "tca_azimuth_deg": 272.59,
        "tca_elevation_deg": 63.42,
        "tca_slant_range_km": 912.66,
        "closest_lon": 97.59517,
        "closest_lat": 13.151789,
        "aos_lon": 103.631029,
        "aos_lat": 36.055215,
        "aos_azimuth_deg": 5.55,
        "los_lon": 92.626428,
        "los_lat": -8.610399,
        "los_azimuth_deg": 201.31,
        "confidence": "medium",
        "aoi_covered": false,
        "aoi_points_inside": 0,
        "reference_swath_file": "swath_jpss.geojson",
        "reference_swath_source_count": 20,
        "reference_swath_station_inside_count": 5,
        "reference_swath_buffer_intersects_count": 20,
        "reference_swath_satellites": "JPSS-1 (NOAA-20)",
        "reference_swath_sensors": "VIIRS",
        "reference_swath_time_min": "2026-06-17T06:52:26Z",
        "reference_swath_time_max": "2026-06-22T06:58:49.5Z",
        "reference_swath_note": "sample footprint only; not time-matched to this planning pass",
        "type": "aos",
        "color": "cyan"
      },
      "geometry": {
        "type": "Point",
        "coordinates": [
          103.63102892434472,
          36.05521466455793
        ]
      }
    },
    {
      "type": "Feature",
      "properties": {
        "satellite": "SUOMI NPP",
        "direction": "descending",
        "planning_method": "topocentric_elevation_access",
        "min_elevation_deg": 5.0,
        "tle_epoch_utc": "2026-08-09T20:08:34Z",
        "tle_age_hours": -1.02,
        "tle_quality": "good",
        "aos_utc": "2026-08-09T19:07:27Z",
        "los_utc": "2026-08-09T19:20:12Z",
        "tca_utc": "2026-08-09T19:14:00Z",
        "max_elevation_utc": "2026-08-09T19:14:00Z",
        "duration_minutes": 12.75,
        "min_distance_km": 361.06,
        "max_elevation_deg": 63.42,
        "tca_azimuth_deg": 272.59,
        "tca_elevation_deg": 63.42,
        "tca_slant_range_km": 912.66,
        "closest_lon": 97.59517,
        "closest_lat": 13.151789,
        "aos_lon": 103.631029,
        "aos_lat": 36.055215,
        "aos_azimuth_deg": 5.55,
        "los_lon": 92.626428,
        "los_lat": -8.610399,
        "los_azimuth_deg": 201.31,
        "confidence": "medium",
        "aoi_covered": false,
        "aoi_points_inside": 0,
        "reference_swath_file": "swath_jpss.geojson",
        "reference_swath_source_count": 20,
        "reference_swath_station_inside_count": 5,
        "reference_swath_buffer_intersects_count": 20,
        "reference_swath_satellites": "JPSS-1 (NOAA-20)",
        "reference_swath_sensors": "VIIRS",
        "reference_swath_time_min": "2026-06-17T06:52:26Z",
        "reference_swath_time_max": "2026-06-22T06:58:49.5Z",
        "reference_swath_note": "sample footprint only; not time-matched to this planning pass",
        "type": "tca",
        "color": "yellow"
      },
      "geometry": {
        "type": "Point",
        "coordinates": [
          97.59517000173241,
          13.15178859413133
        ]
      }
    },
    {
      "type": "Feature",
      "properties": {
        "satellite": "SUOMI NPP",
        "direction": "descending",
        "planning_method": "topocentric_elevation_access",
        "min_elevation_deg": 5.0,
        "tle_epoch_utc": "2026-08-09T20:08:34Z",
        "tle_age_hours": -1.02,
        "tle_quality": "good",
        "aos_utc": "2026-08-09T19:07:27Z",
        "los_utc": "2026-08-09T19:20:12Z",
        "tca_utc": "2026-08-09T19:14:00Z",
        "max_elevation_utc": "2026-08-09T19:14:00Z",
        "duration_minutes": 12.75,
        "min_distance_km": 361.06,
        "max_elevation_deg": 63.42,
        "tca_azimuth_deg": 272.59,
        "tca_elevation_deg": 63.42,
        "tca_slant_range_km": 912.66,
        "closest_lon": 97.59517,
        "closest_lat": 13.151789,
        "aos_lon": 103.631029,
        "aos_lat": 36.055215,
        "aos_azimuth_deg": 5.55,
        "los_lon": 92.626428,
        "los_lat": -8.610399,
        "los_azimuth_deg": 201.31,
        "confidence": "medium",
        "aoi_covered": false,
        "aoi_points_inside": 0,
        "reference_swath_file": "swath_jpss.geojson",
        "reference_swath_source_count": 20,
        "reference_swath_station_inside_count": 5,
        "reference_swath_buffer_intersects_count": 20,
        "reference_swath_satellites": "JPSS-1 (NOAA-20)",
        "reference_swath_sensors": "VIIRS",
        "reference_swath_time_min": "2026-06-17T06:52:26Z",
        "reference_swath_time_max": "2026-06-22T06:58:49.5Z",
        "reference_swath_note": "sample footprint only; not time-matched to this planning pass",
        "type": "los",
        "color": "green"
      },
      "geometry": {
        "type": "Point",
        "coordinates": [
          92.62642769370922,
          -8.610399107235938
        ]
      }
    },
    {
      "type": "Feature",
      "properties": {
        "satellite": "NOAA 20 (JPSS-1)",
        "direction": "descending",
        "planning_method": "topocentric_elevation_access",
        "min_elevation_deg": 5.0,
        "tle_epoch_utc": "2026-08-09T20:27:58Z",
        "tle_age_hours": -1.02,
        "tle_quality": "good",
        "aos_utc": "2026-08-09T19:26:52Z",
        "los_utc": "2026-08-09T19:38:43Z",
        "tca_utc": "2026-08-09T19:33:00Z",
        "max_elevation_utc": "2026-08-09T19:33:00Z",
        "duration_minutes": 11.84,
        "min_distance_km": 1025.8,
        "max_elevation_deg": 32.44,
        "tca_azimuth_deg": 280.47,
        "tca_elevation_deg": 32.44,
        "tca_slant_range_km": 1370.71,
        "closest_lon": 91.542658,
        "closest_lat": 14.530401,
        "aos_lon": 97.21428,
        "aos_lat": 35.953072,
        "aos_azimuth_deg": 352.32,
        "los_lon": 86.960293,
        "los_lat": -5.527677,
        "los_azimuth_deg": 217.68,
        "confidence": "medium",
        "aoi_covered": false,
        "aoi_points_inside": 0,
        "reference_swath_file": "swath_jpss.geojson",
        "reference_swath_source_count": 20,
        "reference_swath_station_inside_count": 5,
        "reference_swath_buffer_intersects_count": 20,
        "reference_swath_satellites": "JPSS-1 (NOAA-20)",
        "reference_swath_sensors": "VIIRS",
        "reference_swath_time_min": "2026-06-17T06:52:26Z",
        "reference_swath_time_max": "2026-06-22T06:58:49.5Z",
        "reference_swath_note": "sample footprint only; not time-matched to this planning pass",
        "type": "visible_track"
      },
      "geometry": {
        "type": "LineString",
        "coordinates": [
          [
            97.21427999403102,
            35.953071901235404
          ],
          [
            97.08118333644018,
            35.52617378622644
          ],
          [
            96.5553190409849,
            33.78097244200267
          ],
          [
            96.04549408608483,
            32.034614504292065
          ],
          [
            95.55010051071861,
            30.287228519323694
          ],
          [
            95.06769750614978,
            28.538929799070477
          ],
          [
            94.59698790384817,
            26.78982229299764
          ],
          [
            94.1367982772287,
            25.04000016725915
          ],
          [
            93.68606200803714,
            23.289549144638
          ],
          [
            93.24380479513667,
            21.53854764794302
          ],
          [
            92.80913217943589,
            19.78706778135097
          ],
          [
            92.38121874677506,
            18.035176177715606
          ],
          [
            91.95929871633734,
            16.282934734734916
          ],
          [
            91.54265768783381,
            14.530401258854841
          ],
          [
            91.13062535034953,
            12.77763003252637
          ],
          [
            90.72256899055645,
            11.024672317903233
          ],
          [
            90.31788766280192,
            9.271576807974895
          ],
          [
            89.91600690382415,
            7.5183900345291
          ],
          [
            89.5163738909846,
            5.765156740992246
          ],
          [
            89.11845278806771,
            4.011920227206204
          ],
          [
            88.72172120615653,
            2.25872267235243
          ],
          [
            88.32566519433556,
            0.5056054416598443
          ],
          [
            87.92977604789894,
            -1.2473906179546257
          ],
          [
            87.53354635819414,
            -3.000224888431036
          ],
          [
            87.13646625075421,
            -4.752856692622382
          ],
          [
            86.9602925464061,
            -5.527677432821815
          ]
        ]
      }
    },
    {
      "type": "Feature",
      "properties": {
        "satellite": "NOAA 20 (JPSS-1)",
        "direction": "descending",
        "planning_method": "topocentric_elevation_access",
        "min_elevation_deg": 5.0,
        "tle_epoch_utc": "2026-08-09T20:27:58Z",
        "tle_age_hours": -1.02,
        "tle_quality": "good",
        "aos_utc": "2026-08-09T19:26:52Z",
        "los_utc": "2026-08-09T19:38:43Z",
        "tca_utc": "2026-08-09T19:33:00Z",
        "max_elevation_utc": "2026-08-09T19:33:00Z",
        "duration_minutes": 11.84,
        "min_distance_km": 1025.8,
        "max_elevation_deg": 32.44,
        "tca_azimuth_deg": 280.47,
        "tca_elevation_deg": 32.44,
        "tca_slant_range_km": 1370.71,
        "closest_lon": 91.542658,
        "closest_lat": 14.530401,
        "aos_lon": 97.21428,
        "aos_lat": 35.953072,
        "aos_azimuth_deg": 352.32,
        "los_lon": 86.960293,
        "los_lat": -5.527677,
        "los_azimuth_deg": 217.68,
        "confidence": "medium",
        "aoi_covered": false,
        "aoi_points_inside": 0,
        "reference_swath_file": "swath_jpss.geojson",
        "reference_swath_source_count": 20,
        "reference_swath_station_inside_count": 5,
        "reference_swath_buffer_intersects_count": 20,
        "reference_swath_satellites": "JPSS-1 (NOAA-20)",
        "reference_swath_sensors": "VIIRS",
        "reference_swath_time_min": "2026-06-17T06:52:26Z",
        "reference_swath_time_max": "2026-06-22T06:58:49.5Z",
        "reference_swath_note": "sample footprint only; not time-matched to this planning pass",
        "type": "aos",
        "color": "cyan"
      },
      "geometry": {
        "type": "Point",
        "coordinates": [
          97.21427999403102,
          35.953071901235404
        ]
      }
    },
    {
      "type": "Feature",
      "properties": {
        "satellite": "NOAA 20 (JPSS-1)",
        "direction": "descending",
        "planning_method": "topocentric_elevation_access",
        "min_elevation_deg": 5.0,
        "tle_epoch_utc": "2026-08-09T20:27:58Z",
        "tle_age_hours": -1.02,
        "tle_quality": "good",
        "aos_utc": "2026-08-09T19:26:52Z",
        "los_utc": "2026-08-09T19:38:43Z",
        "tca_utc": "2026-08-09T19:33:00Z",
        "max_elevation_utc": "2026-08-09T19:33:00Z",
        "duration_minutes": 11.84,
        "min_distance_km": 1025.8,
        "max_elevation_deg": 32.44,
        "tca_azimuth_deg": 280.47,
        "tca_elevation_deg": 32.44,
        "tca_slant_range_km": 1370.71,
        "closest_lon": 91.542658,
        "closest_lat": 14.530401,
        "aos_lon": 97.21428,
        "aos_lat": 35.953072,
        "aos_azimuth_deg": 352.32,
        "los_lon": 86.960293,
        "los_lat": -5.527677,
        "los_azimuth_deg": 217.68,
        "confidence": "medium",
        "aoi_covered": false,
        "aoi_points_inside": 0,
        "reference_swath_file": "swath_jpss.geojson",
        "reference_swath_source_count": 20,
        "reference_swath_station_inside_count": 5,
        "reference_swath_buffer_intersects_count": 20,
        "reference_swath_satellites": "JPSS-1 (NOAA-20)",
        "reference_swath_sensors": "VIIRS",
        "reference_swath_time_min": "2026-06-17T06:52:26Z",
        "reference_swath_time_max": "2026-06-22T06:58:49.5Z",
        "reference_swath_note": "sample footprint only; not time-matched to this planning pass",
        "type": "tca",
        "color": "yellow"
      },
      "geometry": {
        "type": "Point",
        "coordinates": [
          91.54265768783381,
          14.530401258854841
        ]
      }
    },
    {
      "type": "Feature",
      "properties": {
        "satellite": "NOAA 20 (JPSS-1)",
        "direction": "descending",
        "planning_method": "topocentric_elevation_access",
        "min_elevation_deg": 5.0,
        "tle_epoch_utc": "2026-08-09T20:27:58Z",
        "tle_age_hours": -1.02,
        "tle_quality": "good",
        "aos_utc": "2026-08-09T19:26:52Z",
        "los_utc": "2026-08-09T19:38:43Z",
        "tca_utc": "2026-08-09T19:33:00Z",
        "max_elevation_utc": "2026-08-09T19:33:00Z",
        "duration_minutes": 11.84,
        "min_distance_km": 1025.8,
        "max_elevation_deg": 32.44,
        "tca_azimuth_deg": 280.47,
        "tca_elevation_deg": 32.44,
        "tca_slant_range_km": 1370.71,
        "closest_lon": 91.542658,
        "closest_lat": 14.530401,
        "aos_lon": 97.21428,
        "aos_lat": 35.953072,
        "aos_azimuth_deg": 352.32,
        "los_lon": 86.960293,
        "los_lat": -5.527677,
        "los_azimuth_deg": 217.68,
        "confidence": "medium",
        "aoi_covered": false,
        "aoi_points_inside": 0,
        "reference_swath_file": "swath_jpss.geojson",
        "reference_swath_source_count": 20,
        "reference_swath_station_inside_count": 5,
        "reference_swath_buffer_intersects_count": 20,
        "reference_swath_satellites": "JPSS-1 (NOAA-20)",
        "reference_swath_sensors": "VIIRS",
        "reference_swath_time_min": "2026-06-17T06:52:26Z",
        "reference_swath_time_max": "2026-06-22T06:58:49.5Z",
        "reference_swath_note": "sample footprint only; not time-matched to this planning pass",
        "type": "los",
        "color": "green"
      },
      "geometry": {
        "type": "Point",
        "coordinates": [
          86.9602925464061,
          -5.527677432821815
        ]
      }
    },
    {
      "type": "Feature",
      "properties": {
        "satellite": "NOAA 21 (JPSS-2)",
        "direction": "descending",
        "planning_method": "topocentric_elevation_access",
        "min_elevation_deg": 5.0,
        "tle_epoch_utc": "2026-08-09T19:32:23Z",
        "tle_age_hours": 0.71,
        "tle_quality": "good",
        "aos_utc": "2026-08-09T20:14:54Z",
        "los_utc": "2026-08-09T20:20:29Z",
        "tca_utc": "2026-08-09T20:17:30Z",
        "max_elevation_utc": "2026-08-09T20:17:30Z",
        "duration_minutes": 5.59,
        "min_distance_km": 2328.1,
        "max_elevation_deg": 7.79,
        "tca_azimuth_deg": 290.66,
        "tca_elevation_deg": 7.79,
        "tca_slant_range_km": 2602.15,
        "closest_lon": 80.12911,
        "closest_lat": 19.47527,
        "aos_lon": 82.459025,
        "aos_lat": 28.567593,
        "aos_azimuth_deg": 314.98,
        "los_lon": 77.665858,
        "los_lat": 8.99779,
        "los_azimuth_deg": 262.4,
        "confidence": "medium",
        "aoi_covered": false,
        "aoi_points_inside": 0,
        "reference_swath_file": "swath_jpss.geojson",
        "reference_swath_source_count": 20,
        "reference_swath_station_inside_count": 5,
        "reference_swath_buffer_intersects_count": 20,
        "reference_swath_satellites": "JPSS-1 (NOAA-20)",
        "reference_swath_sensors": "VIIRS",
        "reference_swath_time_min": "2026-06-17T06:52:26Z",
        "reference_swath_time_max": "2026-06-22T06:58:49.5Z",
        "reference_swath_note": "sample footprint only; not time-matched to this planning pass",
        "type": "visible_track"
      },
      "geometry": {
        "type": "LineString",
        "coordinates": [
          [
            82.45902465077825,
            28.567593091946105
          ],
          [
            82.36622299916172,
            28.227621518993658
          ],
          [
            81.90031633042122,
            26.47834133842498
          ],
          [
            81.44464908872959,
            24.728386947118278
          ],
          [
            80.99818044284825,
            22.977840940374332
          ],
          [
            80.55995884727702,
            21.226778901456356
          ],
          [
            80.12910997589415,
            19.475270342432925
          ],
          [
            79.70482626603365,
            17.723379517411644
          ],
          [
            79.28635779837936,
            15.971166129927212
          ],
          [
            78.87300428849613,
            14.21868595245557
          ],
          [
            78.4641080030267,
            12.46599137294129
          ],
          [
            78.05904744374556,
            10.71313188082679
          ],
          [
            77.66585836633789,
            8.997789683140407
          ]
        ]
      }
    },
    {
      "type": "Feature",
      "properties": {
        "satellite": "NOAA 21 (JPSS-2)",
        "direction": "descending",
        "planning_method": "topocentric_elevation_access",
        "min_elevation_deg": 5.0,
        "tle_epoch_utc": "2026-08-09T19:32:23Z",
        "tle_age_hours": 0.71,
        "tle_quality": "good",
        "aos_utc": "2026-08-09T20:14:54Z",
        "los_utc": "2026-08-09T20:20:29Z",
        "tca_utc": "2026-08-09T20:17:30Z",
        "max_elevation_utc": "2026-08-09T20:17:30Z",
        "duration_minutes": 5.59,
        "min_distance_km": 2328.1,
        "max_elevation_deg": 7.79,
        "tca_azimuth_deg": 290.66,
        "tca_elevation_deg": 7.79,
        "tca_slant_range_km": 2602.15,
        "closest_lon": 80.12911,
        "closest_lat": 19.47527,
        "aos_lon": 82.459025,
        "aos_lat": 28.567593,
        "aos_azimuth_deg": 314.98,
        "los_lon": 77.665858,
        "los_lat": 8.99779,
        "los_azimuth_deg": 262.4,
        "confidence": "medium",
        "aoi_covered": false,
        "aoi_points_inside": 0,
        "reference_swath_file": "swath_jpss.geojson",
        "reference_swath_source_count": 20,
        "reference_swath_station_inside_count": 5,
        "reference_swath_buffer_intersects_count": 20,
        "reference_swath_satellites": "JPSS-1 (NOAA-20)",
        "reference_swath_sensors": "VIIRS",
        "reference_swath_time_min": "2026-06-17T06:52:26Z",
        "reference_swath_time_max": "2026-06-22T06:58:49.5Z",
        "reference_swath_note": "sample footprint only; not time-matched to this planning pass",
        "type": "aos",
        "color": "cyan"
      },
      "geometry": {
        "type": "Point",
        "coordinates": [
          82.45902465077825,
          28.567593091946105
        ]
      }
    },
    {
      "type": "Feature",
      "properties": {
        "satellite": "NOAA 21 (JPSS-2)",
        "direction": "descending",
        "planning_method": "topocentric_elevation_access",
        "min_elevation_deg": 5.0,
        "tle_epoch_utc": "2026-08-09T19:32:23Z",
        "tle_age_hours": 0.71,
        "tle_quality": "good",
        "aos_utc": "2026-08-09T20:14:54Z",
        "los_utc": "2026-08-09T20:20:29Z",
        "tca_utc": "2026-08-09T20:17:30Z",
        "max_elevation_utc": "2026-08-09T20:17:30Z",
        "duration_minutes": 5.59,
        "min_distance_km": 2328.1,
        "max_elevation_deg": 7.79,
        "tca_azimuth_deg": 290.66,
        "tca_elevation_deg": 7.79,
        "tca_slant_range_km": 2602.15,
        "closest_lon": 80.12911,
        "closest_lat": 19.47527,
        "aos_lon": 82.459025,
        "aos_lat": 28.567593,
        "aos_azimuth_deg": 314.98,
        "los_lon": 77.665858,
        "los_lat": 8.99779,
        "los_azimuth_deg": 262.4,
        "confidence": "medium",
        "aoi_covered": false,
        "aoi_points_inside": 0,
        "reference_swath_file": "swath_jpss.geojson",
        "reference_swath_source_count": 20,
        "reference_swath_station_inside_count": 5,
        "reference_swath_buffer_intersects_count": 20,
        "reference_swath_satellites": "JPSS-1 (NOAA-20)",
        "reference_swath_sensors": "VIIRS",
        "reference_swath_time_min": "2026-06-17T06:52:26Z",
        "reference_swath_time_max": "2026-06-22T06:58:49.5Z",
        "reference_swath_note": "sample footprint only; not time-matched to this planning pass",
        "type": "tca",
        "color": "yellow"
      },
      "geometry": {
        "type": "Point",
        "coordinates": [
          80.12910997589415,
          19.475270342432925
        ]
      }
    },
    {
      "type": "Feature",
      "properties": {
        "satellite": "NOAA 21 (JPSS-2)",
        "direction": "descending",
        "planning_method": "topocentric_elevation_access",
        "min_elevation_deg": 5.0,
        "tle_epoch_utc": "2026-08-09T19:32:23Z",
        "tle_age_hours": 0.71,
        "tle_quality": "good",
        "aos_utc": "2026-08-09T20:14:54Z",
        "los_utc": "2026-08-09T20:20:29Z",
        "tca_utc": "2026-08-09T20:17:30Z",
        "max_elevation_utc": "2026-08-09T20:17:30Z",
        "duration_minutes": 5.59,
        "min_distance_km": 2328.1,
        "max_elevation_deg": 7.79,
        "tca_azimuth_deg": 290.66,
        "tca_elevation_deg": 7.79,
        "tca_slant_range_km": 2602.15,
        "closest_lon": 80.12911,
        "closest_lat": 19.47527,
        "aos_lon": 82.459025,
        "aos_lat": 28.567593,
        "aos_azimuth_deg": 314.98,
        "los_lon": 77.665858,
        "los_lat": 8.99779,
        "los_azimuth_deg": 262.4,
        "confidence": "medium",
        "aoi_covered": false,
        "aoi_points_inside": 0,
        "reference_swath_file": "swath_jpss.geojson",
        "reference_swath_source_count": 20,
        "reference_swath_station_inside_count": 5,
        "reference_swath_buffer_intersects_count": 20,
        "reference_swath_satellites": "JPSS-1 (NOAA-20)",
        "reference_swath_sensors": "VIIRS",
        "reference_swath_time_min": "2026-06-17T06:52:26Z",
        "reference_swath_time_max": "2026-06-22T06:58:49.5Z",
        "reference_swath_note": "sample footprint only; not time-matched to this planning pass",
        "type": "los",
        "color": "green"
      },
      "geometry": {
        "type": "Point",
        "coordinates": [
          77.66585836633789,
          8.997789683140407
        ]
      }
    },
    {
      "type": "Feature",
      "properties": {
        "satellite": "NOAA 20 (JPSS-1)",
        "direction": "ascending",
        "planning_method": "topocentric_elevation_access",
        "min_elevation_deg": 5.0,
        "tle_epoch_utc": "2026-08-09T20:27:58Z",
        "tle_age_hours": 8.55,
        "tle_quality": "good",
        "aos_utc": "2026-08-10T05:00:52Z",
        "los_utc": "2026-08-10T05:01:12Z",
        "tca_utc": "2026-08-10T05:01:00Z",
        "max_elevation_utc": "2026-08-10T05:01:00Z",
        "duration_minutes": 0.34,
        "min_distance_km": 2571.0,
        "max_elevation_deg": 5.02,
        "tca_azimuth_deg": 71.0,
        "tca_elevation_deg": 5.02,
        "tca_slant_range_km": 2843.18,
        "closest_lon": 124.134141,
        "closest_lat": 19.378918,
        "aos_lon": 124.236779,
        "aos_lat": 18.957255,
        "aos_azimuth_deg": 72.1,
        "los_lon": 123.947641,
        "los_lat": 20.133292,
        "los_azimuth_deg": 69.04,
        "confidence": "medium",
        "aoi_covered": false,
        "aoi_points_inside": 0,
        "reference_swath_file": "swath_jpss.geojson",
        "reference_swath_source_count": 20,
        "reference_swath_station_inside_count": 5,
        "reference_swath_buffer_intersects_count": 20,
        "reference_swath_satellites": "JPSS-1 (NOAA-20)",
        "reference_swath_sensors": "VIIRS",
        "reference_swath_time_min": "2026-06-17T06:52:26Z",
        "reference_swath_time_max": "2026-06-22T06:58:49.5Z",
        "reference_swath_note": "sample footprint only; not time-matched to this planning pass",
        "type": "visible_track"
      },
      "geometry": {
        "type": "LineString",
        "coordinates": [
          [
            124.23677939632648,
            18.957254895594648
          ],
          [
            124.134140577766,
            19.378917552006136
          ],
          [
            123.94764135461088,
            20.13329210898258
          ]
        ]
      }
    },
    {
      "type": "Feature",
      "properties": {
        "satellite": "NOAA 20 (JPSS-1)",
        "direction": "ascending",
        "planning_method": "topocentric_elevation_access",
        "min_elevation_deg": 5.0,
        "tle_epoch_utc": "2026-08-09T20:27:58Z",
        "tle_age_hours": 8.55,
        "tle_quality": "good",
        "aos_utc": "2026-08-10T05:00:52Z",
        "los_utc": "2026-08-10T05:01:12Z",
        "tca_utc": "2026-08-10T05:01:00Z",
        "max_elevation_utc": "2026-08-10T05:01:00Z",
        "duration_minutes": 0.34,
        "min_distance_km": 2571.0,
        "max_elevation_deg": 5.02,
        "tca_azimuth_deg": 71.0,
        "tca_elevation_deg": 5.02,
        "tca_slant_range_km": 2843.18,
        "closest_lon": 124.134141,
        "closest_lat": 19.378918,
        "aos_lon": 124.236779,
        "aos_lat": 18.957255,
        "aos_azimuth_deg": 72.1,
        "los_lon": 123.947641,
        "los_lat": 20.133292,
        "los_azimuth_deg": 69.04,
        "confidence": "medium",
        "aoi_covered": false,
        "aoi_points_inside": 0,
        "reference_swath_file": "swath_jpss.geojson",
        "reference_swath_source_count": 20,
        "reference_swath_station_inside_count": 5,
        "reference_swath_buffer_intersects_count": 20,
        "reference_swath_satellites": "JPSS-1 (NOAA-20)",
        "reference_swath_sensors": "VIIRS",
        "reference_swath_time_min": "2026-06-17T06:52:26Z",
        "reference_swath_time_max": "2026-06-22T06:58:49.5Z",
        "reference_swath_note": "sample footprint only; not time-matched to this planning pass",
        "type": "aos",
        "color": "cyan"
      },
      "geometry": {
        "type": "Point",
        "coordinates": [
          124.23677939632648,
          18.957254895594648
        ]
      }
    },
    {
      "type": "Feature",
      "properties": {
        "satellite": "NOAA 20 (JPSS-1)",
        "direction": "ascending",
        "planning_method": "topocentric_elevation_access",
        "min_elevation_deg": 5.0,
        "tle_epoch_utc": "2026-08-09T20:27:58Z",
        "tle_age_hours": 8.55,
        "tle_quality": "good",
        "aos_utc": "2026-08-10T05:00:52Z",
        "los_utc": "2026-08-10T05:01:12Z",
        "tca_utc": "2026-08-10T05:01:00Z",
        "max_elevation_utc": "2026-08-10T05:01:00Z",
        "duration_minutes": 0.34,
        "min_distance_km": 2571.0,
        "max_elevation_deg": 5.02,
        "tca_azimuth_deg": 71.0,
        "tca_elevation_deg": 5.02,
        "tca_slant_range_km": 2843.18,
        "closest_lon": 124.134141,
        "closest_lat": 19.378918,
        "aos_lon": 124.236779,
        "aos_lat": 18.957255,
        "aos_azimuth_deg": 72.1,
        "los_lon": 123.947641,
        "los_lat": 20.133292,
        "los_azimuth_deg": 69.04,
        "confidence": "medium",
        "aoi_covered": false,
        "aoi_points_inside": 0,
        "reference_swath_file": "swath_jpss.geojson",
        "reference_swath_source_count": 20,
        "reference_swath_station_inside_count": 5,
        "reference_swath_buffer_intersects_count": 20,
        "reference_swath_satellites": "JPSS-1 (NOAA-20)",
        "reference_swath_sensors": "VIIRS",
        "reference_swath_time_min": "2026-06-17T06:52:26Z",
        "reference_swath_time_max": "2026-06-22T06:58:49.5Z",
        "reference_swath_note": "sample footprint only; not time-matched to this planning pass",
        "type": "tca",
        "color": "yellow"
      },
      "geometry": {
        "type": "Point",
        "coordinates": [
          124.134140577766,
          19.378917552006136
        ]
      }
    },
    {
      "type": "Feature",
      "properties": {
        "satellite": "NOAA 20 (JPSS-1)",
        "direction": "ascending",
        "planning_method": "topocentric_elevation_access",
        "min_elevation_deg": 5.0,
        "tle_epoch_utc": "2026-08-09T20:27:58Z",
        "tle_age_hours": 8.55,
        "tle_quality": "good",
        "aos_utc": "2026-08-10T05:00:52Z",
        "los_utc": "2026-08-10T05:01:12Z",
        "tca_utc": "2026-08-10T05:01:00Z",
        "max_elevation_utc": "2026-08-10T05:01:00Z",
        "duration_minutes": 0.34,
        "min_distance_km": 2571.0,
        "max_elevation_deg": 5.02,
        "tca_azimuth_deg": 71.0,
        "tca_elevation_deg": 5.02,
        "tca_slant_range_km": 2843.18,
        "closest_lon": 124.134141,
        "closest_lat": 19.378918,
        "aos_lon": 124.236779,
        "aos_lat": 18.957255,
        "aos_azimuth_deg": 72.1,
        "los_lon": 123.947641,
        "los_lat": 20.133292,
        "los_azimuth_deg": 69.04,
        "confidence": "medium",
        "aoi_covered": false,
        "aoi_points_inside": 0,
        "reference_swath_file": "swath_jpss.geojson",
        "reference_swath_source_count": 20,
        "reference_swath_station_inside_count": 5,
        "reference_swath_buffer_intersects_count": 20,
        "reference_swath_satellites": "JPSS-1 (NOAA-20)",
        "reference_swath_sensors": "VIIRS",
        "reference_swath_time_min": "2026-06-17T06:52:26Z",
        "reference_swath_time_max": "2026-06-22T06:58:49.5Z",
        "reference_swath_note": "sample footprint only; not time-matched to this planning pass",
        "type": "los",
        "color": "green"
      },
      "geometry": {
        "type": "Point",
        "coordinates": [
          123.94764135461088,
          20.13329210898258
        ]
      }
    },
    {
      "type": "Feature",
      "properties": {
        "satellite": "NOAA 21 (JPSS-2)",
        "direction": "ascending",
        "planning_method": "topocentric_elevation_access",
        "min_elevation_deg": 5.0,
        "tle_epoch_utc": "2026-08-09T19:32:23Z",
        "tle_age_hours": 10.13,
        "tle_quality": "good",
        "aos_utc": "2026-08-10T05:40:17Z",
        "los_utc": "2026-08-10T05:51:29Z",
        "tca_utc": "2026-08-10T05:46:00Z",
        "max_elevation_utc": "2026-08-10T05:46:00Z",
        "duration_minutes": 11.21,
        "min_distance_km": 1275.42,
        "max_elevation_deg": 25.45,
        "tca_azimuth_deg": 72.49,
        "tca_elevation_deg": 25.45,
        "tca_slant_range_km": 1589.71,
        "closest_lon": 112.342408,
        "closest_lat": 16.21637,
        "aos_lon": 116.912953,
        "aos_lat": -3.828018,
        "aos_azimuth_deg": 135.62,
        "los_lon": 107.257459,
        "los_lat": 35.45718,
        "los_azimuth_deg": 13.2,
        "confidence": "medium",
        "aoi_covered": false,
        "aoi_points_inside": 0,
        "reference_swath_file": "swath_jpss.geojson",
        "reference_swath_source_count": 20,
        "reference_swath_station_inside_count": 5,
        "reference_swath_buffer_intersects_count": 20,
        "reference_swath_satellites": "JPSS-1 (NOAA-20)",
        "reference_swath_sensors": "VIIRS",
        "reference_swath_time_min": "2026-06-17T06:52:26Z",
        "reference_swath_time_max": "2026-06-22T06:58:49.5Z",
        "reference_swath_note": "sample footprint only; not time-matched to this planning pass",
        "type": "visible_track"
      },
      "geometry": {
        "type": "LineString",
        "coordinates": [
          [
            116.91295282991047,
            -3.828017774737964
          ],
          [
            116.74353904117925,
            -3.0759933236507457
          ],
          [
            116.34939665233173,
            -1.322353415846993
          ],
          [
            115.95561322644039,
            0.43145391331942706
          ],
          [
            115.56168488134642,
            2.185388205133915
          ],
          [
            115.16710659920477,
            3.939408780982263
          ],
          [
            114.77136846883411,
            5.693474457727598
          ],
          [
            114.3739516829445,
            7.447543257188873
          ],
          [
            113.97432523798602,
            9.201572104896087
          ],
          [
            113.57194075093537,
            10.955516513069517
          ],
          [
            113.1662286822156,
            12.70933024228598
          ],
          [
            112.75659337256786,
            14.46296493570269
          ],
          [
            112.3424078057044,
            16.216369718949874
          ],
          [
            111.92300783552076,
            17.969490757752016
          ],
          [
            111.49768575901555,
            19.722270764093654
          ],
          [
            111.06568309932953,
            21.474648440115946
          ],
          [
            110.62618243785897,
            23.22655784694365
          ],
          [
            110.17829810320904,
            24.97792768309297
          ],
          [
            109.72106548575465,
            26.72868045399949
          ],
          [
            109.2534286982173,
            28.478731510173947
          ],
          [
            108.77422623800834,
            30.227987926574293
          ],
          [
            108.2821742394272,
            31.976347189346523
          ],
          [
            107.7758467892819,
            33.72369564811478
          ],
          [
            107.2574585929529,
            35.45717972189857
          ]
        ]
      }
    },
    {
      "type": "Feature",
      "properties": {
        "satellite": "NOAA 21 (JPSS-2)",
        "direction": "ascending",
        "planning_method": "topocentric_elevation_access",
        "min_elevation_deg": 5.0,
        "tle_epoch_utc": "2026-08-09T19:32:23Z",
        "tle_age_hours": 10.13,
        "tle_quality": "good",
        "aos_utc": "2026-08-10T05:40:17Z",
        "los_utc": "2026-08-10T05:51:29Z",
        "tca_utc": "2026-08-10T05:46:00Z",
        "max_elevation_utc": "2026-08-10T05:46:00Z",
        "duration_minutes": 11.21,
        "min_distance_km": 1275.42,
        "max_elevation_deg": 25.45,
        "tca_azimuth_deg": 72.49,
        "tca_elevation_deg": 25.45,
        "tca_slant_range_km": 1589.71,
        "closest_lon": 112.342408,
        "closest_lat": 16.21637,
        "aos_lon": 116.912953,
        "aos_lat": -3.828018,
        "aos_azimuth_deg": 135.62,
        "los_lon": 107.257459,
        "los_lat": 35.45718,
        "los_azimuth_deg": 13.2,
        "confidence": "medium",
        "aoi_covered": false,
        "aoi_points_inside": 0,
        "reference_swath_file": "swath_jpss.geojson",
        "reference_swath_source_count": 20,
        "reference_swath_station_inside_count": 5,
        "reference_swath_buffer_intersects_count": 20,
        "reference_swath_satellites": "JPSS-1 (NOAA-20)",
        "reference_swath_sensors": "VIIRS",
        "reference_swath_time_min": "2026-06-17T06:52:26Z",
        "reference_swath_time_max": "2026-06-22T06:58:49.5Z",
        "reference_swath_note": "sample footprint only; not time-matched to this planning pass",
        "type": "aos",
        "color": "cyan"
      },
      "geometry": {
        "type": "Point",
        "coordinates": [
          116.91295282991047,
          -3.828017774737964
        ]
      }
    },
    {
      "type": "Feature",
      "properties": {
        "satellite": "NOAA 21 (JPSS-2)",
        "direction": "ascending",
        "planning_method": "topocentric_elevation_access",
        "min_elevation_deg": 5.0,
        "tle_epoch_utc": "2026-08-09T19:32:23Z",
        "tle_age_hours": 10.13,
        "tle_quality": "good",
        "aos_utc": "2026-08-10T05:40:17Z",
        "los_utc": "2026-08-10T05:51:29Z",
        "tca_utc": "2026-08-10T05:46:00Z",
        "max_elevation_utc": "2026-08-10T05:46:00Z",
        "duration_minutes": 11.21,
        "min_distance_km": 1275.42,
        "max_elevation_deg": 25.45,
        "tca_azimuth_deg": 72.49,
        "tca_elevation_deg": 25.45,
        "tca_slant_range_km": 1589.71,
        "closest_lon": 112.342408,
        "closest_lat": 16.21637,
        "aos_lon": 116.912953,
        "aos_lat": -3.828018,
        "aos_azimuth_deg": 135.62,
        "los_lon": 107.257459,
        "los_lat": 35.45718,
        "los_azimuth_deg": 13.2,
        "confidence": "medium",
        "aoi_covered": false,
        "aoi_points_inside": 0,
        "reference_swath_file": "swath_jpss.geojson",
        "reference_swath_source_count": 20,
        "reference_swath_station_inside_count": 5,
        "reference_swath_buffer_intersects_count": 20,
        "reference_swath_satellites": "JPSS-1 (NOAA-20)",
        "reference_swath_sensors": "VIIRS",
        "reference_swath_time_min": "2026-06-17T06:52:26Z",
        "reference_swath_time_max": "2026-06-22T06:58:49.5Z",
        "reference_swath_note": "sample footprint only; not time-matched to this planning pass",
        "type": "tca",
        "color": "yellow"
      },
      "geometry": {
        "type": "Point",
        "coordinates": [
          112.3424078057044,
          16.216369718949874
        ]
      }
    },
    {
      "type": "Feature",
      "properties": {
        "satellite": "NOAA 21 (JPSS-2)",
        "direction": "ascending",
        "planning_method": "topocentric_elevation_access",
        "min_elevation_deg": 5.0,
        "tle_epoch_utc": "2026-08-09T19:32:23Z",
        "tle_age_hours": 10.13,
        "tle_quality": "good",
        "aos_utc": "2026-08-10T05:40:17Z",
        "los_utc": "2026-08-10T05:51:29Z",
        "tca_utc": "2026-08-10T05:46:00Z",
        "max_elevation_utc": "2026-08-10T05:46:00Z",
        "duration_minutes": 11.21,
        "min_distance_km": 1275.42,
        "max_elevation_deg": 25.45,
        "tca_azimuth_deg": 72.49,
        "tca_elevation_deg": 25.45,
        "tca_slant_range_km": 1589.71,
        "closest_lon": 112.342408,
        "closest_lat": 16.21637,
        "aos_lon": 116.912953,
        "aos_lat": -3.828018,
        "aos_azimuth_deg": 135.62,
        "los_lon": 107.257459,
        "los_lat": 35.45718,
        "los_azimuth_deg": 13.2,
        "confidence": "medium",
        "aoi_covered": false,
        "aoi_points_inside": 0,
        "reference_swath_file": "swath_jpss.geojson",
        "reference_swath_source_count": 20,
        "reference_swath_station_inside_count": 5,
        "reference_swath_buffer_intersects_count": 20,
        "reference_swath_satellites": "JPSS-1 (NOAA-20)",
        "reference_swath_sensors": "VIIRS",
        "reference_swath_time_min": "2026-06-17T06:52:26Z",
        "reference_swath_time_max": "2026-06-22T06:58:49.5Z",
        "reference_swath_note": "sample footprint only; not time-matched to this planning pass",
        "type": "los",
        "color": "green"
      },
      "geometry": {
        "type": "Point",
        "coordinates": [
          107.2574585929529,
          35.45717972189857
        ]
      }
    },
    {
      "type": "Feature",
      "properties": {
        "satellite": "SUOMI NPP",
        "direction": "ascending",
        "planning_method": "topocentric_elevation_access",
        "min_elevation_deg": 5.0,
        "tle_epoch_utc": "2026-08-09T20:08:34Z",
        "tle_age_hours": 10.11,
        "tle_quality": "good",
        "aos_utc": "2026-08-10T06:15:22Z",
        "los_utc": "2026-08-10T06:27:54Z",
        "tca_utc": "2026-08-10T06:21:30Z",
        "max_elevation_utc": "2026-08-10T06:21:30Z",
        "duration_minutes": 12.54,
        "min_distance_km": 604.42,
        "max_elevation_deg": 49.38,
        "tca_azimuth_deg": 81.49,
        "tca_elevation_deg": 49.38,
        "tca_slant_range_km": 1050.63,
        "closest_lon": 106.475085,
        "closest_lat": 13.77194,
        "aos_lon": 111.382293,
        "aos_lat": -7.702685,
        "aos_azimuth_deg": 152.81,
        "los_lon": 100.535034,
        "los_lat": 36.2116,
        "los_azimuth_deg": 359.21,
        "confidence": "medium",
        "aoi_covered": false,
        "aoi_points_inside": 0,
        "reference_swath_file": "swath_jpss.geojson",
        "reference_swath_source_count": 20,
        "reference_swath_station_inside_count": 5,
        "reference_swath_buffer_intersects_count": 20,
        "reference_swath_satellites": "JPSS-1 (NOAA-20)",
        "reference_swath_sensors": "VIIRS",
        "reference_swath_time_min": "2026-06-17T06:52:26Z",
        "reference_swath_time_max": "2026-06-22T06:58:49.5Z",
        "reference_swath_note": "sample footprint only; not time-matched to this planning pass",
        "type": "visible_track"
      },
      "geometry": {
        "type": "LineString",
        "coordinates": [
          [
            111.38229330343648,
            -7.702684626627596
          ],
          [
            111.2796194266844,
            -7.2551640888938635
          ],
          [
            110.879944433741,
            -5.503552621820639
          ],
          [
            110.48186341025621,
            -3.751687491221349
          ],
          [
            110.08485555457992,
            -1.999609530521088
          ],
          [
            109.68840850821744,
            -0.2473590857112483
          ],
          [
            109.29201351050727,
            1.5050236893651412
          ],
          [
            108.89516229786966,
            3.257498542913558
          ],
          [
            108.49734316721697,
            5.010024835580554
          ],
          [
            108.09803715340706,
            6.762561246680965
          ],
          [
            107.69671409292619,
            8.515065471479488
          ],
          [
            107.292828507781,
            10.267493904484123
          ],
          [
            106.88581524857392,
            12.019801303346698
          ],
          [
            106.4750848127236,
            13.771940427416077
          ],
          [
            106.06001826116551,
            15.523861644269775
          ],
          [
            105.63996163558153,
            17.275512496610975
          ],
          [
            105.21421976686315,
            19.026837220744877
          ],
          [
            104.78204934670583,
            20.77777620636833
          ],
          [
            104.34265111129798,
            22.52826538552142
          ],
          [
            103.8951609574392,
            24.27823553622887
          ],
          [
            103.43863977614774,
            26.02761148342427
          ],
          [
            102.97206174083476,
            27.77631117611223
          ],
          [
            102.49430074081994,
            29.524244615051106
          ],
          [
            102.00411456401173,
            31.271312599440286
          ],
          [
            101.50012635952879,
            33.01740525366618
          ],
          [
            100.98080278769453,
            34.76240028565988
          ],
          [
            100.53503407514575,
            36.21159985157917
          ]
        ]
      }
    },
    {
      "type": "Feature",
      "properties": {
        "satellite": "SUOMI NPP",
        "direction": "ascending",
        "planning_method": "topocentric_elevation_access",
        "min_elevation_deg": 5.0,
        "tle_epoch_utc": "2026-08-09T20:08:34Z",
        "tle_age_hours": 10.11,
        "tle_quality": "good",
        "aos_utc": "2026-08-10T06:15:22Z",
        "los_utc": "2026-08-10T06:27:54Z",
        "tca_utc": "2026-08-10T06:21:30Z",
        "max_elevation_utc": "2026-08-10T06:21:30Z",
        "duration_minutes": 12.54,
        "min_distance_km": 604.42,
        "max_elevation_deg": 49.38,
        "tca_azimuth_deg": 81.49,
        "tca_elevation_deg": 49.38,
        "tca_slant_range_km": 1050.63,
        "closest_lon": 106.475085,
        "closest_lat": 13.77194,
        "aos_lon": 111.382293,
        "aos_lat": -7.702685,
        "aos_azimuth_deg": 152.81,
        "los_lon": 100.535034,
        "los_lat": 36.2116,
        "los_azimuth_deg": 359.21,
        "confidence": "medium",
        "aoi_covered": false,
        "aoi_points_inside": 0,
        "reference_swath_file": "swath_jpss.geojson",
        "reference_swath_source_count": 20,
        "reference_swath_station_inside_count": 5,
        "reference_swath_buffer_intersects_count": 20,
        "reference_swath_satellites": "JPSS-1 (NOAA-20)",
        "reference_swath_sensors": "VIIRS",
        "reference_swath_time_min": "2026-06-17T06:52:26Z",
        "reference_swath_time_max": "2026-06-22T06:58:49.5Z",
        "reference_swath_note": "sample footprint only; not time-matched to this planning pass",
        "type": "aos",
        "color": "cyan"
      },
      "geometry": {
        "type": "Point",
        "coordinates": [
          111.38229330343648,
          -7.702684626627596
        ]
      }
    },
    {
      "type": "Feature",
      "properties": {
        "satellite": "SUOMI NPP",
        "direction": "ascending",
        "planning_method": "topocentric_elevation_access",
        "min_elevation_deg": 5.0,
        "tle_epoch_utc": "2026-08-09T20:08:34Z",
        "tle_age_hours": 10.11,
        "tle_quality": "good",
        "aos_utc": "2026-08-10T06:15:22Z",
        "los_utc": "2026-08-10T06:27:54Z",
        "tca_utc": "2026-08-10T06:21:30Z",
        "max_elevation_utc": "2026-08-10T06:21:30Z",
        "duration_minutes": 12.54,
        "min_distance_km": 604.42,
        "max_elevation_deg": 49.38,
        "tca_azimuth_deg": 81.49,
        "tca_elevation_deg": 49.38,
        "tca_slant_range_km": 1050.63,
        "closest_lon": 106.475085,
        "closest_lat": 13.77194,
        "aos_lon": 111.382293,
        "aos_lat": -7.702685,
        "aos_azimuth_deg": 152.81,
        "los_lon": 100.535034,
        "los_lat": 36.2116,
        "los_azimuth_deg": 359.21,
        "confidence": "medium",
        "aoi_covered": false,
        "aoi_points_inside": 0,
        "reference_swath_file": "swath_jpss.geojson",
        "reference_swath_source_count": 20,
        "reference_swath_station_inside_count": 5,
        "reference_swath_buffer_intersects_count": 20,
        "reference_swath_satellites": "JPSS-1 (NOAA-20)",
        "reference_swath_sensors": "VIIRS",
        "reference_swath_time_min": "2026-06-17T06:52:26Z",
        "reference_swath_time_max": "2026-06-22T06:58:49.5Z",
        "reference_swath_note": "sample footprint only; not time-matched to this planning pass",
        "type": "tca",
        "color": "yellow"
      },
      "geometry": {
        "type": "Point",
        "coordinates": [
          106.4750848127236,
          13.771940427416077
        ]
      }
    },
    {
      "type": "Feature",
      "properties": {
        "satellite": "SUOMI NPP",
        "direction": "ascending",
        "planning_method": "topocentric_elevation_access",
        "min_elevation_deg": 5.0,
        "tle_epoch_utc": "2026-08-09T20:08:34Z",
        "tle_age_hours": 10.11,
        "tle_quality": "good",
        "aos_utc": "2026-08-10T06:15:22Z",
        "los_utc": "2026-08-10T06:27:54Z",
        "tca_utc": "2026-08-10T06:21:30Z",
        "max_elevation_utc": "2026-08-10T06:21:30Z",
        "duration_minutes": 12.54,
        "min_distance_km": 604.42,
        "max_elevation_deg": 49.38,
        "tca_azimuth_deg": 81.49,
        "tca_elevation_deg": 49.38,
        "tca_slant_range_km": 1050.63,
        "closest_lon": 106.475085,
        "closest_lat": 13.77194,
        "aos_lon": 111.382293,
        "aos_lat": -7.702685,
        "aos_azimuth_deg": 152.81,
        "los_lon": 100.535034,
        "los_lat": 36.2116,
        "los_azimuth_deg": 359.21,
        "confidence": "medium",
        "aoi_covered": false,
        "aoi_points_inside": 0,
        "reference_swath_file": "swath_jpss.geojson",
        "reference_swath_source_count": 20,
        "reference_swath_station_inside_count": 5,
        "reference_swath_buffer_intersects_count": 20,
        "reference_swath_satellites": "JPSS-1 (NOAA-20)",
        "reference_swath_sensors": "VIIRS",
        "reference_swath_time_min": "2026-06-17T06:52:26Z",
        "reference_swath_time_max": "2026-06-22T06:58:49.5Z",
        "reference_swath_note": "sample footprint only; not time-matched to this planning pass",
        "type": "los",
        "color": "green"
      },
      "geometry": {
        "type": "Point",
        "coordinates": [
          100.53503407514575,
          36.21159985157917
        ]
      }
    },
    {
      "type": "Feature",
      "properties": {
        "satellite": "NOAA 20 (JPSS-1)",
        "direction": "ascending",
        "planning_method": "topocentric_elevation_access",
        "min_elevation_deg": 5.0,
        "tle_epoch_utc": "2026-08-09T20:27:58Z",
        "tle_age_hours": 10.1,
        "tle_quality": "good",
        "aos_utc": "2026-08-10T06:34:12Z",
        "los_utc": "2026-08-10T06:47:05Z",
        "tca_utc": "2026-08-10T06:40:30Z",
        "max_elevation_utc": "2026-08-10T06:40:30Z",
        "duration_minutes": 12.89,
        "min_distance_km": 97.47,
        "max_elevation_deg": 82.94,
        "tca_azimuth_deg": 216.47,
        "tca_elevation_deg": 82.94,
        "tca_slant_range_km": 834.48,
        "closest_lon": 100.432949,
        "closest_lat": 12.370443,
        "aos_lon": 105.464188,
        "aos_lat": -9.706458,
        "aos_azimuth_deg": 168.58,
        "los_lon": 94.411763,
        "los_lat": 35.441352,
        "los_azimuth_deg": 346.41,
        "confidence": "medium",
        "aoi_covered": true,
        "aoi_points_inside": 1,
        "reference_swath_file": "swath_jpss.geojson",
        "reference_swath_source_count": 20,
        "reference_swath_station_inside_count": 5,
        "reference_swath_buffer_intersects_count": 20,
        "reference_swath_satellites": "JPSS-1 (NOAA-20)",
        "reference_swath_sensors": "VIIRS",
        "reference_swath_time_min": "2026-06-17T06:52:26Z",
        "reference_swath_time_max": "2026-06-22T06:58:49.5Z",
        "reference_swath_note": "sample footprint only; not time-matched to this planning pass",
        "type": "visible_track"
      },
      "geometry": {
        "type": "LineString",
        "coordinates": [
          [
            105.46418799655095,
            -9.706457598948173
          ],
          [
            105.22392662404195,
            -8.663221950892533
          ],
          [
            104.82308621687952,
            -6.911281229902272
          ],
          [
            104.42426234579841,
            -5.159045894050068
          ],
          [
            104.0269258485867,
            -3.4065577208854037
          ],
          [
            103.63055864779227,
            -1.6538577677146158
          ],
          [
            103.23464982316204,
            0.09901332688822598
          ],
          [
            102.83869179530632,
            1.8520150505566222
          ],
          [
            102.44217656099772,
            3.60510672883683
          ],
          [
            102.04459192140678,
            5.358247236473078
          ],
          [
            101.64541764438252,
            7.111394703596971
          ],
          [
            101.24412133203083,
            8.864506212004542
          ],
          [
            100.84015493863888,
            10.617537476460868
          ],
          [
            100.43294934541194,
            12.370442505496513
          ],
          [
            100.02191028474795,
            14.123173235667057
          ],
          [
            99.60641299744549,
            15.875679132409944
          ],
          [
            99.1857965406104,
            17.627906749724257
          ],
          [
            98.75935746222984,
            19.379799239600338
          ],
          [
            98.32634271052888,
            21.131295800632035
          ],
          [
            97.88594162176975,
            22.882331053247707
          ],
          [
            97.4372768001877,
            24.63283432658233
          ],
          [
            96.97939366634563,
            26.382728838946573
          ],
          [
            96.51124840381073,
            28.13193075002999
          ],
          [
            96.03169397199758,
            29.880348058110034
          ],
          [
            95.53946378866812,
            31.62787930944901
          ],
          [
            95.03315257542693,
            33.37441207924958
          ],
          [
            94.51119375640343,
            35.11982117361405
          ],
          [
            94.41176312445839,
            35.44135245370256
          ]
        ]
      }
    },
    {
      "type": "Feature",
      "properties": {
        "satellite": "NOAA 20 (JPSS-1)",
        "direction": "ascending",
        "planning_method": "topocentric_elevation_access",
        "min_elevation_deg": 5.0,
        "tle_epoch_utc": "2026-08-09T20:27:58Z",
        "tle_age_hours": 10.1,
        "tle_quality": "good",
        "aos_utc": "2026-08-10T06:34:12Z",
        "los_utc": "2026-08-10T06:47:05Z",
        "tca_utc": "2026-08-10T06:40:30Z",
        "max_elevation_utc": "2026-08-10T06:40:30Z",
        "duration_minutes": 12.89,
        "min_distance_km": 97.47,
        "max_elevation_deg": 82.94,
        "tca_azimuth_deg": 216.47,
        "tca_elevation_deg": 82.94,
        "tca_slant_range_km": 834.48,
        "closest_lon": 100.432949,
        "closest_lat": 12.370443,
        "aos_lon": 105.464188,
        "aos_lat": -9.706458,
        "aos_azimuth_deg": 168.58,
        "los_lon": 94.411763,
        "los_lat": 35.441352,
        "los_azimuth_deg": 346.41,
        "confidence": "medium",
        "aoi_covered": true,
        "aoi_points_inside": 1,
        "reference_swath_file": "swath_jpss.geojson",
        "reference_swath_source_count": 20,
        "reference_swath_station_inside_count": 5,
        "reference_swath_buffer_intersects_count": 20,
        "reference_swath_satellites": "JPSS-1 (NOAA-20)",
        "reference_swath_sensors": "VIIRS",
        "reference_swath_time_min": "2026-06-17T06:52:26Z",
        "reference_swath_time_max": "2026-06-22T06:58:49.5Z",
        "reference_swath_note": "sample footprint only; not time-matched to this planning pass",
        "type": "aos",
        "color": "cyan"
      },
      "geometry": {
        "type": "Point",
        "coordinates": [
          105.46418799655095,
          -9.706457598948173
        ]
      }
    },
    {
      "type": "Feature",
      "properties": {
        "satellite": "NOAA 20 (JPSS-1)",
        "direction": "ascending",
        "planning_method": "topocentric_elevation_access",
        "min_elevation_deg": 5.0,
        "tle_epoch_utc": "2026-08-09T20:27:58Z",
        "tle_age_hours": 10.1,
        "tle_quality": "good",
        "aos_utc": "2026-08-10T06:34:12Z",
        "los_utc": "2026-08-10T06:47:05Z",
        "tca_utc": "2026-08-10T06:40:30Z",
        "max_elevation_utc": "2026-08-10T06:40:30Z",
        "duration_minutes": 12.89,
        "min_distance_km": 97.47,
        "max_elevation_deg": 82.94,
        "tca_azimuth_deg": 216.47,
        "tca_elevation_deg": 82.94,
        "tca_slant_range_km": 834.48,
        "closest_lon": 100.432949,
        "closest_lat": 12.370443,
        "aos_lon": 105.464188,
        "aos_lat": -9.706458,
        "aos_azimuth_deg": 168.58,
        "los_lon": 94.411763,
        "los_lat": 35.441352,
        "los_azimuth_deg": 346.41,
        "confidence": "medium",
        "aoi_covered": true,
        "aoi_points_inside": 1,
        "reference_swath_file": "swath_jpss.geojson",
        "reference_swath_source_count": 20,
        "reference_swath_station_inside_count": 5,
        "reference_swath_buffer_intersects_count": 20,
        "reference_swath_satellites": "JPSS-1 (NOAA-20)",
        "reference_swath_sensors": "VIIRS",
        "reference_swath_time_min": "2026-06-17T06:52:26Z",
        "reference_swath_time_max": "2026-06-22T06:58:49.5Z",
        "reference_swath_note": "sample footprint only; not time-matched to this planning pass",
        "type": "tca",
        "color": "yellow"
      },
      "geometry": {
        "type": "Point",
        "coordinates": [
          100.43294934541194,
          12.370442505496513
        ]
      }
    },
    {
      "type": "Feature",
      "properties": {
        "satellite": "NOAA 20 (JPSS-1)",
        "direction": "ascending",
        "planning_method": "topocentric_elevation_access",
        "min_elevation_deg": 5.0,
        "tle_epoch_utc": "2026-08-09T20:27:58Z",
        "tle_age_hours": 10.1,
        "tle_quality": "good",
        "aos_utc": "2026-08-10T06:34:12Z",
        "los_utc": "2026-08-10T06:47:05Z",
        "tca_utc": "2026-08-10T06:40:30Z",
        "max_elevation_utc": "2026-08-10T06:40:30Z",
        "duration_minutes": 12.89,
        "min_distance_km": 97.47,
        "max_elevation_deg": 82.94,
        "tca_azimuth_deg": 216.47,
        "tca_elevation_deg": 82.94,
        "tca_slant_range_km": 834.48,
        "closest_lon": 100.432949,
        "closest_lat": 12.370443,
        "aos_lon": 105.464188,
        "aos_lat": -9.706458,
        "aos_azimuth_deg": 168.58,
        "los_lon": 94.411763,
        "los_lat": 35.441352,
        "los_azimuth_deg": 346.41,
        "confidence": "medium",
        "aoi_covered": true,
        "aoi_points_inside": 1,
        "reference_swath_file": "swath_jpss.geojson",
        "reference_swath_source_count": 20,
        "reference_swath_station_inside_count": 5,
        "reference_swath_buffer_intersects_count": 20,
        "reference_swath_satellites": "JPSS-1 (NOAA-20)",
        "reference_swath_sensors": "VIIRS",
        "reference_swath_time_min": "2026-06-17T06:52:26Z",
        "reference_swath_time_max": "2026-06-22T06:58:49.5Z",
        "reference_swath_note": "sample footprint only; not time-matched to this planning pass",
        "type": "los",
        "color": "green"
      },
      "geometry": {
        "type": "Point",
        "coordinates": [
          94.41176312445839,
          35.44135245370256
        ]
      }
    },
    {
      "type": "Feature",
      "properties": {
        "satellite": "NOAA 21 (JPSS-2)",
        "direction": "ascending",
        "planning_method": "topocentric_elevation_access",
        "min_elevation_deg": 5.0,
        "tle_epoch_utc": "2026-08-09T19:32:23Z",
        "tle_age_hours": 11.8,
        "tle_quality": "good",
        "aos_utc": "2026-08-10T07:20:25Z",
        "los_utc": "2026-08-10T07:31:20Z",
        "tca_utc": "2026-08-10T07:26:00Z",
        "max_elevation_utc": "2026-08-10T07:26:00Z",
        "duration_minutes": 10.92,
        "min_distance_km": 1404.85,
        "max_elevation_deg": 22.54,
        "tca_azimuth_deg": 261.96,
        "tca_elevation_deg": 22.54,
        "tca_slant_range_km": 1704.82,
        "closest_lon": 88.195704,
        "closest_lat": 10.962094,
        "aos_lon": 92.617954,
        "aos_lat": -8.59552,
        "aos_azimuth_deg": 201.35,
        "los_lon": 83.551253,
        "los_lat": 29.674024,
        "los_azimuth_deg": 318.68,
        "confidence": "medium",
        "aoi_covered": false,
        "aoi_points_inside": 0,
        "reference_swath_file": "swath_jpss.geojson",
        "reference_swath_source_count": 20,
        "reference_swath_station_inside_count": 5,
        "reference_swath_buffer_intersects_count": 20,
        "reference_swath_satellites": "JPSS-1 (NOAA-20)",
        "reference_swath_sensors": "VIIRS",
        "reference_swath_time_min": "2026-06-17T06:52:26Z",
        "reference_swath_time_max": "2026-06-22T06:58:49.5Z",
        "reference_swath_note": "sample footprint only; not time-matched to this planning pass",
        "type": "visible_track"
      },
      "geometry": {
        "type": "LineString",
        "coordinates": [
          [
            92.61795350874092,
            -8.595519781206004
          ],
          [
            92.55700555297273,
            -8.328959443452181
          ],
          [
            92.15872554789075,
            -6.576062343734388
          ],
          [
            91.76234502924376,
            -4.8228751120974
          ],
          [
            91.36734090839315,
            -3.069439265602849
          ],
          [
            90.97320034467742,
            -1.3157956777278708
          ],
          [
            90.57941686668732,
            0.438015127077167
          ],
          [
            90.18548659287444,
            2.191952686781375
          ],
          [
            89.79090449210003,
            3.9459763184527463
          ],
          [
            89.39516045767976,
            5.700044833631149
          ],
          [
            88.99773614471064,
            7.454116247764159
          ],
          [
            88.59809998869088,
            9.208147478923227
          ],
          [
            88.19570370011093,
            10.962094030708762
          ],
          [
            87.78997765032966,
            12.71590965383147
          ],
          [
            87.38032607040418,
            14.469545980221248
          ],
          [
            86.96612181423257,
            16.222952122773023
          ],
          [
            86.54670058305686,
            17.976074232801327
          ],
          [
            86.12135449566915,
            19.728855005986308
          ],
          [
            85.68932486817965,
            21.48123312602481
          ],
          [
            85.24979404220261,
            23.233142633137557
          ],
          [
            84.80187606908521,
            24.984512202117656
          ],
          [
            84.3446060192602,
            26.735264311395827
          ],
          [
            83.87692763365249,
            28.48531428067216
          ],
          [
            83.55125315919133,
            29.674024272199908
          ]
        ]
      }
    },
    {
      "type": "Feature",
      "properties": {
        "satellite": "NOAA 21 (JPSS-2)",
        "direction": "ascending",
        "planning_method": "topocentric_elevation_access",
        "min_elevation_deg": 5.0,
        "tle_epoch_utc": "2026-08-09T19:32:23Z",
        "tle_age_hours": 11.8,
        "tle_quality": "good",
        "aos_utc": "2026-08-10T07:20:25Z",
        "los_utc": "2026-08-10T07:31:20Z",
        "tca_utc": "2026-08-10T07:26:00Z",
        "max_elevation_utc": "2026-08-10T07:26:00Z",
        "duration_minutes": 10.92,
        "min_distance_km": 1404.85,
        "max_elevation_deg": 22.54,
        "tca_azimuth_deg": 261.96,
        "tca_elevation_deg": 22.54,
        "tca_slant_range_km": 1704.82,
        "closest_lon": 88.195704,
        "closest_lat": 10.962094,
        "aos_lon": 92.617954,
        "aos_lat": -8.59552,
        "aos_azimuth_deg": 201.35,
        "los_lon": 83.551253,
        "los_lat": 29.674024,
        "los_azimuth_deg": 318.68,
        "confidence": "medium",
        "aoi_covered": false,
        "aoi_points_inside": 0,
        "reference_swath_file": "swath_jpss.geojson",
        "reference_swath_source_count": 20,
        "reference_swath_station_inside_count": 5,
        "reference_swath_buffer_intersects_count": 20,
        "reference_swath_satellites": "JPSS-1 (NOAA-20)",
        "reference_swath_sensors": "VIIRS",
        "reference_swath_time_min": "2026-06-17T06:52:26Z",
        "reference_swath_time_max": "2026-06-22T06:58:49.5Z",
        "reference_swath_note": "sample footprint only; not time-matched to this planning pass",
        "type": "aos",
        "color": "cyan"
      },
      "geometry": {
        "type": "Point",
        "coordinates": [
          92.61795350874092,
          -8.595519781206004
        ]
      }
    },
    {
      "type": "Feature",
      "properties": {
        "satellite": "NOAA 21 (JPSS-2)",
        "direction": "ascending",
        "planning_method": "topocentric_elevation_access",
        "min_elevation_deg": 5.0,
        "tle_epoch_utc": "2026-08-09T19:32:23Z",
        "tle_age_hours": 11.8,
        "tle_quality": "good",
        "aos_utc": "2026-08-10T07:20:25Z",
        "los_utc": "2026-08-10T07:31:20Z",
        "tca_utc": "2026-08-10T07:26:00Z",
        "max_elevation_utc": "2026-08-10T07:26:00Z",
        "duration_minutes": 10.92,
        "min_distance_km": 1404.85,
        "max_elevation_deg": 22.54,
        "tca_azimuth_deg": 261.96,
        "tca_elevation_deg": 22.54,
        "tca_slant_range_km": 1704.82,
        "closest_lon": 88.195704,
        "closest_lat": 10.962094,
        "aos_lon": 92.617954,
        "aos_lat": -8.59552,
        "aos_azimuth_deg": 201.35,
        "los_lon": 83.551253,
        "los_lat": 29.674024,
        "los_azimuth_deg": 318.68,
        "confidence": "medium",
        "aoi_covered": false,
        "aoi_points_inside": 0,
        "reference_swath_file": "swath_jpss.geojson",
        "reference_swath_source_count": 20,
        "reference_swath_station_inside_count": 5,
        "reference_swath_buffer_intersects_count": 20,
        "reference_swath_satellites": "JPSS-1 (NOAA-20)",
        "reference_swath_sensors": "VIIRS",
        "reference_swath_time_min": "2026-06-17T06:52:26Z",
        "reference_swath_time_max": "2026-06-22T06:58:49.5Z",
        "reference_swath_note": "sample footprint only; not time-matched to this planning pass",
        "type": "tca",
        "color": "yellow"
      },
      "geometry": {
        "type": "Point",
        "coordinates": [
          88.19570370011093,
          10.962094030708762
        ]
      }
    },
    {
      "type": "Feature",
      "properties": {
        "satellite": "NOAA 21 (JPSS-2)",
        "direction": "ascending",
        "planning_method": "topocentric_elevation_access",
        "min_elevation_deg": 5.0,
        "tle_epoch_utc": "2026-08-09T19:32:23Z",
        "tle_age_hours": 11.8,
        "tle_quality": "good",
        "aos_utc": "2026-08-10T07:20:25Z",
        "los_utc": "2026-08-10T07:31:20Z",
        "tca_utc": "2026-08-10T07:26:00Z",
        "max_elevation_utc": "2026-08-10T07:26:00Z",
        "duration_minutes": 10.92,
        "min_distance_km": 1404.85,
        "max_elevation_deg": 22.54,
        "tca_azimuth_deg": 261.96,
        "tca_elevation_deg": 22.54,
        "tca_slant_range_km": 1704.82,
        "closest_lon": 88.195704,
        "closest_lat": 10.962094,
        "aos_lon": 92.617954,
        "aos_lat": -8.59552,
        "aos_azimuth_deg": 201.35,
        "los_lon": 83.551253,
        "los_lat": 29.674024,
        "los_azimuth_deg": 318.68,
        "confidence": "medium",
        "aoi_covered": false,
        "aoi_points_inside": 0,
        "reference_swath_file": "swath_jpss.geojson",
        "reference_swath_source_count": 20,
        "reference_swath_station_inside_count": 5,
        "reference_swath_buffer_intersects_count": 20,
        "reference_swath_satellites": "JPSS-1 (NOAA-20)",
        "reference_swath_sensors": "VIIRS",
        "reference_swath_time_min": "2026-06-17T06:52:26Z",
        "reference_swath_time_max": "2026-06-22T06:58:49.5Z",
        "reference_swath_note": "sample footprint only; not time-matched to this planning pass",
        "type": "los",
        "color": "green"
      },
      "geometry": {
        "type": "Point",
        "coordinates": [
          83.55125315919133,
          29.674024272199908
        ]
      }
    },
    {
      "type": "Feature",
      "properties": {
        "satellite": "SUOMI NPP",
        "direction": "ascending",
        "planning_method": "topocentric_elevation_access",
        "min_elevation_deg": 5.0,
        "tle_epoch_utc": "2026-08-09T20:08:34Z",
        "tle_age_hours": 11.82,
        "tle_quality": "good",
        "aos_utc": "2026-08-10T07:57:54Z",
        "los_utc": "2026-08-10T08:05:37Z",
        "tca_utc": "2026-08-10T08:02:00Z",
        "max_elevation_utc": "2026-08-10T08:02:00Z",
        "duration_minutes": 7.71,
        "min_distance_km": 2093.3,
        "max_elevation_deg": 10.83,
        "tca_azimuth_deg": 263.61,
        "tca_elevation_deg": 10.83,
        "tca_slant_range_km": 2366.88,
        "closest_lon": 81.917935,
        "closest_lat": 10.270059,
        "aos_lon": 85.180158,
        "aos_lat": -4.071161,
        "aos_azimuth_deg": 223.51,
        "los_lon": 78.858242,
        "los_lat": 22.958877,
        "los_azimuth_deg": 298.47,
        "confidence": "medium",
        "aoi_covered": false,
        "aoi_points_inside": 0,
        "reference_swath_file": "swath_jpss.geojson",
        "reference_swath_source_count": 20,
        "reference_swath_station_inside_count": 5,
        "reference_swath_buffer_intersects_count": 20,
        "reference_swath_satellites": "JPSS-1 (NOAA-20)",
        "reference_swath_sensors": "VIIRS",
        "reference_swath_time_min": "2026-06-17T06:52:26Z",
        "reference_swath_time_max": "2026-06-22T06:58:49.5Z",
        "reference_swath_note": "sample footprint only; not time-matched to this planning pass",
        "type": "visible_track"
      },
      "geometry": {
        "type": "LineString",
        "coordinates": [
          [
            85.18015775996184,
            -4.071161254651189
          ],
          [
            85.10698399076352,
            -3.7491382176835977
          ],
          [
            84.70997706336061,
            -1.99705830927542
          ],
          [
            84.31353019413496,
            -0.24480591288296213
          ],
          [
            83.9171346244205,
            1.507578815969777
          ],
          [
            83.52028208705775,
            3.2600556233180704
          ],
          [
            83.12246087021867,
            5.012583867147971
          ],
          [
            82.72315199285833,
            6.765122223615675
          ],
          [
            82.32182527049565,
            8.5176283843071
          ],
          [
            81.91793519877541,
            10.270058739511557
          ],
          [
            81.51091659377943,
            12.022368042093015
          ],
          [
            81.10017991155576,
            13.774509045992607
          ],
          [
            80.68510616366319,
            15.526432112716924
          ],
          [
            80.26504133355917,
            17.278084778158206
          ],
          [
            79.83929018403842,
            19.029411271006435
          ],
          [
            79.40710932759617,
            20.780351972430175
          ],
          [
            78.96769940909866,
            22.530842804918777
          ],
          [
            78.85824237622018,
            22.958877100992233
          ]
        ]
      }
    },
    {
      "type": "Feature",
      "properties": {
        "satellite": "SUOMI NPP",
        "direction": "ascending",
        "planning_method": "topocentric_elevation_access",
        "min_elevation_deg": 5.0,
        "tle_epoch_utc": "2026-08-09T20:08:34Z",
        "tle_age_hours": 11.82,
        "tle_quality": "good",
        "aos_utc": "2026-08-10T07:57:54Z",
        "los_utc": "2026-08-10T08:05:37Z",
        "tca_utc": "2026-08-10T08:02:00Z",
        "max_elevation_utc": "2026-08-10T08:02:00Z",
        "duration_minutes": 7.71,
        "min_distance_km": 2093.3,
        "max_elevation_deg": 10.83,
        "tca_azimuth_deg": 263.61,
        "tca_elevation_deg": 10.83,
        "tca_slant_range_km": 2366.88,
        "closest_lon": 81.917935,
        "closest_lat": 10.270059,
        "aos_lon": 85.180158,
        "aos_lat": -4.071161,
        "aos_azimuth_deg": 223.51,
        "los_lon": 78.858242,
        "los_lat": 22.958877,
        "los_azimuth_deg": 298.47,
        "confidence": "medium",
        "aoi_covered": false,
        "aoi_points_inside": 0,
        "reference_swath_file": "swath_jpss.geojson",
        "reference_swath_source_count": 20,
        "reference_swath_station_inside_count": 5,
        "reference_swath_buffer_intersects_count": 20,
        "reference_swath_satellites": "JPSS-1 (NOAA-20)",
        "reference_swath_sensors": "VIIRS",
        "reference_swath_time_min": "2026-06-17T06:52:26Z",
        "reference_swath_time_max": "2026-06-22T06:58:49.5Z",
        "reference_swath_note": "sample footprint only; not time-matched to this planning pass",
        "type": "aos",
        "color": "cyan"
      },
      "geometry": {
        "type": "Point",
        "coordinates": [
          85.18015775996184,
          -4.071161254651189
        ]
      }
    },
    {
      "type": "Feature",
      "properties": {
        "satellite": "SUOMI NPP",
        "direction": "ascending",
        "planning_method": "topocentric_elevation_access",
        "min_elevation_deg": 5.0,
        "tle_epoch_utc": "2026-08-09T20:08:34Z",
        "tle_age_hours": 11.82,
        "tle_quality": "good",
        "aos_utc": "2026-08-10T07:57:54Z",
        "los_utc": "2026-08-10T08:05:37Z",
        "tca_utc": "2026-08-10T08:02:00Z",
        "max_elevation_utc": "2026-08-10T08:02:00Z",
        "duration_minutes": 7.71,
        "min_distance_km": 2093.3,
        "max_elevation_deg": 10.83,
        "tca_azimuth_deg": 263.61,
        "tca_elevation_deg": 10.83,
        "tca_slant_range_km": 2366.88,
        "closest_lon": 81.917935,
        "closest_lat": 10.270059,
        "aos_lon": 85.180158,
        "aos_lat": -4.071161,
        "aos_azimuth_deg": 223.51,
        "los_lon": 78.858242,
        "los_lat": 22.958877,
        "los_azimuth_deg": 298.47,
        "confidence": "medium",
        "aoi_covered": false,
        "aoi_points_inside": 0,
        "reference_swath_file": "swath_jpss.geojson",
        "reference_swath_source_count": 20,
        "reference_swath_station_inside_count": 5,
        "reference_swath_buffer_intersects_count": 20,
        "reference_swath_satellites": "JPSS-1 (NOAA-20)",
        "reference_swath_sensors": "VIIRS",
        "reference_swath_time_min": "2026-06-17T06:52:26Z",
        "reference_swath_time_max": "2026-06-22T06:58:49.5Z",
        "reference_swath_note": "sample footprint only; not time-matched to this planning pass",
        "type": "tca",
        "color": "yellow"
      },
      "geometry": {
        "type": "Point",
        "coordinates": [
          81.91793519877541,
          10.270058739511557
        ]
      }
    },
    {
      "type": "Feature",
      "properties": {
        "satellite": "SUOMI NPP",
        "direction": "ascending",
        "planning_method": "topocentric_elevation_access",
        "min_elevation_deg": 5.0,
        "tle_epoch_utc": "2026-08-09T20:08:34Z",
        "tle_age_hours": 11.82,
        "tle_quality": "good",
        "aos_utc": "2026-08-10T07:57:54Z",
        "los_utc": "2026-08-10T08:05:37Z",
        "tca_utc": "2026-08-10T08:02:00Z",
        "max_elevation_utc": "2026-08-10T08:02:00Z",
        "duration_minutes": 7.71,
        "min_distance_km": 2093.3,
        "max_elevation_deg": 10.83,
        "tca_azimuth_deg": 263.61,
        "tca_elevation_deg": 10.83,
        "tca_slant_range_km": 2366.88,
        "closest_lon": 81.917935,
        "closest_lat": 10.270059,
        "aos_lon": 85.180158,
        "aos_lat": -4.071161,
        "aos_azimuth_deg": 223.51,
        "los_lon": 78.858242,
        "los_lat": 22.958877,
        "los_azimuth_deg": 298.47,
        "confidence": "medium",
        "aoi_covered": false,
        "aoi_points_inside": 0,
        "reference_swath_file": "swath_jpss.geojson",
        "reference_swath_source_count": 20,
        "reference_swath_station_inside_count": 5,
        "reference_swath_buffer_intersects_count": 20,
        "reference_swath_satellites": "JPSS-1 (NOAA-20)",
        "reference_swath_sensors": "VIIRS",
        "reference_swath_time_min": "2026-06-17T06:52:26Z",
        "reference_swath_time_max": "2026-06-22T06:58:49.5Z",
        "reference_swath_note": "sample footprint only; not time-matched to this planning pass",
        "type": "los",
        "color": "green"
      },
      "geometry": {
        "type": "Point",
        "coordinates": [
          78.85824237622018,
          22.958877100992233
        ]
      }
    }
  ]
}
