{
  "type": "FeatureCollection",
  "features": [
    {
      "type": "Feature",
      "properties": {
        "type": "station",
        "buffer_km": 2500.0,
        "min_elevation_deg": 5.0,
        "reference_swath_file": "swath_jpss.geojson",
        "reference_swath_source_count": 20,
        "reference_swath_station_inside_count": 5,
        "aoi_file": "aoi_demo.geojson",
        "aoi_feature_count": 1
      },
      "geometry": {
        "type": "Point",
        "coordinates": [
          100.929,
          13.1014
        ]
      }
    },
    {
      "type": "Feature",
      "properties": {
        "type": "station_buffer",
        "buffer_km": 2500.0,
        "planning_note": "reference buffer from the original rough planning flow"
      },
      "geometry": {
        "type": "Polygon",
        "coordinates": [
          [
            [
              100.92900000000003,
              35.58440909311344
            ],
            [
              101.86910049112305,
              35.568425833349146
            ],
            [
              102.8071854164873,
              35.520514627612656
            ],
            [
              103.74125301330503,
              35.440790868636434
            ],
            [
              104.66932886248662,
              35.329445791758666
            ],
            [
              105.58947891409713,
              35.18674487115753
            ],
            [
              106.4998217624335,
              35.01302562368628
            ],
            [
              107.3985399612443,
              34.80869486712545
            ],
            [
              108.28389020156516,
              34.574225489928246
            ],
            [
              109.15421221125598,
              34.31015279771458
            ],
            [
              110.00793627475178,
              34.01707050766718
            ],
            [
              110.84358931192929,
              33.69562646551572
            ],
            [
              111.65979949456636,
              33.34651816099857
            ],
            [
              112.4552994160531,
              32.97048811670327
            ],
            [
              113.228927863509,
              32.56831922223479
            ],
            [
              113.97963027028396,
              32.14083008103399
            ],
            [
              114.70645795034648,
              31.688870431201067
            ],
            [
              115.40856623399208,
              31.213316694721694
            ],
            [
              116.0852116366487,
              30.715067701894142
            ],
            [
              116.73574819959248,
              30.195040629844414
            ],
            [
              117.35962314358375,
              29.654167186086458
            ],
            [
              117.95637197441874,
              29.093390060387613
            ],
            [
              118.52561317386926,
              28.513659660940252
            ],
            [
              119.06704260119136,
              27.915931144170358
            ],
            [
              119.58042772005126,
              27.301161741540614
            ],
            [
              120.06560175403058,
              26.67030838148974
            ],
            [
              120.52245786143328,
              26.024325600215082
            ],
            [
              120.95094340746601,
              25.364163731343453
            ],
            [
              121.35105439941378,
              24.690767361611602
            ],
            [
              121.72283013854604,
              24.005074037440583
            ],
            [
              122.0663481313934,
              23.30801320567194
            ],
            [
              122.38171929292196,
              22.60050537066565
            ],
            [
              122.66908346508797,
              21.883461449364376
            ],
            [
              122.92860526633092,
              21.157782305730723
            ],
            [
              123.16047028075184,
              20.424358446091787
            ],
            [
              123.36488158998469,
              19.684069857310917
            ],
            [
              123.5420566460379,
              18.937785970290687
            ],
            [
              123.69222447957407,
              18.186365732038595
            ],
            [
              123.81562323511787,
              17.430657770352415
            ],
            [
              123.91249802243084,
              16.671500636066003
            ],
            [
              123.98309907167163,
              15.909723108705652
            ],
            [
              124.0276801788728,
              15.146144552316409
            ],
            [
              124.04649742761859,
              14.381575309105877
            ],
            [
              124.03980817251636,
              13.616817119405308
            ],
            [
              124.00787027004526,
              12.852663557252704
            ],
            [
              123.95094154256185,
              12.089900471653731
            ],
            [
              123.86927946159062,
              11.329306424269467
            ],
            [
              123.7631410369678,
              10.57165311491458
            ],
            [
              123.6327828988978,
              9.817705786826856
            ],
            [
              123.4784615604782,
              9.068223604192555
            ],
            [
              123.30043384872522,
              8.323959994886467
            ],
            [
              123.09895749254929,
              7.58566295181774
            ],
            [
              122.87429185647579,
              6.85407528666882
            ],
            [
              122.62669880915621,
              6.129934830184693
            ],
            [
              122.35644371585471,
              5.413974573520592
            ],
            [
              122.06379654411933,
              4.706922745498742
            ],
            [
              121.74903307174316,
              4.00950282096753
            ],
            [
              121.4124361858918,
              3.3224334558100987
            ],
            [
              121.05429726191664,
              2.6464283445232004
            ],
            [
              120.67491760989645,
              1.9821959966911196
            ],
            [
              120.27460997635717,
              1.330439429122864
            ],
            [
              119.85370008793262,
              0.6918557709124528
            ],
            [
              119.41252822295166,
              0.06713577923001125
            ],
            [
              118.95145079610398,
              -0.5430367357377842
            ],
            [
              118.47084194046306,
              -1.1379855775994963
            ],
            [
              117.9710950702646,
              -1.7170429224721164
            ],
            [
              117.45262440698525,
              -2.2795501689175803
            ],
            [
              116.91586645047539,
              -2.824858877522657
            ],
            [
              116.36128137621085,
              -3.352331797568511
            ],
            [
              115.78935433918986,
              -3.861343977196314
            ],
            [
              115.20059666464579,
              -4.351283952377454
            ],
            [
              114.59554690563397,
              -4.821555008853054
            ],
            [
              113.9747717477066,
              -5.271576510033172
            ],
            [
              113.33886674137261,
              -5.700785282658385
            ],
            [
              112.68845684386787,
              -6.108637050848061
            ],
            [
              112.02419675297841,
              -6.494607908013856
            ],
            [
              111.34677101727607,
              -6.858195815030501
            ],
            [
              110.65689390915924,
              -7.1989221120572315
            ],
            [
              109.95530904953443,
              -7.516333030521086
            ],
            [
              109.24278877581708,
              -7.810001191037654
            ],
            [
              108.52013324813635,
              -8.079527072483451
            ],
            [
              107.78816929216248,
              -8.324540437073974
            ],
            [
              107.04774898076784,
              -8.544701696165736
            ],
            [
              106.29974796072025,
              -8.73970320160791
            ],
            [
              105.54506353469526,
              -8.90927044783429
            ],
            [
              104.78461251299632,
              -9.053163170515571
            ],
            [
              104.01932885337686,
              -9.171176328487059
            ],
            [
              103.25016111116747,
              -9.26314095682014
            ],
            [
              102.47806972541446,
              -9.328924880303571
            ],
            [
              101.70402416983558,
              -9.368433278219754
            ],
            [
              100.92900000000003,
              -9.38160909311345
            ],
            [
              100.15397583016443,
              -9.368433278219754
            ],
            [
              99.3799302745856,
              -9.328924880303571
            ],
            [
              98.60783888883253,
              -9.26314095682014
            ],
            [
              97.83867114662314,
              -9.171176328487055
            ],
            [
              97.07338748700374,
              -9.053163170515571
            ],
            [
              96.3129364653048,
              -8.909270447834286
            ],
            [
              95.55825203927981,
              -8.73970320160791
            ],
            [
              94.81025101923217,
              -8.544701696165736
            ],
            [
              94.06983070783758,
              -8.324540437073978
            ],
            [
              93.33786675186366,
              -8.079527072483451
            ],
            [
              92.61521122418293,
              -7.8100011910376566
            ],
            [
              91.90269095046557,
              -7.516333030521086
            ],
            [
              91.20110609084077,
              -7.198922112057228
            ],
            [
              90.51122898272394,
              -6.858195815030498
            ],
            [
              89.83380324702159,
              -6.494607908013853
            ],
            [
              89.16954315613214,
              -6.108637050848063
            ],
            [
              88.51913325862745,
              -5.700785282658392
            ],
            [
              87.8832282522934,
              -5.271576510033175
            ],
            [
              87.2624530943661,
              -4.821555008853058
            ],
            [
              86.65740333535422,
              -4.3512839523774565
            ],
            [
              86.06864566081015,
              -3.86134397719632
            ],
            [
              85.49671862378915,
              -3.352331797568508
            ],
            [
              84.94213354952467,
              -2.824858877522654
            ],
            [
              84.40537559301475,
              -2.2795501689175786
            ],
            [
              83.88690492973546,
              -1.7170429224721182
            ],
            [
              83.387158059537,
              -1.1379855775994916
            ],
            [
              82.90654920389602,
              -0.543036735737789
            ],
            [
              82.44547177704834,
              0.06713577923001443
            ],
            [
              82.00429991206738,
              0.691855770912448
            ],
            [
              81.58339002364283,
              1.3304394291228512
            ],
            [
              81.18308239010355,
              1.982195996691123
            ],
            [
              80.80370273808336,
              2.6464283445231955
            ],
            [
              80.44556381410825,
              3.322433455810102
            ],
            [
              80.10896692825685,
              4.0095028209675245
            ],
            [
              79.79420345588068,
              4.706922745498746
            ],
            [
              79.5015562841453,
              5.413974573520588
            ],
            [
              79.23130119084385,
              6.1299348301846965
            ],
            [
              78.98370814352427,
              6.85407528666882
            ],
            [
              78.75904250745077,
              7.5856629518177305
            ],
            [
              78.55756615127478,
              8.323959994886467
            ],
            [
              78.37953843952187,
              9.068223604192543
            ],
            [
              78.2252171011022,
              9.81770578682686
            ],
            [
              78.09485896303221,
              10.571653114914575
            ],
            [
              77.98872053840944,
              11.32930642426947
            ],
            [
              77.90705845743821,
              12.089900471653726
            ],
            [
              77.85012972995474,
              12.85266355725271
            ],
            [
              77.81819182748364,
              13.616817119405306
            ],
            [
              77.81150257238141,
              14.381575309105866
            ],
            [
              77.8303198211272,
              15.146144552316409
            ],
            [
              77.87490092832843,
              15.909723108705641
            ],
            [
              77.94550197756917,
              16.671500636066003
            ],
            [
              78.04237676488214,
              17.430657770352408
            ],
            [
              78.16577552042594,
              18.1863657320386
            ],
            [
              78.3159433539621,
              18.93778597029068
            ],
            [
              78.49311841001531,
              19.68406985731092
            ],
            [
              78.69752971924822,
              20.424358446091787
            ],
            [
              78.92939473366914,
              21.157782305730713
            ],
            [
              79.18891653491204,
              21.883461449364372
            ],
            [
              79.4762807070781,
              22.600505370665648
            ],
            [
              79.79165186860666,
              23.30801320567194
            ],
            [
              80.13516986145396,
              24.005074037440576
            ],
            [
              80.50694560058622,
              24.690767361611606
            ],
            [
              80.90705659253399,
              25.364163731343446
            ],
            [
              81.33554213856672,
              26.024325600215086
            ],
            [
              81.79239824596948,
              26.670308381489733
            ],
            [
              82.27757227994874,
              27.301161741540607
            ],
            [
              82.7909573988087,
              27.915931144170358
            ],
            [
              83.33238682613069,
              28.513659660940245
            ],
            [
              83.90162802558132,
              29.093390060387613
            ],
            [
              84.49837685641626,
              29.65416718608645
            ],
            [
              85.12225180040753,
              30.19504062984442
            ],
            [
              85.77278836335131,
              30.715067701894142
            ],
            [
              86.44943376600793,
              31.2133166947217
            ],
            [
              87.15154204965353,
              31.688870431201067
            ],
            [
              87.87836972971604,
              32.14083008103398
            ],
            [
              88.629072136491,
              32.56831922223479
            ],
            [
              89.40270058394691,
              32.970488116703265
            ],
            [
              90.19820050543365,
              33.34651816099857
            ],
            [
              91.01441068807071,
              33.695626465515716
            ],
            [
              91.85006372524822,
              34.01707050766718
            ],
            [
              92.70378778874402,
              34.31015279771458
            ],
            [
              93.57410979843485,
              34.574225489928246
            ],
            [
              94.45946003875571,
              34.80869486712545
            ],
            [
              95.35817823756645,
              35.013025623686275
            ],
            [
              96.26852108590288,
              35.18674487115753
            ],
            [
              97.18867113751338,
              35.32944579175866
            ],
            [
              98.11674698669498,
              35.440790868636434
            ],
            [
              99.0508145835127,
              35.520514627612656
            ],
            [
              99.98889950887695,
              35.568425833349146
            ],
            [
              100.92900000000003,
              35.58440909311344
            ]
          ]
        ]
      }
    },
    {
      "type": "Feature",
      "properties": {
        "type": "reference_swath",
        "source": "swath_jpss.geojson",
        "source_index": 0,
        "satellite": "JPSS-1",
        "satellite_name": "JPSS-1 (NOAA-20)",
        "sensor": "VIIRS",
        "sensor_name": "Visible Infrared Imaging Radiometer Suite",
        "product": "FLOOD",
        "datetime": "2026-06-22T06:58:49.5Z",
        "filename": null,
        "station_inside": false,
        "station_buffer_intersects": true,
        "bounds": [
          95.927315,
          13.008593,
          105.928665,
          18.103685
        ],
        "planning_note": "reference swath sample; not time-matched to the generated TLE planning window"
      },
      "geometry": {
        "type": "Polygon",
        "coordinates": [
          [
            [
              95.94417485177617,
              18.10368528285678
            ],
            [
              95.92731485479396,
              13.008593222825564
            ],
            [
              105.92866506463962,
              14.306813238121407
            ],
            [
              105.92866506463962,
              18.10368528285678
            ],
            [
              95.94417485177617,
              18.10368528285678
            ]
          ]
        ]
      }
    },
    {
      "type": "Feature",
      "properties": {
        "type": "reference_swath",
        "source": "swath_jpss.geojson",
        "source_index": 1,
        "satellite": "JPSS-1",
        "satellite_name": "JPSS-1 (NOAA-20)",
        "sensor": "VIIRS",
        "sensor_name": "Visible Infrared Imaging Radiometer Suite",
        "product": "FLOOD",
        "datetime": "2026-06-22T06:57:24Z",
        "filename": null,
        "station_inside": true,
        "station_buffer_intersects": true,
        "bounds": [
          95.927315,
          8.102333,
          105.928665,
          14.347277
        ],
        "planning_note": "reference swath sample; not time-matched to the generated TLE planning window"
      },
      "geometry": {
        "type": "Polygon",
        "coordinates": [
          [
            [
              105.9185490664503,
              14.34727723859816
            ],
            [
              95.92731485479396,
              13.011965222865294
            ],
            [
              95.92731485479396,
              8.102333165019198
            ],
            [
              105.92866506463962,
              9.201605177971004
            ],
            [
              105.9185490664503,
              14.34727723859816
            ]
          ]
        ]
      }
    },
    {
      "type": "Feature",
      "properties": {
        "type": "reference_swath",
        "source": "swath_jpss.geojson",
        "source_index": 2,
        "satellite": "JPSS-1",
        "satellite_name": "JPSS-1 (NOAA-20)",
        "sensor": "VIIRS",
        "sensor_name": "Visible Infrared Imaging Radiometer Suite",
        "product": "FLOOD",
        "datetime": "2026-06-22T06:55:58Z",
        "filename": null,
        "station_inside": false,
        "station_buffer_intersects": true,
        "bounds": [
          97.953886,
          8.102333,
          105.928665,
          9.231953
        ],
        "planning_note": "reference swath sample; not time-matched to the generated TLE planning window"
      },
      "geometry": {
        "type": "Polygon",
        "coordinates": [
          [
            [
              105.90506106886453,
              9.231953178328569
            ],
            [
              101.54169384986916,
              8.638481171336183
            ],
            [
              97.95388649205533,
              8.102333165019198
            ],
            [
              105.92866506463962,
              8.102333165019198
            ],
            [
              105.90506106886453,
              9.231953178328569
            ]
          ]
        ]
      }
    },
    {
      "type": "Feature",
      "properties": {
        "type": "reference_swath",
        "source": "swath_jpss.geojson",
        "source_index": 3,
        "satellite": "JPSS-1",
        "satellite_name": "JPSS-1 (NOAA-20)",
        "sensor": "VIIRS",
        "sensor_name": "Visible Infrared Imaging Radiometer Suite",
        "product": "FLOOD",
        "datetime": "2026-06-21T07:17:45Z",
        "filename": null,
        "station_inside": false,
        "station_buffer_intersects": true,
        "bounds": [
          95.927315,
          13.399745,
          104.893461,
          18.103685
        ],
        "planning_note": "reference swath sample; not time-matched to the generated TLE planning window"
      },
      "geometry": {
        "type": "Polygon",
        "coordinates": [
          [
            [
              95.92731485479396,
              18.10368528285678
            ],
            [
              95.92731485479396,
              13.399745227434181
            ],
            [
              104.89346124993206,
              14.401229239233832
            ],
            [
              104.28312935917614,
              18.10368528285678
            ],
            [
              95.92731485479396,
              18.10368528285678
            ]
          ]
        ]
      }
    },
    {
      "type": "Feature",
      "properties": {
        "type": "reference_swath",
        "source": "swath_jpss.geojson",
        "source_index": 4,
        "satellite": "JPSS-1",
        "satellite_name": "JPSS-1 (NOAA-20)",
        "sensor": "VIIRS",
        "sensor_name": "Visible Infrared Imaging Radiometer Suite",
        "product": "FLOOD",
        "datetime": "2026-06-21T07:16:19Z",
        "filename": null,
        "station_inside": true,
        "station_buffer_intersects": true,
        "bounds": [
          95.927315,
          8.210237,
          105.810645,
          14.478785
        ],
        "planning_note": "reference swath sample; not time-matched to the generated TLE planning window"
      },
      "geometry": {
        "type": "Polygon",
        "coordinates": [
          [
            [
              104.86648525476053,
              14.478785240147609
            ],
            [
              95.92731485479396,
              13.409861227553371
            ],
            [
              95.92731485479396,
              8.210237166290542
            ],
            [
              105.81064508576416,
              9.478109181228819
            ],
            [
              104.86648525476053,
              14.478785240147609
            ]
          ]
        ]
      }
    },
    {
      "type": "Feature",
      "properties": {
        "type": "reference_swath",
        "source": "swath_jpss.geojson",
        "source_index": 5,
        "satellite": "JPSS-1",
        "satellite_name": "JPSS-1 (NOAA-20)",
        "sensor": "VIIRS",
        "sensor_name": "Visible Infrared Imaging Radiometer Suite",
        "product": "FLOOD",
        "datetime": "2026-06-21T07:14:53.5Z",
        "filename": null,
        "station_inside": false,
        "station_buffer_intersects": true,
        "bounds": [
          95.927315,
          8.102333,
          105.928665,
          9.555665
        ],
        "planning_note": "reference swath sample; not time-matched to the generated TLE planning window"
      },
      "geometry": {
        "type": "Polygon",
        "coordinates": [
          [
            [
              105.79041308938552,
              9.555665182142597
            ],
            [
              96.17009881133775,
              8.267561166965942
            ],
            [
              95.92731485479396,
              8.102333165019198
            ],
            [
              105.92866506463962,
              8.102333165019198
            ],
            [
              105.79041308938552,
              9.555665182142597
            ]
          ]
        ]
      }
    },
    {
      "type": "Feature",
      "properties": {
        "type": "reference_swath",
        "source": "swath_jpss.geojson",
        "source_index": 6,
        "satellite": "JPSS-1",
        "satellite_name": "JPSS-1 (NOAA-20)",
        "sensor": "VIIRS",
        "sensor_name": "Visible Infrared Imaging Radiometer Suite",
        "product": "FLOOD",
        "datetime": "2026-06-21T05:38:10.5Z",
        "filename": null,
        "station_inside": false,
        "station_buffer_intersects": true,
        "bounds": [
          100.38847,
          16.765001,
          105.928665,
          18.103685
        ],
        "planning_note": "reference swath sample; not time-matched to the generated TLE planning window"
      },
      "geometry": {
        "type": "Polygon",
        "coordinates": [
          [
            [
              100.38847005628614,
              18.10368528285678
            ],
            [
              100.82008597903067,
              16.765001267084184
            ],
            [
              105.92866506463962,
              17.90473728051274
            ],
            [
              105.92866506463962,
              18.10368528285678
            ],
            [
              100.38847005628614,
              18.10368528285678
            ]
          ]
        ]
      }
    },
    {
      "type": "Feature",
      "properties": {
        "type": "reference_swath",
        "source": "swath_jpss.geojson",
        "source_index": 7,
        "satellite": "JPSS-1",
        "satellite_name": "JPSS-1 (NOAA-20)",
        "sensor": "VIIRS",
        "sensor_name": "Visible Infrared Imaging Radiometer Suite",
        "product": "FLOOD",
        "datetime": "2026-06-21T05:36:44.5Z",
        "filename": null,
        "station_inside": false,
        "station_buffer_intersects": true,
        "bounds": [
          100.813342,
          11.929553,
          105.928665,
          17.928341
        ],
        "planning_note": "reference swath sample; not time-matched to the generated TLE planning window"
      },
      "geometry": {
        "type": "Polygon",
        "coordinates": [
          [
            [
              105.91517706705386,
              17.92834128079085
            ],
            [
              100.81334198023778,
              16.835813267918503
            ],
            [
              102.30713771286139,
              11.929553210112136
            ],
            [
              105.92866506463962,
              12.688253219051266
            ],
            [
              105.91517706705386,
              17.92834128079085
            ]
          ]
        ]
      }
    },
    {
      "type": "Feature",
      "properties": {
        "type": "reference_swath",
        "source": "swath_jpss.geojson",
        "source_index": 8,
        "satellite": "JPSS-1",
        "satellite_name": "JPSS-1 (NOAA-20)",
        "sensor": "VIIRS",
        "sensor_name": "Visible Infrared Imaging Radiometer Suite",
        "product": "FLOOD",
        "datetime": "2026-06-21T05:35:19Z",
        "filename": null,
        "station_inside": false,
        "station_buffer_intersects": true,
        "bounds": [
          102.307138,
          8.102333,
          105.928665,
          12.725345
        ],
        "planning_note": "reference swath sample; not time-matched to the generated TLE planning window"
      },
      "geometry": {
        "type": "Polygon",
        "coordinates": [
          [
            [
              105.92192106584673,
              12.72534521948829
            ],
            [
              102.30713771286139,
              12.003737210986184
            ],
            [
              103.3861775197227,
              8.102333165019198
            ],
            [
              105.92866506463962,
              8.102333165019198
            ],
            [
              105.92192106584673,
              12.72534521948829
            ]
          ]
        ]
      }
    },
    {
      "type": "Feature",
      "properties": {
        "type": "reference_swath",
        "source": "swath_jpss.geojson",
        "source_index": 9,
        "satellite": "JPSS-1",
        "satellite_name": "JPSS-1 (NOAA-20)",
        "sensor": "VIIRS",
        "sensor_name": "Visible Infrared Imaging Radiometer Suite",
        "product": "FLOOD",
        "datetime": "2026-06-20T05:57:05.5Z",
        "filename": null,
        "station_inside": false,
        "station_buffer_intersects": true,
        "bounds": [
          95.927315,
          16.498613,
          103.581753,
          18.103685
        ],
        "planning_note": "reference swath sample; not time-matched to the generated TLE planning window"
      },
      "geometry": {
        "type": "Polygon",
        "coordinates": [
          [
            [
              95.92731485479396,
              18.10368528285678
            ],
            [
              96.13975081676978,
              16.498613263945558
            ],
            [
              103.5817534847163,
              18.096941282777323
            ],
            [
              103.5817534847163,
              18.10368528285678
            ],
            [
              95.92731485479396,
              18.10368528285678
            ]
          ]
        ]
      }
    },
    {
      "type": "Feature",
      "properties": {
        "type": "reference_swath",
        "source": "swath_jpss.geojson",
        "source_index": 10,
        "satellite": "JPSS-1",
        "satellite_name": "JPSS-1 (NOAA-20)",
        "sensor": "VIIRS",
        "sensor_name": "Visible Infrared Imaging Radiometer Suite",
        "product": "FLOOD",
        "datetime": "2026-06-20T05:55:40Z",
        "filename": null,
        "station_inside": true,
        "station_buffer_intersects": true,
        "bounds": [
          96.129635,
          11.666537,
          105.928665,
          18.103685
        ],
        "planning_note": "reference swath sample; not time-matched to the generated TLE planning window"
      },
      "geometry": {
        "type": "Polygon",
        "coordinates": [
          [
            [
              105.92866506463962,
              18.10368528285678
            ],
            [
              96.12963481858046,
              16.572797264819606
            ],
            [
              97.63354654939339,
              11.666537207013238
            ],
            [
              105.92866506463962,
              13.305329226321756
            ],
            [
              105.92866506463962,
              18.10368528285678
            ]
          ]
        ]
      }
    },
    {
      "type": "Feature",
      "properties": {
        "type": "reference_swath",
        "source": "swath_jpss.geojson",
        "source_index": 11,
        "satellite": "JPSS-1",
        "satellite_name": "JPSS-1 (NOAA-20)",
        "sensor": "VIIRS",
        "sensor_name": "Visible Infrared Imaging Radiometer Suite",
        "product": "FLOOD",
        "datetime": "2026-06-20T05:54:14Z",
        "filename": null,
        "station_inside": false,
        "station_buffer_intersects": true,
        "bounds": [
          97.626803,
          8.102333,
          105.928665,
          13.318817
        ],
        "planning_note": "reference swath sample; not time-matched to the generated TLE planning window"
      },
      "geometry": {
        "type": "Polygon",
        "coordinates": [
          [
            [
              105.92529306524318,
              13.318817226480675
            ],
            [
              97.6268025506005,
              11.744093207927015
            ],
            [
              98.63503037013653,
              8.105705165058929
            ],
            [
              105.92866506463962,
              8.102333165019198
            ],
            [
              105.92529306524318,
              13.318817226480675
            ]
          ]
        ]
      }
    },
    {
      "type": "Feature",
      "properties": {
        "type": "reference_swath",
        "source": "swath_jpss.geojson",
        "source_index": 12,
        "satellite": "JPSS-1",
        "satellite_name": "JPSS-1 (NOAA-20)",
        "sensor": "VIIRS",
        "sensor_name": "Visible Infrared Imaging Radiometer Suite",
        "product": "FLOOD",
        "datetime": "2026-06-19T06:16:00.5Z",
        "filename": null,
        "station_inside": false,
        "station_buffer_intersects": true,
        "bounds": [
          95.927315,
          17.237081,
          100.317658,
          18.103685
        ],
        "planning_note": "reference swath sample; not time-matched to the generated TLE planning window"
      },
      "geometry": {
        "type": "Polygon",
        "coordinates": [
          [
            [
              100.31765806896087,
              18.10368528285678
            ],
            [
              95.92731485479396,
              17.237081272646307
            ],
            [
              100.31765806896087,
              18.096941282777323
            ],
            [
              100.31765806896087,
              18.10368528285678
            ]
          ]
        ]
      }
    },
    {
      "type": "Feature",
      "properties": {
        "type": "reference_swath",
        "source": "swath_jpss.geojson",
        "source_index": 13,
        "satellite": "JPSS-1",
        "satellite_name": "JPSS-1 (NOAA-20)",
        "sensor": "VIIRS",
        "sensor_name": "Visible Infrared Imaging Radiometer Suite",
        "product": "FLOOD",
        "datetime": "2026-06-19T06:14:35Z",
        "filename": null,
        "station_inside": true,
        "station_buffer_intersects": true,
        "bounds": [
          95.927315,
          12.027341,
          105.928665,
          18.103685
        ],
        "planning_note": "reference swath sample; not time-matched to the generated TLE planning window"
      },
      "geometry": {
        "type": "Polygon",
        "coordinates": [
          [
            [
              105.92866506463962,
              18.10368528285678
            ],
            [
              95.92731485479396,
              17.267429273003874
            ],
            [
              95.92731485479396,
              12.027341211264291
            ],
            [
              105.92866506463962,
              13.814501232320906
            ],
            [
              105.92866506463962,
              18.10368528285678
            ]
          ]
        ]
      }
    },
    {
      "type": "Feature",
      "properties": {
        "type": "reference_swath",
        "source": "swath_jpss.geojson",
        "source_index": 14,
        "satellite": "JPSS-1",
        "satellite_name": "JPSS-1 (NOAA-20)",
        "sensor": "VIIRS",
        "sensor_name": "Visible Infrared Imaging Radiometer Suite",
        "product": "FLOOD",
        "datetime": "2026-06-19T06:13:10Z",
        "filename": null,
        "station_inside": false,
        "station_buffer_intersects": true,
        "bounds": [
          95.927315,
          8.102333,
          105.928665,
          13.817873
        ],
        "planning_note": "reference swath sample; not time-matched to the generated TLE planning window"
      },
      "geometry": {
        "type": "Polygon",
        "coordinates": [
          [
            [
              105.9185490664503,
              13.817873232360636
            ],
            [
              95.92731485479396,
              12.071177211780775
            ],
            [
              95.92731485479396,
              8.102333165019198
            ],
            [
              105.92866506463962,
              8.702549172091043
            ],
            [
              105.9185490664503,
              13.817873232360636
            ]
          ]
        ]
      }
    },
    {
      "type": "Feature",
      "properties": {
        "type": "reference_swath",
        "source": "swath_jpss.geojson",
        "source_index": 15,
        "satellite": "JPSS-1",
        "satellite_name": "JPSS-1 (NOAA-20)",
        "sensor": "VIIRS",
        "sensor_name": "Visible Infrared Imaging Radiometer Suite",
        "product": "FLOOD",
        "datetime": "2026-06-19T06:11:45Z",
        "filename": null,
        "station_inside": false,
        "station_buffer_intersects": true,
        "bounds": [
          102.179002,
          8.102333,
          105.928665,
          8.260817
        ],
        "planning_note": "reference swath sample; not time-matched to the generated TLE planning window"
      },
      "geometry": {
        "type": "Polygon",
        "coordinates": [
          [
            [
              105.92866506463962,
              8.102333165019198
            ],
            [
              103.08269757404295,
              8.260817166886483
            ],
            [
              102.17900173579662,
              8.102333165019198
            ],
            [
              105.92866506463962,
              8.102333165019198
            ]
          ]
        ]
      }
    },
    {
      "type": "Feature",
      "properties": {
        "type": "reference_swath",
        "source": "swath_jpss.geojson",
        "source_index": 16,
        "satellite": "JPSS-1",
        "satellite_name": "JPSS-1 (NOAA-20)",
        "sensor": "VIIRS",
        "sensor_name": "Visible Infrared Imaging Radiometer Suite",
        "product": "FLOOD",
        "datetime": "2026-06-18T06:33:31Z",
        "filename": null,
        "station_inside": false,
        "station_buffer_intersects": true,
        "bounds": [
          95.927315,
          12.762437,
          105.928665,
          18.103685
        ],
        "planning_note": "reference swath sample; not time-matched to the generated TLE planning window"
      },
      "geometry": {
        "type": "Polygon",
        "coordinates": [
          [
            [
              105.92866506463962,
              18.10368528285678
            ],
            [
              95.92731485479396,
              17.901365280473012
            ],
            [
              95.92731485479396,
              12.762437219925314
            ],
            [
              105.92866506463962,
              14.327045238359783
            ],
            [
              105.92866506463962,
              18.10368528285678
            ]
          ]
        ]
      }
    },
    {
      "type": "Feature",
      "properties": {
        "type": "reference_swath",
        "source": "swath_jpss.geojson",
        "source_index": 17,
        "satellite": "JPSS-1",
        "satellite_name": "JPSS-1 (NOAA-20)",
        "sensor": "VIIRS",
        "sensor_name": "Visible Infrared Imaging Radiometer Suite",
        "product": "FLOOD",
        "datetime": "2026-06-18T06:32:06Z",
        "filename": null,
        "station_inside": true,
        "station_buffer_intersects": true,
        "bounds": [
          95.927315,
          8.102333,
          105.928665,
          14.347277
        ],
        "planning_note": "reference swath sample; not time-matched to the generated TLE planning window"
      },
      "geometry": {
        "type": "Polygon",
        "coordinates": [
          [
            [
              105.9185490664503,
              14.34727723859816
            ],
            [
              95.9306868541904,
              12.78266922016369
            ],
            [
              95.92731485479396,
              8.102333165019198
            ],
            [
              105.92866506463962,
              9.137537177216144
            ],
            [
              105.9185490664503,
              14.34727723859816
            ]
          ]
        ]
      }
    },
    {
      "type": "Feature",
      "properties": {
        "type": "reference_swath",
        "source": "swath_jpss.geojson",
        "source_index": 18,
        "satellite": "JPSS-1",
        "satellite_name": "JPSS-1 (NOAA-20)",
        "sensor": "VIIRS",
        "sensor_name": "Visible Infrared Imaging Radiometer Suite",
        "product": "FLOOD",
        "datetime": "2026-06-18T06:30:40.5Z",
        "filename": null,
        "station_inside": false,
        "station_buffer_intersects": true,
        "bounds": [
          99.100366,
          8.102333,
          105.928665,
          9.151025
        ],
        "planning_note": "reference swath sample; not time-matched to the generated TLE planning window"
      },
      "geometry": {
        "type": "Polygon",
        "coordinates": [
          [
            [
              105.91517706705386,
              9.151025177375061
            ],
            [
              101.91598578287417,
              8.547437170263487
            ],
            [
              99.10036628684547,
              8.102333165019198
            ],
            [
              105.92866506463962,
              8.102333165019198
            ],
            [
              105.91517706705386,
              9.151025177375061
            ]
          ]
        ]
      }
    },
    {
      "type": "Feature",
      "properties": {
        "type": "reference_swath",
        "source": "swath_jpss.geojson",
        "source_index": 19,
        "satellite": "JPSS-1",
        "satellite_name": "JPSS-1 (NOAA-20)",
        "sensor": "VIIRS",
        "sensor_name": "Visible Infrared Imaging Radiometer Suite",
        "product": "FLOOD",
        "datetime": "2026-06-17T06:52:26Z",
        "filename": null,
        "station_inside": false,
        "station_buffer_intersects": true,
        "bounds": [
          95.927315,
          13.288469,
          105.928665,
          18.103685
        ],
        "planning_note": "reference swath sample; not time-matched to the generated TLE planning window"
      },
      "geometry": {
        "type": "Polygon",
        "coordinates": [
          [
            [
              95.92731485479396,
              18.10368528285678
            ],
            [
              95.92731485479396,
              13.288469226123109
            ],
            [
              105.92866506463962,
              14.647385242134083
            ],
            [
              105.92866506463962,
              18.10368528285678
            ],
            [
              95.92731485479396,
              18.10368528285678
            ]
          ]
        ]
      }
    },
    {
      "type": "Feature",
      "properties": {
        "type": "aoi",
        "source": "aoi_demo.geojson",
        "feature_count": 1
      },
      "geometry": {
        "type": "Polygon",
        "coordinates": [
          [
            [
              99.5,
              12.2
            ],
            [
              102.4,
              12.2
            ],
            [
              102.4,
              14.0
            ],
            [
              99.5,
              14.0
            ],
            [
              99.5,
              12.2
            ]
          ]
        ]
      }
    },
    {
      "type": "Feature",
      "properties": {
        "satellite": "NOAA 21 (JPSS-2)",
        "direction": "descending",
        "planning_method": "topocentric_elevation_access",
        "min_elevation_deg": 5.0,
        "tle_epoch_utc": "2026-08-23T06:38:31Z",
        "tle_age_hours": -276.73,
        "tle_quality": "medium",
        "aos_utc": "2026-08-11T17:54:53Z",
        "los_utc": "2026-08-11T18:06:02Z",
        "tca_utc": "2026-08-11T18:00:30Z",
        "max_elevation_utc": "2026-08-11T18:00:30Z",
        "duration_minutes": 11.15,
        "min_distance_km": 1334.07,
        "max_elevation_deg": 24.2,
        "tca_azimuth_deg": 100.7,
        "tca_elevation_deg": 24.2,
        "tca_slant_range_km": 1640.41,
        "closest_lon": 112.905834,
        "closest_lat": 10.539418,
        "aos_lon": 117.788957,
        "aos_lat": 30.183388,
        "aos_azimuth_deg": 39.58,
        "los_lon": 108.51492,
        "los_lat": -8.880814,
        "los_azimuth_deg": 160.62,
        "confidence": "medium",
        "aoi_covered": false,
        "aoi_points_inside": 0,
        "reference_swath_file": "swath_jpss.geojson",
        "reference_swath_source_count": 20,
        "reference_swath_station_inside_count": 5,
        "reference_swath_buffer_intersects_count": 20,
        "reference_swath_satellites": "JPSS-1 (NOAA-20)",
        "reference_swath_sensors": "VIIRS",
        "reference_swath_time_min": "2026-06-17T06:52:26Z",
        "reference_swath_time_max": "2026-06-22T06:58:49.5Z",
        "reference_swath_note": "sample footprint only; not time-matched to this planning pass",
        "type": "visible_track"
      },
      "geometry": {
        "type": "LineString",
        "coordinates": [
          [
            117.78895653130922,
            30.183388078148983
          ],
          [
            117.68301195815093,
            29.804465642644107
          ],
          [
            117.20684154634682,
            28.055753904234997
          ],
          [
            116.74193863656058,
            26.306280913960922
          ],
          [
            116.28716973810356,
            24.556136672711006
          ],
          [
            115.84150319018755,
            22.805403192831065
          ],
          [
            115.4039953629748,
            21.054155576888967
          ],
          [
            114.97377876253825,
            19.302462945037036
          ],
          [
            114.55005171549453,
            17.550389236973274
          ],
          [
            114.13206936380055,
            15.797993910066763
          ],
          [
            113.71913575606004,
            14.045332551042568
          ],
          [
            113.31059684232969,
            12.292457416096696
          ],
          [
            112.90583422516562,
            10.539417911577294
          ],
          [
            112.50425953352567,
            8.78626102556397
          ],
          [
            112.10530930834551,
            7.033031719344542
          ],
          [
            111.70844030314669,
            5.279773286237278
          ],
          [
            111.31312511499272,
            3.5265276846211773
          ],
          [
            110.91884807030982,
            1.7733358509818338
          ],
          [
            110.52510129760196,
            0.02023799850822615
          ],
          [
            110.13138092082579,
            -1.732726093943655
          ],
          [
            109.73718332032075,
            -3.4855167975854697
          ],
          [
            109.34200139349878,
            -5.238094349772601
          ],
          [
            108.94532076399929,
            -6.9904185655661335
          ],
          [
            108.54661570863158,
            -8.742448540340225
          ],
          [
            108.51491960778094,
            -8.880813902292457
          ]
        ]
      }
    },
    {
      "type": "Feature",
      "properties": {
        "satellite": "NOAA 21 (JPSS-2)",
        "direction": "descending",
        "planning_method": "topocentric_elevation_access",
        "min_elevation_deg": 5.0,
        "tle_epoch_utc": "2026-08-23T06:38:31Z",
        "tle_age_hours": -276.73,
        "tle_quality": "medium",
        "aos_utc": "2026-08-11T17:54:53Z",
        "los_utc": "2026-08-11T18:06:02Z",
        "tca_utc": "2026-08-11T18:00:30Z",
        "max_elevation_utc": "2026-08-11T18:00:30Z",
        "duration_minutes": 11.15,
        "min_distance_km": 1334.07,
        "max_elevation_deg": 24.2,
        "tca_azimuth_deg": 100.7,
        "tca_elevation_deg": 24.2,
        "tca_slant_range_km": 1640.41,
        "closest_lon": 112.905834,
        "closest_lat": 10.539418,
        "aos_lon": 117.788957,
        "aos_lat": 30.183388,
        "aos_azimuth_deg": 39.58,
        "los_lon": 108.51492,
        "los_lat": -8.880814,
        "los_azimuth_deg": 160.62,
        "confidence": "medium",
        "aoi_covered": false,
        "aoi_points_inside": 0,
        "reference_swath_file": "swath_jpss.geojson",
        "reference_swath_source_count": 20,
        "reference_swath_station_inside_count": 5,
        "reference_swath_buffer_intersects_count": 20,
        "reference_swath_satellites": "JPSS-1 (NOAA-20)",
        "reference_swath_sensors": "VIIRS",
        "reference_swath_time_min": "2026-06-17T06:52:26Z",
        "reference_swath_time_max": "2026-06-22T06:58:49.5Z",
        "reference_swath_note": "sample footprint only; not time-matched to this planning pass",
        "type": "aos",
        "color": "cyan"
      },
      "geometry": {
        "type": "Point",
        "coordinates": [
          117.78895653130922,
          30.183388078148983
        ]
      }
    },
    {
      "type": "Feature",
      "properties": {
        "satellite": "NOAA 21 (JPSS-2)",
        "direction": "descending",
        "planning_method": "topocentric_elevation_access",
        "min_elevation_deg": 5.0,
        "tle_epoch_utc": "2026-08-23T06:38:31Z",
        "tle_age_hours": -276.73,
        "tle_quality": "medium",
        "aos_utc": "2026-08-11T17:54:53Z",
        "los_utc": "2026-08-11T18:06:02Z",
        "tca_utc": "2026-08-11T18:00:30Z",
        "max_elevation_utc": "2026-08-11T18:00:30Z",
        "duration_minutes": 11.15,
        "min_distance_km": 1334.07,
        "max_elevation_deg": 24.2,
        "tca_azimuth_deg": 100.7,
        "tca_elevation_deg": 24.2,
        "tca_slant_range_km": 1640.41,
        "closest_lon": 112.905834,
        "closest_lat": 10.539418,
        "aos_lon": 117.788957,
        "aos_lat": 30.183388,
        "aos_azimuth_deg": 39.58,
        "los_lon": 108.51492,
        "los_lat": -8.880814,
        "los_azimuth_deg": 160.62,
        "confidence": "medium",
        "aoi_covered": false,
        "aoi_points_inside": 0,
        "reference_swath_file": "swath_jpss.geojson",
        "reference_swath_source_count": 20,
        "reference_swath_station_inside_count": 5,
        "reference_swath_buffer_intersects_count": 20,
        "reference_swath_satellites": "JPSS-1 (NOAA-20)",
        "reference_swath_sensors": "VIIRS",
        "reference_swath_time_min": "2026-06-17T06:52:26Z",
        "reference_swath_time_max": "2026-06-22T06:58:49.5Z",
        "reference_swath_note": "sample footprint only; not time-matched to this planning pass",
        "type": "tca",
        "color": "yellow"
      },
      "geometry": {
        "type": "Point",
        "coordinates": [
          112.90583422516562,
          10.539417911577294
        ]
      }
    },
    {
      "type": "Feature",
      "properties": {
        "satellite": "NOAA 21 (JPSS-2)",
        "direction": "descending",
        "planning_method": "topocentric_elevation_access",
        "min_elevation_deg": 5.0,
        "tle_epoch_utc": "2026-08-23T06:38:31Z",
        "tle_age_hours": -276.73,
        "tle_quality": "medium",
        "aos_utc": "2026-08-11T17:54:53Z",
        "los_utc": "2026-08-11T18:06:02Z",
        "tca_utc": "2026-08-11T18:00:30Z",
        "max_elevation_utc": "2026-08-11T18:00:30Z",
        "duration_minutes": 11.15,
        "min_distance_km": 1334.07,
        "max_elevation_deg": 24.2,
        "tca_azimuth_deg": 100.7,
        "tca_elevation_deg": 24.2,
        "tca_slant_range_km": 1640.41,
        "closest_lon": 112.905834,
        "closest_lat": 10.539418,
        "aos_lon": 117.788957,
        "aos_lat": 30.183388,
        "aos_azimuth_deg": 39.58,
        "los_lon": 108.51492,
        "los_lat": -8.880814,
        "los_azimuth_deg": 160.62,
        "confidence": "medium",
        "aoi_covered": false,
        "aoi_points_inside": 0,
        "reference_swath_file": "swath_jpss.geojson",
        "reference_swath_source_count": 20,
        "reference_swath_station_inside_count": 5,
        "reference_swath_buffer_intersects_count": 20,
        "reference_swath_satellites": "JPSS-1 (NOAA-20)",
        "reference_swath_sensors": "VIIRS",
        "reference_swath_time_min": "2026-06-17T06:52:26Z",
        "reference_swath_time_max": "2026-06-22T06:58:49.5Z",
        "reference_swath_note": "sample footprint only; not time-matched to this planning pass",
        "type": "los",
        "color": "green"
      },
      "geometry": {
        "type": "Point",
        "coordinates": [
          108.51491960778094,
          -8.880813902292457
        ]
      }
    },
    {
      "type": "Feature",
      "properties": {
        "satellite": "SUOMI NPP",
        "direction": "descending",
        "planning_method": "topocentric_elevation_access",
        "min_elevation_deg": 5.0,
        "tle_epoch_utc": "2026-08-23T07:14:55Z",
        "tle_age_hours": -276.75,
        "tle_quality": "medium",
        "aos_utc": "2026-08-11T18:30:06Z",
        "los_utc": "2026-08-11T18:42:36Z",
        "tca_utc": "2026-08-11T18:36:30Z",
        "max_elevation_utc": "2026-08-11T18:36:30Z",
        "duration_minutes": 12.49,
        "min_distance_km": 656.8,
        "max_elevation_deg": 46.9,
        "tca_azimuth_deg": 106.19,
        "tca_elevation_deg": 46.9,
        "tca_slant_range_km": 1081.12,
        "closest_lon": 106.692551,
        "closest_lat": 11.323409,
        "aos_lon": 112.436924,
        "aos_lat": 33.681539,
        "aos_azimuth_deg": 24.98,
        "los_lon": 101.807741,
        "los_lat": -10.098319,
        "los_azimuth_deg": 177.78,
        "confidence": "medium",
        "aoi_covered": false,
        "aoi_points_inside": 0,
        "reference_swath_file": "swath_jpss.geojson",
        "reference_swath_source_count": 20,
        "reference_swath_station_inside_count": 5,
        "reference_swath_buffer_intersects_count": 20,
        "reference_swath_satellites": "JPSS-1 (NOAA-20)",
        "reference_swath_sensors": "VIIRS",
        "reference_swath_time_min": "2026-06-17T06:52:26Z",
        "reference_swath_time_max": "2026-06-22T06:58:49.5Z",
        "reference_swath_note": "sample footprint only; not time-matched to this planning pass",
        "type": "visible_track"
      },
      "geometry": {
        "type": "LineString",
        "coordinates": [
          [
            112.43692387500687,
            33.68153886356505
          ],
          [
            112.04197793373879,
            32.33812458506571
          ],
          [
            111.54325548886783,
            30.590522562771554
          ],
          [
            111.05779536183286,
            28.84196690541682
          ],
          [
            110.58427355419997,
            27.09256443288181
          ],
          [
            110.12149334637144,
            25.342411893728112
          ],
          [
            109.66836784708914,
            23.591597349558413
          ],
          [
            109.22390507408107,
            21.840201354993848
          ],
          [
            108.78719512309993,
            20.088297969478777
          ],
          [
            108.35739907397385,
            18.33595562968947
          ],
          [
            107.933739330869,
            16.583237906807803
          ],
          [
            107.51549116157508,
            14.830204167842119
          ],
          [
            107.10197523206477,
            13.076910157602704
          ],
          [
            106.6925509685596,
            11.323408514474698
          ],
          [
            106.28661060532613,
            9.569749231743813
          ],
          [
            105.88357379740643,
            7.81598007394327
          ],
          [
            105.48288269437177,
            6.062146956624373
          ],
          [
            105.08399738498059,
            4.308294296709485
          ],
          [
            104.68639162986028,
            2.554465339915131
          ],
          [
            104.28954864901613,
            0.8007024709233435
          ],
          [
            103.89295789735388,
            -0.9529524883949236
          ],
          [
            103.49611025159709,
            -2.706457987795199
          ],
          [
            103.09849490823575,
            -4.459772459804217
          ],
          [
            102.69959541259988,
            -6.21285402843879
          ],
          [
            102.29888576811118,
            -7.965660210751498
          ],
          [
            101.8958263956809,
            -9.71814760647171
          ],
          [
            101.80774090365264,
            -10.098318616859048
          ]
        ]
      }
    },
    {
      "type": "Feature",
      "properties": {
        "satellite": "SUOMI NPP",
        "direction": "descending",
        "planning_method": "topocentric_elevation_access",
        "min_elevation_deg": 5.0,
        "tle_epoch_utc": "2026-08-23T07:14:55Z",
        "tle_age_hours": -276.75,
        "tle_quality": "medium",
        "aos_utc": "2026-08-11T18:30:06Z",
        "los_utc": "2026-08-11T18:42:36Z",
        "tca_utc": "2026-08-11T18:36:30Z",
        "max_elevation_utc": "2026-08-11T18:36:30Z",
        "duration_minutes": 12.49,
        "min_distance_km": 656.8,
        "max_elevation_deg": 46.9,
        "tca_azimuth_deg": 106.19,
        "tca_elevation_deg": 46.9,
        "tca_slant_range_km": 1081.12,
        "closest_lon": 106.692551,
        "closest_lat": 11.323409,
        "aos_lon": 112.436924,
        "aos_lat": 33.681539,
        "aos_azimuth_deg": 24.98,
        "los_lon": 101.807741,
        "los_lat": -10.098319,
        "los_azimuth_deg": 177.78,
        "confidence": "medium",
        "aoi_covered": false,
        "aoi_points_inside": 0,
        "reference_swath_file": "swath_jpss.geojson",
        "reference_swath_source_count": 20,
        "reference_swath_station_inside_count": 5,
        "reference_swath_buffer_intersects_count": 20,
        "reference_swath_satellites": "JPSS-1 (NOAA-20)",
        "reference_swath_sensors": "VIIRS",
        "reference_swath_time_min": "2026-06-17T06:52:26Z",
        "reference_swath_time_max": "2026-06-22T06:58:49.5Z",
        "reference_swath_note": "sample footprint only; not time-matched to this planning pass",
        "type": "aos",
        "color": "cyan"
      },
      "geometry": {
        "type": "Point",
        "coordinates": [
          112.43692387500687,
          33.68153886356505
        ]
      }
    },
    {
      "type": "Feature",
      "properties": {
        "satellite": "SUOMI NPP",
        "direction": "descending",
        "planning_method": "topocentric_elevation_access",
        "min_elevation_deg": 5.0,
        "tle_epoch_utc": "2026-08-23T07:14:55Z",
        "tle_age_hours": -276.75,
        "tle_quality": "medium",
        "aos_utc": "2026-08-11T18:30:06Z",
        "los_utc": "2026-08-11T18:42:36Z",
        "tca_utc": "2026-08-11T18:36:30Z",
        "max_elevation_utc": "2026-08-11T18:36:30Z",
        "duration_minutes": 12.49,
        "min_distance_km": 656.8,
        "max_elevation_deg": 46.9,
        "tca_azimuth_deg": 106.19,
        "tca_elevation_deg": 46.9,
        "tca_slant_range_km": 1081.12,
        "closest_lon": 106.692551,
        "closest_lat": 11.323409,
        "aos_lon": 112.436924,
        "aos_lat": 33.681539,
        "aos_azimuth_deg": 24.98,
        "los_lon": 101.807741,
        "los_lat": -10.098319,
        "los_azimuth_deg": 177.78,
        "confidence": "medium",
        "aoi_covered": false,
        "aoi_points_inside": 0,
        "reference_swath_file": "swath_jpss.geojson",
        "reference_swath_source_count": 20,
        "reference_swath_station_inside_count": 5,
        "reference_swath_buffer_intersects_count": 20,
        "reference_swath_satellites": "JPSS-1 (NOAA-20)",
        "reference_swath_sensors": "VIIRS",
        "reference_swath_time_min": "2026-06-17T06:52:26Z",
        "reference_swath_time_max": "2026-06-22T06:58:49.5Z",
        "reference_swath_note": "sample footprint only; not time-matched to this planning pass",
        "type": "tca",
        "color": "yellow"
      },
      "geometry": {
        "type": "Point",
        "coordinates": [
          106.6925509685596,
          11.323408514474698
        ]
      }
    },
    {
      "type": "Feature",
      "properties": {
        "satellite": "SUOMI NPP",
        "direction": "descending",
        "planning_method": "topocentric_elevation_access",
        "min_elevation_deg": 5.0,
        "tle_epoch_utc": "2026-08-23T07:14:55Z",
        "tle_age_hours": -276.75,
        "tle_quality": "medium",
        "aos_utc": "2026-08-11T18:30:06Z",
        "los_utc": "2026-08-11T18:42:36Z",
        "tca_utc": "2026-08-11T18:36:30Z",
        "max_elevation_utc": "2026-08-11T18:36:30Z",
        "duration_minutes": 12.49,
        "min_distance_km": 656.8,
        "max_elevation_deg": 46.9,
        "tca_azimuth_deg": 106.19,
        "tca_elevation_deg": 46.9,
        "tca_slant_range_km": 1081.12,
        "closest_lon": 106.692551,
        "closest_lat": 11.323409,
        "aos_lon": 112.436924,
        "aos_lat": 33.681539,
        "aos_azimuth_deg": 24.98,
        "los_lon": 101.807741,
        "los_lat": -10.098319,
        "los_azimuth_deg": 177.78,
        "confidence": "medium",
        "aoi_covered": false,
        "aoi_points_inside": 0,
        "reference_swath_file": "swath_jpss.geojson",
        "reference_swath_source_count": 20,
        "reference_swath_station_inside_count": 5,
        "reference_swath_buffer_intersects_count": 20,
        "reference_swath_satellites": "JPSS-1 (NOAA-20)",
        "reference_swath_sensors": "VIIRS",
        "reference_swath_time_min": "2026-06-17T06:52:26Z",
        "reference_swath_time_max": "2026-06-22T06:58:49.5Z",
        "reference_swath_note": "sample footprint only; not time-matched to this planning pass",
        "type": "los",
        "color": "green"
      },
      "geometry": {
        "type": "Point",
        "coordinates": [
          101.80774090365264,
          -10.098318616859048
        ]
      }
    },
    {
      "type": "Feature",
      "properties": {
        "satellite": "NOAA 20 (JPSS-1)",
        "direction": "descending",
        "planning_method": "topocentric_elevation_access",
        "min_elevation_deg": 5.0,
        "tle_epoch_utc": "2026-08-23T05:52:54Z",
        "tle_age_hours": -275.07,
        "tle_quality": "medium",
        "aos_utc": "2026-08-11T18:48:58Z",
        "los_utc": "2026-08-11T19:01:51Z",
        "tca_utc": "2026-08-11T18:55:30Z",
        "max_elevation_utc": "2026-08-11T18:55:30Z",
        "duration_minutes": 12.88,
        "min_distance_km": 49.23,
        "max_elevation_deg": 86.63,
        "tca_azimuth_deg": 226.19,
        "tca_elevation_deg": 86.63,
        "tca_slant_range_km": 829.6,
        "closest_lon": 100.642294,
        "closest_lat": 12.758004,
        "aos_lon": 106.624064,
        "aos_lat": 35.610295,
        "aos_azimuth_deg": 11.83,
        "los_lon": 95.564241,
        "los_lat": -9.516451,
        "los_azimuth_deg": 193.56,
        "confidence": "medium",
        "aoi_covered": true,
        "aoi_points_inside": 1,
        "reference_swath_file": "swath_jpss.geojson",
        "reference_swath_source_count": 20,
        "reference_swath_station_inside_count": 5,
        "reference_swath_buffer_intersects_count": 20,
        "reference_swath_satellites": "JPSS-1 (NOAA-20)",
        "reference_swath_sensors": "VIIRS",
        "reference_swath_time_min": "2026-06-17T06:52:26Z",
        "reference_swath_time_max": "2026-06-22T06:58:49.5Z",
        "reference_swath_note": "sample footprint only; not time-matched to this planning pass",
        "type": "visible_track"
      },
      "geometry": {
        "type": "LineString",
        "coordinates": [
          [
            106.62406387124162,
            35.61029451292261
          ],
          [
            106.59238154510501,
            35.50864625879522
          ],
          [
            106.06661547127203,
            33.763302009511925
          ],
          [
            105.55687469274096,
            32.01679778559721
          ],
          [
            105.0615526799408,
            30.269262172133963
          ],
          [
            104.57920967061324,
            28.52081053994638
          ],
          [
            104.10854986392224,
            26.77154691459398
          ],
          [
            103.64840054108959,
            25.021565553450838
          ],
          [
            103.19769582663514,
            23.270952283683236
          ],
          [
            102.75546204701777,
            21.51978564425938
          ],
          [
            102.32080527297586,
            19.768137865977355
          ],
          [
            101.89290053015753,
            18.016075717784915
          ],
          [
            101.47098240231816,
            16.26366124191227
          ],
          [
            101.05433678448651,
            14.51095239709963
          ],
          [
            100.64229359900673,
            12.75800362520005
          ],
          [
            100.23422030916385,
            11.004866354393197
          ],
          [
            99.82951609350243,
            9.25158944967706
          ],
          [
            99.42760656382728,
            7.498219620599211
          ],
          [
            99.02793892579285,
            5.744801793703939
          ],
          [
            98.6299774939132,
            3.9913794571123034
          ],
          [
            98.23319948313224,
            2.2379949830519754
          ],
          [
            97.83709100361943,
            0.48468993460032417
          ],
          [
            97.44114320060527,
            -1.2684946388597842
          ],
          [
            97.04484846870048,
            -3.021517912216641
          ],
          [
            96.6476966884589,
            -4.774338996760082
          ],
          [
            96.24917142377666,
            -6.526916648899667
          ],
          [
            95.84874602085051,
            -8.279208971167828
          ],
          [
            95.56424055391642,
            -9.516450579201114
          ]
        ]
      }
    },
    {
      "type": "Feature",
      "properties": {
        "satellite": "NOAA 20 (JPSS-1)",
        "direction": "descending",
        "planning_method": "topocentric_elevation_access",
        "min_elevation_deg": 5.0,
        "tle_epoch_utc": "2026-08-23T05:52:54Z",
        "tle_age_hours": -275.07,
        "tle_quality": "medium",
        "aos_utc": "2026-08-11T18:48:58Z",
        "los_utc": "2026-08-11T19:01:51Z",
        "tca_utc": "2026-08-11T18:55:30Z",
        "max_elevation_utc": "2026-08-11T18:55:30Z",
        "duration_minutes": 12.88,
        "min_distance_km": 49.23,
        "max_elevation_deg": 86.63,
        "tca_azimuth_deg": 226.19,
        "tca_elevation_deg": 86.63,
        "tca_slant_range_km": 829.6,
        "closest_lon": 100.642294,
        "closest_lat": 12.758004,
        "aos_lon": 106.624064,
        "aos_lat": 35.610295,
        "aos_azimuth_deg": 11.83,
        "los_lon": 95.564241,
        "los_lat": -9.516451,
        "los_azimuth_deg": 193.56,
        "confidence": "medium",
        "aoi_covered": true,
        "aoi_points_inside": 1,
        "reference_swath_file": "swath_jpss.geojson",
        "reference_swath_source_count": 20,
        "reference_swath_station_inside_count": 5,
        "reference_swath_buffer_intersects_count": 20,
        "reference_swath_satellites": "JPSS-1 (NOAA-20)",
        "reference_swath_sensors": "VIIRS",
        "reference_swath_time_min": "2026-06-17T06:52:26Z",
        "reference_swath_time_max": "2026-06-22T06:58:49.5Z",
        "reference_swath_note": "sample footprint only; not time-matched to this planning pass",
        "type": "aos",
        "color": "cyan"
      },
      "geometry": {
        "type": "Point",
        "coordinates": [
          106.62406387124162,
          35.61029451292261
        ]
      }
    },
    {
      "type": "Feature",
      "properties": {
        "satellite": "NOAA 20 (JPSS-1)",
        "direction": "descending",
        "planning_method": "topocentric_elevation_access",
        "min_elevation_deg": 5.0,
        "tle_epoch_utc": "2026-08-23T05:52:54Z",
        "tle_age_hours": -275.07,
        "tle_quality": "medium",
        "aos_utc": "2026-08-11T18:48:58Z",
        "los_utc": "2026-08-11T19:01:51Z",
        "tca_utc": "2026-08-11T18:55:30Z",
        "max_elevation_utc": "2026-08-11T18:55:30Z",
        "duration_minutes": 12.88,
        "min_distance_km": 49.23,
        "max_elevation_deg": 86.63,
        "tca_azimuth_deg": 226.19,
        "tca_elevation_deg": 86.63,
        "tca_slant_range_km": 829.6,
        "closest_lon": 100.642294,
        "closest_lat": 12.758004,
        "aos_lon": 106.624064,
        "aos_lat": 35.610295,
        "aos_azimuth_deg": 11.83,
        "los_lon": 95.564241,
        "los_lat": -9.516451,
        "los_azimuth_deg": 193.56,
        "confidence": "medium",
        "aoi_covered": true,
        "aoi_points_inside": 1,
        "reference_swath_file": "swath_jpss.geojson",
        "reference_swath_source_count": 20,
        "reference_swath_station_inside_count": 5,
        "reference_swath_buffer_intersects_count": 20,
        "reference_swath_satellites": "JPSS-1 (NOAA-20)",
        "reference_swath_sensors": "VIIRS",
        "reference_swath_time_min": "2026-06-17T06:52:26Z",
        "reference_swath_time_max": "2026-06-22T06:58:49.5Z",
        "reference_swath_note": "sample footprint only; not time-matched to this planning pass",
        "type": "tca",
        "color": "yellow"
      },
      "geometry": {
        "type": "Point",
        "coordinates": [
          100.64229359900673,
          12.75800362520005
        ]
      }
    },
    {
      "type": "Feature",
      "properties": {
        "satellite": "NOAA 20 (JPSS-1)",
        "direction": "descending",
        "planning_method": "topocentric_elevation_access",
        "min_elevation_deg": 5.0,
        "tle_epoch_utc": "2026-08-23T05:52:54Z",
        "tle_age_hours": -275.07,
        "tle_quality": "medium",
        "aos_utc": "2026-08-11T18:48:58Z",
        "los_utc": "2026-08-11T19:01:51Z",
        "tca_utc": "2026-08-11T18:55:30Z",
        "max_elevation_utc": "2026-08-11T18:55:30Z",
        "duration_minutes": 12.88,
        "min_distance_km": 49.23,
        "max_elevation_deg": 86.63,
        "tca_azimuth_deg": 226.19,
        "tca_elevation_deg": 86.63,
        "tca_slant_range_km": 829.6,
        "closest_lon": 100.642294,
        "closest_lat": 12.758004,
        "aos_lon": 106.624064,
        "aos_lat": 35.610295,
        "aos_azimuth_deg": 11.83,
        "los_lon": 95.564241,
        "los_lat": -9.516451,
        "los_azimuth_deg": 193.56,
        "confidence": "medium",
        "aoi_covered": true,
        "aoi_points_inside": 1,
        "reference_swath_file": "swath_jpss.geojson",
        "reference_swath_source_count": 20,
        "reference_swath_station_inside_count": 5,
        "reference_swath_buffer_intersects_count": 20,
        "reference_swath_satellites": "JPSS-1 (NOAA-20)",
        "reference_swath_sensors": "VIIRS",
        "reference_swath_time_min": "2026-06-17T06:52:26Z",
        "reference_swath_time_max": "2026-06-22T06:58:49.5Z",
        "reference_swath_note": "sample footprint only; not time-matched to this planning pass",
        "type": "los",
        "color": "green"
      },
      "geometry": {
        "type": "Point",
        "coordinates": [
          95.56424055391642,
          -9.516450579201114
        ]
      }
    },
    {
      "type": "Feature",
      "properties": {
        "satellite": "NOAA 21 (JPSS-2)",
        "direction": "descending",
        "planning_method": "topocentric_elevation_access",
        "min_elevation_deg": 5.0,
        "tle_epoch_utc": "2026-08-23T06:38:31Z",
        "tle_age_hours": -275.06,
        "tle_quality": "medium",
        "aos_utc": "2026-08-11T19:34:55Z",
        "los_utc": "2026-08-11T19:45:57Z",
        "tca_utc": "2026-08-11T19:40:30Z",
        "max_elevation_utc": "2026-08-11T19:40:30Z",
        "duration_minutes": 11.03,
        "min_distance_km": 1344.21,
        "max_elevation_deg": 23.88,
        "tca_azimuth_deg": 284.68,
        "tca_elevation_deg": 23.88,
        "tca_slant_range_km": 1652.9,
        "closest_lon": 88.755815,
        "closest_lat": 15.79154,
        "aos_lon": 93.899475,
        "aos_lat": 35.311688,
        "aos_azimuth_deg": 345.28,
        "los_lon": 84.397925,
        "los_lat": -3.327798,
        "los_azimuth_deg": 226.24,
        "confidence": "medium",
        "aoi_covered": false,
        "aoi_points_inside": 0,
        "reference_swath_file": "swath_jpss.geojson",
        "reference_swath_source_count": 20,
        "reference_swath_station_inside_count": 5,
        "reference_swath_buffer_intersects_count": 20,
        "reference_swath_satellites": "JPSS-1 (NOAA-20)",
        "reference_swath_sensors": "VIIRS",
        "reference_swath_time_min": "2026-06-17T06:52:26Z",
        "reference_swath_time_max": "2026-06-22T06:58:49.5Z",
        "reference_swath_note": "sample footprint only; not time-matched to this planning pass",
        "type": "visible_track"
      },
      "geometry": {
        "type": "LineString",
        "coordinates": [
          [
            93.89947479870801,
            35.311688059575076
          ],
          [
            93.81567881032402,
            35.038528313434604
          ],
          [
            93.29768863303877,
            33.292738981883794
          ],
          [
            92.79514672310552,
            31.545857177146274
          ],
          [
            92.30650669787508,
            29.798005327826186
          ],
          [
            91.8303806952182,
            28.049293375677653
          ],
          [
            91.36551776769608,
            26.299820532402673
          ],
          [
            90.9107848334591,
            24.54967676405338
          ],
          [
            90.46515058509135,
            22.798944052495028
          ],
          [
            90.02767169893389,
            21.047697473603918
          ],
          [
            89.5974809446152,
            19.29600612393927
          ],
          [
            89.17377687741418,
            17.543933922474736
          ],
          [
            88.75581483749943,
            15.791540308237588
          ],
          [
            88.34289904263562,
            14.038880851767859
          ],
          [
            87.9343755879479,
            12.286007795017538
          ],
          [
            87.5296261990485,
            10.53297053172973
          ],
          [
            87.12806260807633,
            8.779816038982988
          ],
          [
            86.72912144098012,
            7.026589268399801
          ],
          [
            86.33225951954296,
            5.27333350499791
          ],
          [
            85.9369494938872,
            3.5200907000460604
          ],
          [
            85.54267572726769,
            1.7669017840612748
          ],
          [
            85.14893037170918,
            0.01380696539412181
          ],
          [
            84.75520956174023,
            -1.7391539808520529
          ],
          [
            84.39792543961727,
            -3.327797566592606
          ]
        ]
      }
    },
    {
      "type": "Feature",
      "properties": {
        "satellite": "NOAA 21 (JPSS-2)",
        "direction": "descending",
        "planning_method": "topocentric_elevation_access",
        "min_elevation_deg": 5.0,
        "tle_epoch_utc": "2026-08-23T06:38:31Z",
        "tle_age_hours": -275.06,
        "tle_quality": "medium",
        "aos_utc": "2026-08-11T19:34:55Z",
        "los_utc": "2026-08-11T19:45:57Z",
        "tca_utc": "2026-08-11T19:40:30Z",
        "max_elevation_utc": "2026-08-11T19:40:30Z",
        "duration_minutes": 11.03,
        "min_distance_km": 1344.21,
        "max_elevation_deg": 23.88,
        "tca_azimuth_deg": 284.68,
        "tca_elevation_deg": 23.88,
        "tca_slant_range_km": 1652.9,
        "closest_lon": 88.755815,
        "closest_lat": 15.79154,
        "aos_lon": 93.899475,
        "aos_lat": 35.311688,
        "aos_azimuth_deg": 345.28,
        "los_lon": 84.397925,
        "los_lat": -3.327798,
        "los_azimuth_deg": 226.24,
        "confidence": "medium",
        "aoi_covered": false,
        "aoi_points_inside": 0,
        "reference_swath_file": "swath_jpss.geojson",
        "reference_swath_source_count": 20,
        "reference_swath_station_inside_count": 5,
        "reference_swath_buffer_intersects_count": 20,
        "reference_swath_satellites": "JPSS-1 (NOAA-20)",
        "reference_swath_sensors": "VIIRS",
        "reference_swath_time_min": "2026-06-17T06:52:26Z",
        "reference_swath_time_max": "2026-06-22T06:58:49.5Z",
        "reference_swath_note": "sample footprint only; not time-matched to this planning pass",
        "type": "aos",
        "color": "cyan"
      },
      "geometry": {
        "type": "Point",
        "coordinates": [
          93.89947479870801,
          35.311688059575076
        ]
      }
    },
    {
      "type": "Feature",
      "properties": {
        "satellite": "NOAA 21 (JPSS-2)",
        "direction": "descending",
        "planning_method": "topocentric_elevation_access",
        "min_elevation_deg": 5.0,
        "tle_epoch_utc": "2026-08-23T06:38:31Z",
        "tle_age_hours": -275.06,
        "tle_quality": "medium",
        "aos_utc": "2026-08-11T19:34:55Z",
        "los_utc": "2026-08-11T19:45:57Z",
        "tca_utc": "2026-08-11T19:40:30Z",
        "max_elevation_utc": "2026-08-11T19:40:30Z",
        "duration_minutes": 11.03,
        "min_distance_km": 1344.21,
        "max_elevation_deg": 23.88,
        "tca_azimuth_deg": 284.68,
        "tca_elevation_deg": 23.88,
        "tca_slant_range_km": 1652.9,
        "closest_lon": 88.755815,
        "closest_lat": 15.79154,
        "aos_lon": 93.899475,
        "aos_lat": 35.311688,
        "aos_azimuth_deg": 345.28,
        "los_lon": 84.397925,
        "los_lat": -3.327798,
        "los_azimuth_deg": 226.24,
        "confidence": "medium",
        "aoi_covered": false,
        "aoi_points_inside": 0,
        "reference_swath_file": "swath_jpss.geojson",
        "reference_swath_source_count": 20,
        "reference_swath_station_inside_count": 5,
        "reference_swath_buffer_intersects_count": 20,
        "reference_swath_satellites": "JPSS-1 (NOAA-20)",
        "reference_swath_sensors": "VIIRS",
        "reference_swath_time_min": "2026-06-17T06:52:26Z",
        "reference_swath_time_max": "2026-06-22T06:58:49.5Z",
        "reference_swath_note": "sample footprint only; not time-matched to this planning pass",
        "type": "tca",
        "color": "yellow"
      },
      "geometry": {
        "type": "Point",
        "coordinates": [
          88.75581483749943,
          15.791540308237588
        ]
      }
    },
    {
      "type": "Feature",
      "properties": {
        "satellite": "NOAA 21 (JPSS-2)",
        "direction": "descending",
        "planning_method": "topocentric_elevation_access",
        "min_elevation_deg": 5.0,
        "tle_epoch_utc": "2026-08-23T06:38:31Z",
        "tle_age_hours": -275.06,
        "tle_quality": "medium",
        "aos_utc": "2026-08-11T19:34:55Z",
        "los_utc": "2026-08-11T19:45:57Z",
        "tca_utc": "2026-08-11T19:40:30Z",
        "max_elevation_utc": "2026-08-11T19:40:30Z",
        "duration_minutes": 11.03,
        "min_distance_km": 1344.21,
        "max_elevation_deg": 23.88,
        "tca_azimuth_deg": 284.68,
        "tca_elevation_deg": 23.88,
        "tca_slant_range_km": 1652.9,
        "closest_lon": 88.755815,
        "closest_lat": 15.79154,
        "aos_lon": 93.899475,
        "aos_lat": 35.311688,
        "aos_azimuth_deg": 345.28,
        "los_lon": 84.397925,
        "los_lat": -3.327798,
        "los_azimuth_deg": 226.24,
        "confidence": "medium",
        "aoi_covered": false,
        "aoi_points_inside": 0,
        "reference_swath_file": "swath_jpss.geojson",
        "reference_swath_source_count": 20,
        "reference_swath_station_inside_count": 5,
        "reference_swath_buffer_intersects_count": 20,
        "reference_swath_satellites": "JPSS-1 (NOAA-20)",
        "reference_swath_sensors": "VIIRS",
        "reference_swath_time_min": "2026-06-17T06:52:26Z",
        "reference_swath_time_max": "2026-06-22T06:58:49.5Z",
        "reference_swath_note": "sample footprint only; not time-matched to this planning pass",
        "type": "los",
        "color": "green"
      },
      "geometry": {
        "type": "Point",
        "coordinates": [
          84.39792543961727,
          -3.327797566592606
        ]
      }
    },
    {
      "type": "Feature",
      "properties": {
        "satellite": "SUOMI NPP",
        "direction": "descending",
        "planning_method": "topocentric_elevation_access",
        "min_elevation_deg": 5.0,
        "tle_epoch_utc": "2026-08-23T07:14:55Z",
        "tle_age_hours": -275.05,
        "tle_quality": "medium",
        "aos_utc": "2026-08-11T20:12:04Z",
        "los_utc": "2026-08-11T20:20:12Z",
        "tca_utc": "2026-08-11T20:16:00Z",
        "max_elevation_utc": "2026-08-11T20:16:00Z",
        "duration_minutes": 8.13,
        "min_distance_km": 2005.76,
        "max_elevation_deg": 11.94,
        "tca_azimuth_deg": 289.39,
        "tca_elevation_deg": 11.94,
        "tca_slant_range_km": 2283.1,
        "closest_lon": 82.982458,
        "closest_lat": 18.333249,
        "aos_lon": 86.593238,
        "aos_lat": 32.077238,
        "aos_azimuth_deg": 327.72,
        "los_lon": 79.548524,
        "los_lat": 3.597287,
        "los_azimuth_deg": 247.87,
        "confidence": "medium",
        "aoi_covered": false,
        "aoi_points_inside": 0,
        "reference_swath_file": "swath_jpss.geojson",
        "reference_swath_source_count": 20,
        "reference_swath_station_inside_count": 5,
        "reference_swath_buffer_intersects_count": 20,
        "reference_swath_satellites": "JPSS-1 (NOAA-20)",
        "reference_swath_sensors": "VIIRS",
        "reference_swath_time_min": "2026-06-17T06:52:26Z",
        "reference_swath_time_max": "2026-06-22T06:58:49.5Z",
        "reference_swath_note": "sample footprint only; not time-matched to this planning pass",
        "type": "visible_track"
      },
      "geometry": {
        "type": "LineString",
        "coordinates": [
          [
            86.59323754468625,
            32.0772378210004
          ],
          [
            86.16821320258373,
            30.587819728939454
          ],
          [
            85.68277254941148,
            28.83926282401863
          ],
          [
            85.20926828976701,
            27.089859361303947
          ],
          [
            84.74650388556432,
            25.339706074774448
          ],
          [
            84.29339260106713,
            23.58889101326051
          ],
          [
            83.84894258938613,
            21.83749472022983
          ],
          [
            83.41224406439903,
            20.08559124525548
          ],
          [
            82.98245820690039,
            18.33324901633512
          ],
          [
            82.55880750871194,
            16.580531596902706
          ],
          [
            82.14056731318936,
            14.827498347124767
          ],
          [
            81.72705835114976,
            13.074205005644702
          ],
          [
            81.31764010410933,
            11.320704205367445
          ],
          [
            80.91170485302825,
            9.567045934671478
          ],
          [
            80.5086722922938,
            7.813277953701068
          ],
          [
            80.10798460224385,
            6.059446174048879
          ],
          [
            79.70910189667245,
            4.305595009127893
          ],
          [
            79.54852389903004,
            3.597286945786767
          ]
        ]
      }
    },
    {
      "type": "Feature",
      "properties": {
        "satellite": "SUOMI NPP",
        "direction": "descending",
        "planning_method": "topocentric_elevation_access",
        "min_elevation_deg": 5.0,
        "tle_epoch_utc": "2026-08-23T07:14:55Z",
        "tle_age_hours": -275.05,
        "tle_quality": "medium",
        "aos_utc": "2026-08-11T20:12:04Z",
        "los_utc": "2026-08-11T20:20:12Z",
        "tca_utc": "2026-08-11T20:16:00Z",
        "max_elevation_utc": "2026-08-11T20:16:00Z",
        "duration_minutes": 8.13,
        "min_distance_km": 2005.76,
        "max_elevation_deg": 11.94,
        "tca_azimuth_deg": 289.39,
        "tca_elevation_deg": 11.94,
        "tca_slant_range_km": 2283.1,
        "closest_lon": 82.982458,
        "closest_lat": 18.333249,
        "aos_lon": 86.593238,
        "aos_lat": 32.077238,
        "aos_azimuth_deg": 327.72,
        "los_lon": 79.548524,
        "los_lat": 3.597287,
        "los_azimuth_deg": 247.87,
        "confidence": "medium",
        "aoi_covered": false,
        "aoi_points_inside": 0,
        "reference_swath_file": "swath_jpss.geojson",
        "reference_swath_source_count": 20,
        "reference_swath_station_inside_count": 5,
        "reference_swath_buffer_intersects_count": 20,
        "reference_swath_satellites": "JPSS-1 (NOAA-20)",
        "reference_swath_sensors": "VIIRS",
        "reference_swath_time_min": "2026-06-17T06:52:26Z",
        "reference_swath_time_max": "2026-06-22T06:58:49.5Z",
        "reference_swath_note": "sample footprint only; not time-matched to this planning pass",
        "type": "aos",
        "color": "cyan"
      },
      "geometry": {
        "type": "Point",
        "coordinates": [
          86.59323754468625,
          32.0772378210004
        ]
      }
    },
    {
      "type": "Feature",
      "properties": {
        "satellite": "SUOMI NPP",
        "direction": "descending",
        "planning_method": "topocentric_elevation_access",
        "min_elevation_deg": 5.0,
        "tle_epoch_utc": "2026-08-23T07:14:55Z",
        "tle_age_hours": -275.05,
        "tle_quality": "medium",
        "aos_utc": "2026-08-11T20:12:04Z",
        "los_utc": "2026-08-11T20:20:12Z",
        "tca_utc": "2026-08-11T20:16:00Z",
        "max_elevation_utc": "2026-08-11T20:16:00Z",
        "duration_minutes": 8.13,
        "min_distance_km": 2005.76,
        "max_elevation_deg": 11.94,
        "tca_azimuth_deg": 289.39,
        "tca_elevation_deg": 11.94,
        "tca_slant_range_km": 2283.1,
        "closest_lon": 82.982458,
        "closest_lat": 18.333249,
        "aos_lon": 86.593238,
        "aos_lat": 32.077238,
        "aos_azimuth_deg": 327.72,
        "los_lon": 79.548524,
        "los_lat": 3.597287,
        "los_azimuth_deg": 247.87,
        "confidence": "medium",
        "aoi_covered": false,
        "aoi_points_inside": 0,
        "reference_swath_file": "swath_jpss.geojson",
        "reference_swath_source_count": 20,
        "reference_swath_station_inside_count": 5,
        "reference_swath_buffer_intersects_count": 20,
        "reference_swath_satellites": "JPSS-1 (NOAA-20)",
        "reference_swath_sensors": "VIIRS",
        "reference_swath_time_min": "2026-06-17T06:52:26Z",
        "reference_swath_time_max": "2026-06-22T06:58:49.5Z",
        "reference_swath_note": "sample footprint only; not time-matched to this planning pass",
        "type": "tca",
        "color": "yellow"
      },
      "geometry": {
        "type": "Point",
        "coordinates": [
          82.98245820690039,
          18.33324901633512
        ]
      }
    },
    {
      "type": "Feature",
      "properties": {
        "satellite": "SUOMI NPP",
        "direction": "descending",
        "planning_method": "topocentric_elevation_access",
        "min_elevation_deg": 5.0,
        "tle_epoch_utc": "2026-08-23T07:14:55Z",
        "tle_age_hours": -275.05,
        "tle_quality": "medium",
        "aos_utc": "2026-08-11T20:12:04Z",
        "los_utc": "2026-08-11T20:20:12Z",
        "tca_utc": "2026-08-11T20:16:00Z",
        "max_elevation_utc": "2026-08-11T20:16:00Z",
        "duration_minutes": 8.13,
        "min_distance_km": 2005.76,
        "max_elevation_deg": 11.94,
        "tca_azimuth_deg": 289.39,
        "tca_elevation_deg": 11.94,
        "tca_slant_range_km": 2283.1,
        "closest_lon": 82.982458,
        "closest_lat": 18.333249,
        "aos_lon": 86.593238,
        "aos_lat": 32.077238,
        "aos_azimuth_deg": 327.72,
        "los_lon": 79.548524,
        "los_lat": 3.597287,
        "los_azimuth_deg": 247.87,
        "confidence": "medium",
        "aoi_covered": false,
        "aoi_points_inside": 0,
        "reference_swath_file": "swath_jpss.geojson",
        "reference_swath_source_count": 20,
        "reference_swath_station_inside_count": 5,
        "reference_swath_buffer_intersects_count": 20,
        "reference_swath_satellites": "JPSS-1 (NOAA-20)",
        "reference_swath_sensors": "VIIRS",
        "reference_swath_time_min": "2026-06-17T06:52:26Z",
        "reference_swath_time_max": "2026-06-22T06:58:49.5Z",
        "reference_swath_note": "sample footprint only; not time-matched to this planning pass",
        "type": "los",
        "color": "green"
      },
      "geometry": {
        "type": "Point",
        "coordinates": [
          79.54852389903004,
          3.597286945786767
        ]
      }
    },
    {
      "type": "Feature",
      "properties": {
        "satellite": "NOAA 21 (JPSS-2)",
        "direction": "ascending",
        "planning_method": "topocentric_elevation_access",
        "min_elevation_deg": 5.0,
        "tle_epoch_utc": "2026-08-23T06:38:31Z",
        "tle_age_hours": -265.55,
        "tle_quality": "medium",
        "aos_utc": "2026-08-12T05:05:30Z",
        "los_utc": "2026-08-12T05:11:44Z",
        "tca_utc": "2026-08-12T05:08:30Z",
        "max_elevation_utc": "2026-08-12T05:08:30Z",
        "duration_minutes": 6.23,
        "min_distance_km": 2260.32,
        "max_elevation_deg": 8.59,
        "tca_azimuth_deg": 72.78,
        "tca_elevation_deg": 8.59,
        "tca_slant_range_km": 2533.85,
        "closest_lon": 121.390438,
        "closest_lat": 18.154478,
        "aos_lon": 123.837761,
        "aos_lat": 7.660649,
        "aos_azimuth_deg": 101.11,
        "los_lon": 118.491103,
        "los_lat": 29.479076,
        "los_azimuth_deg": 41.96,
        "confidence": "medium",
        "aoi_covered": false,
        "aoi_points_inside": 0,
        "reference_swath_file": "swath_jpss.geojson",
        "reference_swath_source_count": 20,
        "reference_swath_station_inside_count": 5,
        "reference_swath_buffer_intersects_count": 20,
        "reference_swath_satellites": "JPSS-1 (NOAA-20)",
        "reference_swath_sensors": "VIIRS",
        "reference_swath_time_min": "2026-06-17T06:52:26Z",
        "reference_swath_time_max": "2026-06-22T06:58:49.5Z",
        "reference_swath_note": "sample footprint only; not time-matched to this planning pass",
        "type": "visible_track"
      },
      "geometry": {
        "type": "LineString",
        "coordinates": [
          [
            123.83776118237341,
            7.660648954225577
          ],
          [
            123.44397372086519,
            9.387730139441121
          ],
          [
            123.041274128096,
            11.14145382963252
          ],
          [
            122.63518592167384,
            12.89504020495836
          ],
          [
            122.22511052116499,
            14.64844087057568
          ],
          [
            121.81041741796219,
            16.401604871773117
          ],
          [
            121.3904383440605,
            18.15447824658884
          ],
          [
            120.96446076940072,
            19.907003525888125
          ],
          [
            120.53172042829084,
            21.659119170049326
          ],
          [
            120.0913937168545,
            23.410758929023725
          ],
          [
            119.64258724457687,
            25.16185111027081
          ],
          [
            119.18432766631014,
            26.912317735735108
          ],
          [
            118.71554898750634,
            28.662073564874063
          ],
          [
            118.49110256968726,
            29.47907581284144
          ]
        ]
      }
    },
    {
      "type": "Feature",
      "properties": {
        "satellite": "NOAA 21 (JPSS-2)",
        "direction": "ascending",
        "planning_method": "topocentric_elevation_access",
        "min_elevation_deg": 5.0,
        "tle_epoch_utc": "2026-08-23T06:38:31Z",
        "tle_age_hours": -265.55,
        "tle_quality": "medium",
        "aos_utc": "2026-08-12T05:05:30Z",
        "los_utc": "2026-08-12T05:11:44Z",
        "tca_utc": "2026-08-12T05:08:30Z",
        "max_elevation_utc": "2026-08-12T05:08:30Z",
        "duration_minutes": 6.23,
        "min_distance_km": 2260.32,
        "max_elevation_deg": 8.59,
        "tca_azimuth_deg": 72.78,
        "tca_elevation_deg": 8.59,
        "tca_slant_range_km": 2533.85,
        "closest_lon": 121.390438,
        "closest_lat": 18.154478,
        "aos_lon": 123.837761,
        "aos_lat": 7.660649,
        "aos_azimuth_deg": 101.11,
        "los_lon": 118.491103,
        "los_lat": 29.479076,
        "los_azimuth_deg": 41.96,
        "confidence": "medium",
        "aoi_covered": false,
        "aoi_points_inside": 0,
        "reference_swath_file": "swath_jpss.geojson",
        "reference_swath_source_count": 20,
        "reference_swath_station_inside_count": 5,
        "reference_swath_buffer_intersects_count": 20,
        "reference_swath_satellites": "JPSS-1 (NOAA-20)",
        "reference_swath_sensors": "VIIRS",
        "reference_swath_time_min": "2026-06-17T06:52:26Z",
        "reference_swath_time_max": "2026-06-22T06:58:49.5Z",
        "reference_swath_note": "sample footprint only; not time-matched to this planning pass",
        "type": "aos",
        "color": "cyan"
      },
      "geometry": {
        "type": "Point",
        "coordinates": [
          123.83776118237341,
          7.660648954225577
        ]
      }
    },
    {
      "type": "Feature",
      "properties": {
        "satellite": "NOAA 21 (JPSS-2)",
        "direction": "ascending",
        "planning_method": "topocentric_elevation_access",
        "min_elevation_deg": 5.0,
        "tle_epoch_utc": "2026-08-23T06:38:31Z",
        "tle_age_hours": -265.55,
        "tle_quality": "medium",
        "aos_utc": "2026-08-12T05:05:30Z",
        "los_utc": "2026-08-12T05:11:44Z",
        "tca_utc": "2026-08-12T05:08:30Z",
        "max_elevation_utc": "2026-08-12T05:08:30Z",
        "duration_minutes": 6.23,
        "min_distance_km": 2260.32,
        "max_elevation_deg": 8.59,
        "tca_azimuth_deg": 72.78,
        "tca_elevation_deg": 8.59,
        "tca_slant_range_km": 2533.85,
        "closest_lon": 121.390438,
        "closest_lat": 18.154478,
        "aos_lon": 123.837761,
        "aos_lat": 7.660649,
        "aos_azimuth_deg": 101.11,
        "los_lon": 118.491103,
        "los_lat": 29.479076,
        "los_azimuth_deg": 41.96,
        "confidence": "medium",
        "aoi_covered": false,
        "aoi_points_inside": 0,
        "reference_swath_file": "swath_jpss.geojson",
        "reference_swath_source_count": 20,
        "reference_swath_station_inside_count": 5,
        "reference_swath_buffer_intersects_count": 20,
        "reference_swath_satellites": "JPSS-1 (NOAA-20)",
        "reference_swath_sensors": "VIIRS",
        "reference_swath_time_min": "2026-06-17T06:52:26Z",
        "reference_swath_time_max": "2026-06-22T06:58:49.5Z",
        "reference_swath_note": "sample footprint only; not time-matched to this planning pass",
        "type": "tca",
        "color": "yellow"
      },
      "geometry": {
        "type": "Point",
        "coordinates": [
          121.3904383440605,
          18.15447824658884
        ]
      }
    },
    {
      "type": "Feature",
      "properties": {
        "satellite": "NOAA 21 (JPSS-2)",
        "direction": "ascending",
        "planning_method": "topocentric_elevation_access",
        "min_elevation_deg": 5.0,
        "tle_epoch_utc": "2026-08-23T06:38:31Z",
        "tle_age_hours": -265.55,
        "tle_quality": "medium",
        "aos_utc": "2026-08-12T05:05:30Z",
        "los_utc": "2026-08-12T05:11:44Z",
        "tca_utc": "2026-08-12T05:08:30Z",
        "max_elevation_utc": "2026-08-12T05:08:30Z",
        "duration_minutes": 6.23,
        "min_distance_km": 2260.32,
        "max_elevation_deg": 8.59,
        "tca_azimuth_deg": 72.78,
        "tca_elevation_deg": 8.59,
        "tca_slant_range_km": 2533.85,
        "closest_lon": 121.390438,
        "closest_lat": 18.154478,
        "aos_lon": 123.837761,
        "aos_lat": 7.660649,
        "aos_azimuth_deg": 101.11,
        "los_lon": 118.491103,
        "los_lat": 29.479076,
        "los_azimuth_deg": 41.96,
        "confidence": "medium",
        "aoi_covered": false,
        "aoi_points_inside": 0,
        "reference_swath_file": "swath_jpss.geojson",
        "reference_swath_source_count": 20,
        "reference_swath_station_inside_count": 5,
        "reference_swath_buffer_intersects_count": 20,
        "reference_swath_satellites": "JPSS-1 (NOAA-20)",
        "reference_swath_sensors": "VIIRS",
        "reference_swath_time_min": "2026-06-17T06:52:26Z",
        "reference_swath_time_max": "2026-06-22T06:58:49.5Z",
        "reference_swath_note": "sample footprint only; not time-matched to this planning pass",
        "type": "los",
        "color": "green"
      },
      "geometry": {
        "type": "Point",
        "coordinates": [
          118.49110256968726,
          29.47907581284144
        ]
      }
    },
    {
      "type": "Feature",
      "properties": {
        "satellite": "SUOMI NPP",
        "direction": "ascending",
        "planning_method": "topocentric_elevation_access",
        "min_elevation_deg": 5.0,
        "tle_epoch_utc": "2026-08-23T07:14:55Z",
        "tle_age_hours": -265.6,
        "tle_quality": "medium",
        "aos_utc": "2026-08-12T05:39:13Z",
        "los_utc": "2026-08-12T05:49:24Z",
        "tca_utc": "2026-08-12T05:44:30Z",
        "max_elevation_utc": "2026-08-12T05:44:30Z",
        "duration_minutes": 10.19,
        "min_distance_km": 1596.15,
        "max_elevation_deg": 18.67,
        "tca_azimuth_deg": 70.72,
        "tca_elevation_deg": 18.67,
        "tca_slant_range_km": 1889.15,
        "closest_lon": 115.146052,
        "closest_lat": 17.348649,
        "aos_lon": 119.419286,
        "aos_lat": -1.160653,
        "aos_azimuth_deg": 126.31,
        "los_lon": 110.582539,
        "los_lat": 34.497862,
        "los_azimuth_deg": 20.57,
        "confidence": "medium",
        "aoi_covered": false,
        "aoi_points_inside": 0,
        "reference_swath_file": "swath_jpss.geojson",
        "reference_swath_source_count": 20,
        "reference_swath_station_inside_count": 5,
        "reference_swath_buffer_intersects_count": 20,
        "reference_swath_satellites": "JPSS-1 (NOAA-20)",
        "reference_swath_sensors": "VIIRS",
        "reference_swath_time_min": "2026-06-17T06:52:26Z",
        "reference_swath_time_max": "2026-06-22T06:58:49.5Z",
        "reference_swath_note": "sample footprint only; not time-matched to this planning pass",
        "type": "visible_track"
      },
      "geometry": {
        "type": "LineString",
        "coordinates": [
          [
            119.41928588127678,
            -1.1606530676692737
          ],
          [
            119.1956110269283,
            -0.17211663215829992
          ],
          [
            118.7992086039099,
            1.580057897867011
          ],
          [
            118.40232808657811,
            3.3323235718060573
          ],
          [
            118.00445763504302,
            5.084639931933692
          ],
          [
            117.60507798268884,
            6.8369658256204255
          ],
          [
            117.20365849445915,
            8.589259102006485
          ],
          [
            116.79965304542753,
            10.34147629436119
          ],
          [
            116.39249564858551,
            12.093572283012534
          ],
          [
            115.98159559576203,
            13.845499932523303
          ],
          [
            115.56633302691586,
            15.597209696563883
          ],
          [
            115.14605231754581,
            17.348649182928593
          ],
          [
            114.7200565331479,
            19.099762669539448
          ],
          [
            114.28760030064552,
            20.85049056151442
          ],
          [
            113.84788195342043,
            22.60076877673204
          ],
          [
            113.40003460086791,
            24.350528045537917
          ],
          [
            112.94311590552473,
            26.099693106817433
          ],
          [
            112.4760963060753,
            27.84818177947579
          ],
          [
            111.99784536474124,
            29.59590388332015
          ],
          [
            111.50711585606615,
            31.34275997735317
          ],
          [
            111.00252510749027,
            33.08863987660932
          ],
          [
            110.58253854627696,
            34.49786239421726
          ]
        ]
      }
    },
    {
      "type": "Feature",
      "properties": {
        "satellite": "SUOMI NPP",
        "direction": "ascending",
        "planning_method": "topocentric_elevation_access",
        "min_elevation_deg": 5.0,
        "tle_epoch_utc": "2026-08-23T07:14:55Z",
        "tle_age_hours": -265.6,
        "tle_quality": "medium",
        "aos_utc": "2026-08-12T05:39:13Z",
        "los_utc": "2026-08-12T05:49:24Z",
        "tca_utc": "2026-08-12T05:44:30Z",
        "max_elevation_utc": "2026-08-12T05:44:30Z",
        "duration_minutes": 10.19,
        "min_distance_km": 1596.15,
        "max_elevation_deg": 18.67,
        "tca_azimuth_deg": 70.72,
        "tca_elevation_deg": 18.67,
        "tca_slant_range_km": 1889.15,
        "closest_lon": 115.146052,
        "closest_lat": 17.348649,
        "aos_lon": 119.419286,
        "aos_lat": -1.160653,
        "aos_azimuth_deg": 126.31,
        "los_lon": 110.582539,
        "los_lat": 34.497862,
        "los_azimuth_deg": 20.57,
        "confidence": "medium",
        "aoi_covered": false,
        "aoi_points_inside": 0,
        "reference_swath_file": "swath_jpss.geojson",
        "reference_swath_source_count": 20,
        "reference_swath_station_inside_count": 5,
        "reference_swath_buffer_intersects_count": 20,
        "reference_swath_satellites": "JPSS-1 (NOAA-20)",
        "reference_swath_sensors": "VIIRS",
        "reference_swath_time_min": "2026-06-17T06:52:26Z",
        "reference_swath_time_max": "2026-06-22T06:58:49.5Z",
        "reference_swath_note": "sample footprint only; not time-matched to this planning pass",
        "type": "aos",
        "color": "cyan"
      },
      "geometry": {
        "type": "Point",
        "coordinates": [
          119.41928588127678,
          -1.1606530676692737
        ]
      }
    },
    {
      "type": "Feature",
      "properties": {
        "satellite": "SUOMI NPP",
        "direction": "ascending",
        "planning_method": "topocentric_elevation_access",
        "min_elevation_deg": 5.0,
        "tle_epoch_utc": "2026-08-23T07:14:55Z",
        "tle_age_hours": -265.6,
        "tle_quality": "medium",
        "aos_utc": "2026-08-12T05:39:13Z",
        "los_utc": "2026-08-12T05:49:24Z",
        "tca_utc": "2026-08-12T05:44:30Z",
        "max_elevation_utc": "2026-08-12T05:44:30Z",
        "duration_minutes": 10.19,
        "min_distance_km": 1596.15,
        "max_elevation_deg": 18.67,
        "tca_azimuth_deg": 70.72,
        "tca_elevation_deg": 18.67,
        "tca_slant_range_km": 1889.15,
        "closest_lon": 115.146052,
        "closest_lat": 17.348649,
        "aos_lon": 119.419286,
        "aos_lat": -1.160653,
        "aos_azimuth_deg": 126.31,
        "los_lon": 110.582539,
        "los_lat": 34.497862,
        "los_azimuth_deg": 20.57,
        "confidence": "medium",
        "aoi_covered": false,
        "aoi_points_inside": 0,
        "reference_swath_file": "swath_jpss.geojson",
        "reference_swath_source_count": 20,
        "reference_swath_station_inside_count": 5,
        "reference_swath_buffer_intersects_count": 20,
        "reference_swath_satellites": "JPSS-1 (NOAA-20)",
        "reference_swath_sensors": "VIIRS",
        "reference_swath_time_min": "2026-06-17T06:52:26Z",
        "reference_swath_time_max": "2026-06-22T06:58:49.5Z",
        "reference_swath_note": "sample footprint only; not time-matched to this planning pass",
        "type": "tca",
        "color": "yellow"
      },
      "geometry": {
        "type": "Point",
        "coordinates": [
          115.14605231754581,
          17.348649182928593
        ]
      }
    },
    {
      "type": "Feature",
      "properties": {
        "satellite": "SUOMI NPP",
        "direction": "ascending",
        "planning_method": "topocentric_elevation_access",
        "min_elevation_deg": 5.0,
        "tle_epoch_utc": "2026-08-23T07:14:55Z",
        "tle_age_hours": -265.6,
        "tle_quality": "medium",
        "aos_utc": "2026-08-12T05:39:13Z",
        "los_utc": "2026-08-12T05:49:24Z",
        "tca_utc": "2026-08-12T05:44:30Z",
        "max_elevation_utc": "2026-08-12T05:44:30Z",
        "duration_minutes": 10.19,
        "min_distance_km": 1596.15,
        "max_elevation_deg": 18.67,
        "tca_azimuth_deg": 70.72,
        "tca_elevation_deg": 18.67,
        "tca_slant_range_km": 1889.15,
        "closest_lon": 115.146052,
        "closest_lat": 17.348649,
        "aos_lon": 119.419286,
        "aos_lat": -1.160653,
        "aos_azimuth_deg": 126.31,
        "los_lon": 110.582539,
        "los_lat": 34.497862,
        "los_azimuth_deg": 20.57,
        "confidence": "medium",
        "aoi_covered": false,
        "aoi_points_inside": 0,
        "reference_swath_file": "swath_jpss.geojson",
        "reference_swath_source_count": 20,
        "reference_swath_station_inside_count": 5,
        "reference_swath_buffer_intersects_count": 20,
        "reference_swath_satellites": "JPSS-1 (NOAA-20)",
        "reference_swath_sensors": "VIIRS",
        "reference_swath_time_min": "2026-06-17T06:52:26Z",
        "reference_swath_time_max": "2026-06-22T06:58:49.5Z",
        "reference_swath_note": "sample footprint only; not time-matched to this planning pass",
        "type": "los",
        "color": "green"
      },
      "geometry": {
        "type": "Point",
        "coordinates": [
          110.58253854627696,
          34.49786239421726
        ]
      }
    },
    {
      "type": "Feature",
      "properties": {
        "satellite": "NOAA 20 (JPSS-1)",
        "direction": "ascending",
        "planning_method": "topocentric_elevation_access",
        "min_elevation_deg": 5.0,
        "tle_epoch_utc": "2026-08-23T05:52:54Z",
        "tle_age_hours": -263.93,
        "tle_quality": "medium",
        "aos_utc": "2026-08-12T05:57:13Z",
        "los_utc": "2026-08-12T06:09:16Z",
        "tca_utc": "2026-08-12T06:03:30Z",
        "max_elevation_utc": "2026-08-12T06:03:30Z",
        "duration_minutes": 12.03,
        "min_distance_km": 934.57,
        "max_elevation_deg": 35.42,
        "tca_azimuth_deg": 69.1,
        "tca_elevation_deg": 35.42,
        "tca_slant_range_km": 1296.51,
        "closest_lon": 109.117213,
        "closest_lat": 15.897416,
        "aos_lon": 114.148709,
        "aos_lat": -6.072564,
        "aos_azimuth_deg": 144.67,
        "los_lon": 103.732787,
        "los_lat": 36.069921,
        "los_azimuth_deg": 5.8,
        "confidence": "medium",
        "aoi_covered": false,
        "aoi_points_inside": 0,
        "reference_swath_file": "swath_jpss.geojson",
        "reference_swath_source_count": 20,
        "reference_swath_station_inside_count": 5,
        "reference_swath_buffer_intersects_count": 20,
        "reference_swath_satellites": "JPSS-1 (NOAA-20)",
        "reference_swath_sensors": "VIIRS",
        "reference_swath_time_min": "2026-06-17T06:52:26Z",
        "reference_swath_time_max": "2026-06-22T06:58:49.5Z",
        "reference_swath_note": "sample footprint only; not time-matched to this planning pass",
        "type": "visible_track"
      },
      "geometry": {
        "type": "LineString",
        "coordinates": [
          [
            114.14870875406564,
            -6.072564142951816
          ],
          [
            113.9352813993217,
            -5.134910402891632
          ],
          [
            113.53796378894418,
            -3.3826148781587277
          ],
          [
            113.1416085504568,
            -1.6301095211062528
          ],
          [
            112.74570492401489,
            0.1225652236052653
          ],
          [
            112.34974543986652,
            1.8753690349507823
          ],
          [
            111.95322215562607,
            3.6282614272386007
          ],
          [
            111.55562288529626,
            5.381201461110362
          ],
          [
            111.15642736155951,
            7.134147449629062
          ],
          [
            110.75510327075114,
            8.887056654228127
          ],
          [
            110.35110209642068,
            10.639884965670843
          ],
          [
            109.94385470225393,
            12.392586564471216
          ],
          [
            109.53276657843611,
            14.145113554637268
          ],
          [
            109.1172126628129,
            15.897415563998353
          ],
          [
            108.69653164588965,
            17.64943930320943
          ],
          [
            108.2700196370526,
            19.40112807441021
          ],
          [
            107.83692306644377,
            21.152421218982038
          ],
          [
            107.39643066311311,
            22.903253491739015
          ],
          [
            106.94766415517881,
            24.653554346620016
          ],
          [
            106.48966847652002,
            26.40324711569197
          ],
          [
            106.02139868734855,
            28.152248059777015
          ],
          [
            105.54170664079413,
            29.90046526364757
          ],
          [
            105.04932447008548,
            31.647797343133444
          ],
          [
            104.5428454038456,
            33.39413192321856
          ],
          [
            104.02070113025911,
            35.139343836712555
          ],
          [
            103.73278692403744,
            36.069920534398385
          ]
        ]
      }
    },
    {
      "type": "Feature",
      "properties": {
        "satellite": "NOAA 20 (JPSS-1)",
        "direction": "ascending",
        "planning_method": "topocentric_elevation_access",
        "min_elevation_deg": 5.0,
        "tle_epoch_utc": "2026-08-23T05:52:54Z",
        "tle_age_hours": -263.93,
        "tle_quality": "medium",
        "aos_utc": "2026-08-12T05:57:13Z",
        "los_utc": "2026-08-12T06:09:16Z",
        "tca_utc": "2026-08-12T06:03:30Z",
        "max_elevation_utc": "2026-08-12T06:03:30Z",
        "duration_minutes": 12.03,
        "min_distance_km": 934.57,
        "max_elevation_deg": 35.42,
        "tca_azimuth_deg": 69.1,
        "tca_elevation_deg": 35.42,
        "tca_slant_range_km": 1296.51,
        "closest_lon": 109.117213,
        "closest_lat": 15.897416,
        "aos_lon": 114.148709,
        "aos_lat": -6.072564,
        "aos_azimuth_deg": 144.67,
        "los_lon": 103.732787,
        "los_lat": 36.069921,
        "los_azimuth_deg": 5.8,
        "confidence": "medium",
        "aoi_covered": false,
        "aoi_points_inside": 0,
        "reference_swath_file": "swath_jpss.geojson",
        "reference_swath_source_count": 20,
        "reference_swath_station_inside_count": 5,
        "reference_swath_buffer_intersects_count": 20,
        "reference_swath_satellites": "JPSS-1 (NOAA-20)",
        "reference_swath_sensors": "VIIRS",
        "reference_swath_time_min": "2026-06-17T06:52:26Z",
        "reference_swath_time_max": "2026-06-22T06:58:49.5Z",
        "reference_swath_note": "sample footprint only; not time-matched to this planning pass",
        "type": "aos",
        "color": "cyan"
      },
      "geometry": {
        "type": "Point",
        "coordinates": [
          114.14870875406564,
          -6.072564142951816
        ]
      }
    },
    {
      "type": "Feature",
      "properties": {
        "satellite": "NOAA 20 (JPSS-1)",
        "direction": "ascending",
        "planning_method": "topocentric_elevation_access",
        "min_elevation_deg": 5.0,
        "tle_epoch_utc": "2026-08-23T05:52:54Z",
        "tle_age_hours": -263.93,
        "tle_quality": "medium",
        "aos_utc": "2026-08-12T05:57:13Z",
        "los_utc": "2026-08-12T06:09:16Z",
        "tca_utc": "2026-08-12T06:03:30Z",
        "max_elevation_utc": "2026-08-12T06:03:30Z",
        "duration_minutes": 12.03,
        "min_distance_km": 934.57,
        "max_elevation_deg": 35.42,
        "tca_azimuth_deg": 69.1,
        "tca_elevation_deg": 35.42,
        "tca_slant_range_km": 1296.51,
        "closest_lon": 109.117213,
        "closest_lat": 15.897416,
        "aos_lon": 114.148709,
        "aos_lat": -6.072564,
        "aos_azimuth_deg": 144.67,
        "los_lon": 103.732787,
        "los_lat": 36.069921,
        "los_azimuth_deg": 5.8,
        "confidence": "medium",
        "aoi_covered": false,
        "aoi_points_inside": 0,
        "reference_swath_file": "swath_jpss.geojson",
        "reference_swath_source_count": 20,
        "reference_swath_station_inside_count": 5,
        "reference_swath_buffer_intersects_count": 20,
        "reference_swath_satellites": "JPSS-1 (NOAA-20)",
        "reference_swath_sensors": "VIIRS",
        "reference_swath_time_min": "2026-06-17T06:52:26Z",
        "reference_swath_time_max": "2026-06-22T06:58:49.5Z",
        "reference_swath_note": "sample footprint only; not time-matched to this planning pass",
        "type": "tca",
        "color": "yellow"
      },
      "geometry": {
        "type": "Point",
        "coordinates": [
          109.1172126628129,
          15.897415563998353
        ]
      }
    },
    {
      "type": "Feature",
      "properties": {
        "satellite": "NOAA 20 (JPSS-1)",
        "direction": "ascending",
        "planning_method": "topocentric_elevation_access",
        "min_elevation_deg": 5.0,
        "tle_epoch_utc": "2026-08-23T05:52:54Z",
        "tle_age_hours": -263.93,
        "tle_quality": "medium",
        "aos_utc": "2026-08-12T05:57:13Z",
        "los_utc": "2026-08-12T06:09:16Z",
        "tca_utc": "2026-08-12T06:03:30Z",
        "max_elevation_utc": "2026-08-12T06:03:30Z",
        "duration_minutes": 12.03,
        "min_distance_km": 934.57,
        "max_elevation_deg": 35.42,
        "tca_azimuth_deg": 69.1,
        "tca_elevation_deg": 35.42,
        "tca_slant_range_km": 1296.51,
        "closest_lon": 109.117213,
        "closest_lat": 15.897416,
        "aos_lon": 114.148709,
        "aos_lat": -6.072564,
        "aos_azimuth_deg": 144.67,
        "los_lon": 103.732787,
        "los_lat": 36.069921,
        "los_azimuth_deg": 5.8,
        "confidence": "medium",
        "aoi_covered": false,
        "aoi_points_inside": 0,
        "reference_swath_file": "swath_jpss.geojson",
        "reference_swath_source_count": 20,
        "reference_swath_station_inside_count": 5,
        "reference_swath_buffer_intersects_count": 20,
        "reference_swath_satellites": "JPSS-1 (NOAA-20)",
        "reference_swath_sensors": "VIIRS",
        "reference_swath_time_min": "2026-06-17T06:52:26Z",
        "reference_swath_time_max": "2026-06-22T06:58:49.5Z",
        "reference_swath_note": "sample footprint only; not time-matched to this planning pass",
        "type": "los",
        "color": "green"
      },
      "geometry": {
        "type": "Point",
        "coordinates": [
          103.73278692403744,
          36.069920534398385
        ]
      }
    },
    {
      "type": "Feature",
      "properties": {
        "satellite": "NOAA 21 (JPSS-2)",
        "direction": "ascending",
        "planning_method": "topocentric_elevation_access",
        "min_elevation_deg": 5.0,
        "tle_epoch_utc": "2026-08-23T06:38:31Z",
        "tle_age_hours": -263.94,
        "tle_quality": "medium",
        "aos_utc": "2026-08-12T06:41:56Z",
        "los_utc": "2026-08-12T06:54:42Z",
        "tca_utc": "2026-08-12T06:48:30Z",
        "max_elevation_utc": "2026-08-12T06:48:30Z",
        "duration_minutes": 12.75,
        "min_distance_km": 398.25,
        "max_elevation_deg": 61.08,
        "tca_azimuth_deg": 268.42,
        "tca_elevation_deg": 61.08,
        "tca_slant_range_km": 930.01,
        "closest_lon": 97.258945,
        "closest_lat": 12.901578,
        "aos_lon": 102.468761,
        "aos_lat": -10.073997,
        "aos_azimuth_deg": 176.15,
        "los_lon": 91.646055,
        "los_lat": 34.615716,
        "los_azimuth_deg": 340.28,
        "confidence": "medium",
        "aoi_covered": false,
        "aoi_points_inside": 0,
        "reference_swath_file": "swath_jpss.geojson",
        "reference_swath_source_count": 20,
        "reference_swath_station_inside_count": 5,
        "reference_swath_buffer_intersects_count": 20,
        "reference_swath_satellites": "JPSS-1 (NOAA-20)",
        "reference_swath_sensors": "VIIRS",
        "reference_swath_time_min": "2026-06-17T06:52:26Z",
        "reference_swath_time_max": "2026-06-22T06:58:49.5Z",
        "reference_swath_note": "sample footprint only; not time-matched to this planning pass",
        "type": "visible_track"
      },
      "geometry": {
        "type": "LineString",
        "coordinates": [
          [
            102.46876098218183,
            -10.07399678347425
          ],
          [
            102.42719242673195,
            -9.893435596866135
          ],
          [
            102.02676892770273,
            -8.141012489678559
          ],
          [
            101.62872412981051,
            -6.388265055552773
          ],
          [
            101.23252247068217,
            -4.635235468924357
          ],
          [
            100.83764223667976,
            -2.88196498323873
          ],
          [
            100.44357154241379,
            -1.1284942368263085
          ],
          [
            100.04980446715956,
            0.6251364535436572
          ],
          [
            99.65583728375759,
            2.378886806444572
          ],
          [
            99.26116472123704,
            4.132716292566611
          ],
          [
            98.8652762029426,
            5.886583849427754
          ],
          [
            98.46765200112628,
            7.640447589953197
          ],
          [
            98.0677592469176,
            9.394264499530921
          ],
          [
            97.66504773098876,
            11.147990116960669
          ],
          [
            97.25894542142561,
            12.901578193257734
          ],
          [
            96.84885362721627,
            14.654980322415817
          ],
          [
            96.4341417093936,
            16.408145537043314
          ],
          [
            96.01414124520704,
            18.16101986079719
          ],
          [
            95.58813952458178,
            19.91354580821462
          ],
          [
            95.15537207275253,
            21.665661821170804
          ],
          [
            94.71501504373424,
            23.417301628587918
          ],
          [
            94.26617476706747,
            25.168393514063677
          ],
          [
            93.8078775740828,
            26.918859472296727
          ],
          [
            93.33905709664413,
            28.668614231661707
          ],
          [
            92.8585396954769,
            30.41756411449961
          ],
          [
            92.365027428681,
            32.16560570099144
          ],
          [
            91.8570780222733,
            33.912624253372115
          ],
          [
            91.64605529938149,
            34.61571578452997
          ]
        ]
      }
    },
    {
      "type": "Feature",
      "properties": {
        "satellite": "NOAA 21 (JPSS-2)",
        "direction": "ascending",
        "planning_method": "topocentric_elevation_access",
        "min_elevation_deg": 5.0,
        "tle_epoch_utc": "2026-08-23T06:38:31Z",
        "tle_age_hours": -263.94,
        "tle_quality": "medium",
        "aos_utc": "2026-08-12T06:41:56Z",
        "los_utc": "2026-08-12T06:54:42Z",
        "tca_utc": "2026-08-12T06:48:30Z",
        "max_elevation_utc": "2026-08-12T06:48:30Z",
        "duration_minutes": 12.75,
        "min_distance_km": 398.25,
        "max_elevation_deg": 61.08,
        "tca_azimuth_deg": 268.42,
        "tca_elevation_deg": 61.08,
        "tca_slant_range_km": 930.01,
        "closest_lon": 97.258945,
        "closest_lat": 12.901578,
        "aos_lon": 102.468761,
        "aos_lat": -10.073997,
        "aos_azimuth_deg": 176.15,
        "los_lon": 91.646055,
        "los_lat": 34.615716,
        "los_azimuth_deg": 340.28,
        "confidence": "medium",
        "aoi_covered": false,
        "aoi_points_inside": 0,
        "reference_swath_file": "swath_jpss.geojson",
        "reference_swath_source_count": 20,
        "reference_swath_station_inside_count": 5,
        "reference_swath_buffer_intersects_count": 20,
        "reference_swath_satellites": "JPSS-1 (NOAA-20)",
        "reference_swath_sensors": "VIIRS",
        "reference_swath_time_min": "2026-06-17T06:52:26Z",
        "reference_swath_time_max": "2026-06-22T06:58:49.5Z",
        "reference_swath_note": "sample footprint only; not time-matched to this planning pass",
        "type": "aos",
        "color": "cyan"
      },
      "geometry": {
        "type": "Point",
        "coordinates": [
          102.46876098218183,
          -10.07399678347425
        ]
      }
    },
    {
      "type": "Feature",
      "properties": {
        "satellite": "NOAA 21 (JPSS-2)",
        "direction": "ascending",
        "planning_method": "topocentric_elevation_access",
        "min_elevation_deg": 5.0,
        "tle_epoch_utc": "2026-08-23T06:38:31Z",
        "tle_age_hours": -263.94,
        "tle_quality": "medium",
        "aos_utc": "2026-08-12T06:41:56Z",
        "los_utc": "2026-08-12T06:54:42Z",
        "tca_utc": "2026-08-12T06:48:30Z",
        "max_elevation_utc": "2026-08-12T06:48:30Z",
        "duration_minutes": 12.75,
        "min_distance_km": 398.25,
        "max_elevation_deg": 61.08,
        "tca_azimuth_deg": 268.42,
        "tca_elevation_deg": 61.08,
        "tca_slant_range_km": 930.01,
        "closest_lon": 97.258945,
        "closest_lat": 12.901578,
        "aos_lon": 102.468761,
        "aos_lat": -10.073997,
        "aos_azimuth_deg": 176.15,
        "los_lon": 91.646055,
        "los_lat": 34.615716,
        "los_azimuth_deg": 340.28,
        "confidence": "medium",
        "aoi_covered": false,
        "aoi_points_inside": 0,
        "reference_swath_file": "swath_jpss.geojson",
        "reference_swath_source_count": 20,
        "reference_swath_station_inside_count": 5,
        "reference_swath_buffer_intersects_count": 20,
        "reference_swath_satellites": "JPSS-1 (NOAA-20)",
        "reference_swath_sensors": "VIIRS",
        "reference_swath_time_min": "2026-06-17T06:52:26Z",
        "reference_swath_time_max": "2026-06-22T06:58:49.5Z",
        "reference_swath_note": "sample footprint only; not time-matched to this planning pass",
        "type": "tca",
        "color": "yellow"
      },
      "geometry": {
        "type": "Point",
        "coordinates": [
          97.25894542142561,
          12.901578193257734
        ]
      }
    },
    {
      "type": "Feature",
      "properties": {
        "satellite": "NOAA 21 (JPSS-2)",
        "direction": "ascending",
        "planning_method": "topocentric_elevation_access",
        "min_elevation_deg": 5.0,
        "tle_epoch_utc": "2026-08-23T06:38:31Z",
        "tle_age_hours": -263.94,
        "tle_quality": "medium",
        "aos_utc": "2026-08-12T06:41:56Z",
        "los_utc": "2026-08-12T06:54:42Z",
        "tca_utc": "2026-08-12T06:48:30Z",
        "max_elevation_utc": "2026-08-12T06:48:30Z",
        "duration_minutes": 12.75,
        "min_distance_km": 398.25,
        "max_elevation_deg": 61.08,
        "tca_azimuth_deg": 268.42,
        "tca_elevation_deg": 61.08,
        "tca_slant_range_km": 930.01,
        "closest_lon": 97.258945,
        "closest_lat": 12.901578,
        "aos_lon": 102.468761,
        "aos_lat": -10.073997,
        "aos_azimuth_deg": 176.15,
        "los_lon": 91.646055,
        "los_lat": 34.615716,
        "los_azimuth_deg": 340.28,
        "confidence": "medium",
        "aoi_covered": false,
        "aoi_points_inside": 0,
        "reference_swath_file": "swath_jpss.geojson",
        "reference_swath_source_count": 20,
        "reference_swath_station_inside_count": 5,
        "reference_swath_buffer_intersects_count": 20,
        "reference_swath_satellites": "JPSS-1 (NOAA-20)",
        "reference_swath_sensors": "VIIRS",
        "reference_swath_time_min": "2026-06-17T06:52:26Z",
        "reference_swath_time_max": "2026-06-22T06:58:49.5Z",
        "reference_swath_note": "sample footprint only; not time-matched to this planning pass",
        "type": "los",
        "color": "green"
      },
      "geometry": {
        "type": "Point",
        "coordinates": [
          91.64605529938149,
          34.61571578452997
        ]
      }
    },
    {
      "type": "Feature",
      "properties": {
        "satellite": "SUOMI NPP",
        "direction": "ascending",
        "planning_method": "topocentric_elevation_access",
        "min_elevation_deg": 5.0,
        "tle_epoch_utc": "2026-08-23T07:14:55Z",
        "tle_age_hours": -263.94,
        "tle_quality": "medium",
        "aos_utc": "2026-08-12T07:18:17Z",
        "los_utc": "2026-08-12T07:30:06Z",
        "tca_utc": "2026-08-12T07:24:00Z",
        "max_elevation_utc": "2026-08-12T07:24:00Z",
        "duration_minutes": 11.82,
        "min_distance_km": 1079.09,
        "max_elevation_deg": 30.97,
        "tca_azimuth_deg": 254.93,
        "tca_elevation_deg": 30.97,
        "tca_slant_range_km": 1414.14,
        "closest_lon": 91.424769,
        "closest_lat": 10.344028,
        "aos_lon": 95.976733,
        "aos_lat": -9.634699,
        "aos_azimuth_deg": 192.52,
        "los_lon": 86.015377,
        "los_lat": 31.749149,
        "los_azimuth_deg": 326.23,
        "confidence": "medium",
        "aoi_covered": false,
        "aoi_points_inside": 0,
        "reference_swath_file": "swath_jpss.geojson",
        "reference_swath_source_count": 20,
        "reference_swath_station_inside_count": 5,
        "reference_swath_buffer_intersects_count": 20,
        "reference_swath_satellites": "JPSS-1 (NOAA-20)",
        "reference_swath_sensors": "VIIRS",
        "reference_swath_time_min": "2026-06-17T06:52:26Z",
        "reference_swath_time_max": "2026-06-22T06:58:49.5Z",
        "reference_swath_note": "sample footprint only; not time-matched to this planning pass",
        "type": "visible_track"
      },
      "geometry": {
        "type": "LineString",
        "coordinates": [
          [
            95.97673282799087,
            -9.634699222910369
          ],
          [
            95.8134489742153,
            -8.927688366493419
          ],
          [
            95.41175634117434,
            -7.176570673957611
          ],
          [
            95.01216574812065,
            -5.425159701532755
          ],
          [
            94.61414538353023,
            -3.673496828089583
          ],
          [
            94.21717515086402,
            -1.9216226538927508
          ],
          [
            93.82074271608633,
            -0.16957730545912614
          ],
          [
            93.42433967641409,
            1.5825992693923714
          ],
          [
            93.02745778992175,
            3.3348670114044867
          ],
          [
            92.62958520719872,
            5.087185460080973
          ],
          [
            92.23020264632936,
            6.839513459491393
          ],
          [
            91.82877945141496,
            8.591808854883057
          ],
          [
            91.42476946845738,
            10.344028175164606
          ],
          [
            91.01760650928463,
            12.09612629563458
          ],
          [
            90.60670032775545,
            13.848056075205669
          ],
          [
            90.19143050964544,
            15.599767961224247
          ],
          [
            89.77114153978954,
            17.35120955433706
          ],
          [
            89.34513641496522,
            19.102325124544215
          ],
          [
            88.91266968219031,
            20.853055068105995
          ],
          [
            88.4729395822585,
            22.60333529297086
          ],
          [
            88.02507911749774,
            24.35309651832761
          ],
          [
            87.56814582718403,
            26.102263470597496
          ],
          [
            87.10111000563165,
            27.850753954624437
          ],
          [
            86.62284105109921,
            29.598477774313174
          ],
          [
            86.13209154610507,
            31.34533547068435
          ],
          [
            86.01537698256652,
            31.74914948626983
          ]
        ]
      }
    },
    {
      "type": "Feature",
      "properties": {
        "satellite": "SUOMI NPP",
        "direction": "ascending",
        "planning_method": "topocentric_elevation_access",
        "min_elevation_deg": 5.0,
        "tle_epoch_utc": "2026-08-23T07:14:55Z",
        "tle_age_hours": -263.94,
        "tle_quality": "medium",
        "aos_utc": "2026-08-12T07:18:17Z",
        "los_utc": "2026-08-12T07:30:06Z",
        "tca_utc": "2026-08-12T07:24:00Z",
        "max_elevation_utc": "2026-08-12T07:24:00Z",
        "duration_minutes": 11.82,
        "min_distance_km": 1079.09,
        "max_elevation_deg": 30.97,
        "tca_azimuth_deg": 254.93,
        "tca_elevation_deg": 30.97,
        "tca_slant_range_km": 1414.14,
        "closest_lon": 91.424769,
        "closest_lat": 10.344028,
        "aos_lon": 95.976733,
        "aos_lat": -9.634699,
        "aos_azimuth_deg": 192.52,
        "los_lon": 86.015377,
        "los_lat": 31.749149,
        "los_azimuth_deg": 326.23,
        "confidence": "medium",
        "aoi_covered": false,
        "aoi_points_inside": 0,
        "reference_swath_file": "swath_jpss.geojson",
        "reference_swath_source_count": 20,
        "reference_swath_station_inside_count": 5,
        "reference_swath_buffer_intersects_count": 20,
        "reference_swath_satellites": "JPSS-1 (NOAA-20)",
        "reference_swath_sensors": "VIIRS",
        "reference_swath_time_min": "2026-06-17T06:52:26Z",
        "reference_swath_time_max": "2026-06-22T06:58:49.5Z",
        "reference_swath_note": "sample footprint only; not time-matched to this planning pass",
        "type": "aos",
        "color": "cyan"
      },
      "geometry": {
        "type": "Point",
        "coordinates": [
          95.97673282799087,
          -9.634699222910369
        ]
      }
    },
    {
      "type": "Feature",
      "properties": {
        "satellite": "SUOMI NPP",
        "direction": "ascending",
        "planning_method": "topocentric_elevation_access",
        "min_elevation_deg": 5.0,
        "tle_epoch_utc": "2026-08-23T07:14:55Z",
        "tle_age_hours": -263.94,
        "tle_quality": "medium",
        "aos_utc": "2026-08-12T07:18:17Z",
        "los_utc": "2026-08-12T07:30:06Z",
        "tca_utc": "2026-08-12T07:24:00Z",
        "max_elevation_utc": "2026-08-12T07:24:00Z",
        "duration_minutes": 11.82,
        "min_distance_km": 1079.09,
        "max_elevation_deg": 30.97,
        "tca_azimuth_deg": 254.93,
        "tca_elevation_deg": 30.97,
        "tca_slant_range_km": 1414.14,
        "closest_lon": 91.424769,
        "closest_lat": 10.344028,
        "aos_lon": 95.976733,
        "aos_lat": -9.634699,
        "aos_azimuth_deg": 192.52,
        "los_lon": 86.015377,
        "los_lat": 31.749149,
        "los_azimuth_deg": 326.23,
        "confidence": "medium",
        "aoi_covered": false,
        "aoi_points_inside": 0,
        "reference_swath_file": "swath_jpss.geojson",
        "reference_swath_source_count": 20,
        "reference_swath_station_inside_count": 5,
        "reference_swath_buffer_intersects_count": 20,
        "reference_swath_satellites": "JPSS-1 (NOAA-20)",
        "reference_swath_sensors": "VIIRS",
        "reference_swath_time_min": "2026-06-17T06:52:26Z",
        "reference_swath_time_max": "2026-06-22T06:58:49.5Z",
        "reference_swath_note": "sample footprint only; not time-matched to this planning pass",
        "type": "tca",
        "color": "yellow"
      },
      "geometry": {
        "type": "Point",
        "coordinates": [
          91.42476946845738,
          10.344028175164606
        ]
      }
    },
    {
      "type": "Feature",
      "properties": {
        "satellite": "SUOMI NPP",
        "direction": "ascending",
        "planning_method": "topocentric_elevation_access",
        "min_elevation_deg": 5.0,
        "tle_epoch_utc": "2026-08-23T07:14:55Z",
        "tle_age_hours": -263.94,
        "tle_quality": "medium",
        "aos_utc": "2026-08-12T07:18:17Z",
        "los_utc": "2026-08-12T07:30:06Z",
        "tca_utc": "2026-08-12T07:24:00Z",
        "max_elevation_utc": "2026-08-12T07:24:00Z",
        "duration_minutes": 11.82,
        "min_distance_km": 1079.09,
        "max_elevation_deg": 30.97,
        "tca_azimuth_deg": 254.93,
        "tca_elevation_deg": 30.97,
        "tca_slant_range_km": 1414.14,
        "closest_lon": 91.424769,
        "closest_lat": 10.344028,
        "aos_lon": 95.976733,
        "aos_lat": -9.634699,
        "aos_azimuth_deg": 192.52,
        "los_lon": 86.015377,
        "los_lat": 31.749149,
        "los_azimuth_deg": 326.23,
        "confidence": "medium",
        "aoi_covered": false,
        "aoi_points_inside": 0,
        "reference_swath_file": "swath_jpss.geojson",
        "reference_swath_source_count": 20,
        "reference_swath_station_inside_count": 5,
        "reference_swath_buffer_intersects_count": 20,
        "reference_swath_satellites": "JPSS-1 (NOAA-20)",
        "reference_swath_sensors": "VIIRS",
        "reference_swath_time_min": "2026-06-17T06:52:26Z",
        "reference_swath_time_max": "2026-06-22T06:58:49.5Z",
        "reference_swath_note": "sample footprint only; not time-matched to this planning pass",
        "type": "los",
        "color": "green"
      },
      "geometry": {
        "type": "Point",
        "coordinates": [
          86.01537698256652,
          31.74914948626983
        ]
      }
    },
    {
      "type": "Feature",
      "properties": {
        "satellite": "NOAA 20 (JPSS-1)",
        "direction": "ascending",
        "planning_method": "topocentric_elevation_access",
        "min_elevation_deg": 5.0,
        "tle_epoch_utc": "2026-08-23T05:52:54Z",
        "tle_age_hours": -262.24,
        "tle_quality": "medium",
        "aos_utc": "2026-08-12T07:38:30Z",
        "los_utc": "2026-08-12T07:48:06Z",
        "tca_utc": "2026-08-12T07:43:30Z",
        "max_elevation_utc": "2026-08-12T07:43:30Z",
        "duration_minutes": 9.6,
        "min_distance_km": 1756.96,
        "max_elevation_deg": 15.87,
        "tca_azimuth_deg": 263.03,
        "tca_elevation_deg": 15.87,
        "tca_slant_range_km": 2038.85,
        "closest_lon": 84.976334,
        "closest_lat": 10.640791,
        "aos_lon": 88.950596,
        "aos_lat": -6.847754,
        "aos_azimuth_deg": 211.6,
        "los_lon": 81.014515,
        "los_lat": 26.778984,
        "los_azimuth_deg": 309.38,
        "confidence": "medium",
        "aoi_covered": false,
        "aoi_points_inside": 0,
        "reference_swath_file": "swath_jpss.geojson",
        "reference_swath_source_count": 20,
        "reference_swath_station_inside_count": 5,
        "reference_swath_buffer_intersects_count": 20,
        "reference_swath_satellites": "JPSS-1 (NOAA-20)",
        "reference_swath_sensors": "VIIRS",
        "reference_swath_time_min": "2026-06-17T06:52:26Z",
        "reference_swath_time_max": "2026-06-22T06:58:49.5Z",
        "reference_swath_note": "sample footprint only; not time-matched to this planning pass",
        "type": "visible_track"
      },
      "geometry": {
        "type": "LineString",
        "coordinates": [
          [
            88.95059610551363,
            -6.847753921254093
          ],
          [
            88.56052095463974,
            -5.134026051348419
          ],
          [
            88.16320360391575,
            -3.381728118182903
          ],
          [
            87.76684836357543,
            -1.6292203431937549
          ],
          [
            87.37094447428296,
            0.12345682671731757
          ],
          [
            86.97498446531063,
            1.8762630681391173
          ],
          [
            86.57846039135052,
            3.6291578927734194
          ],
          [
            86.18086006148314,
            5.382100358529821
          ],
          [
            85.78166320141395,
            7.135048775514755
          ],
          [
            85.38033748833294,
            8.887960402038951
          ],
          [
            84.97633439480416,
            10.640791125561735
          ],
          [
            84.56908476965015,
            12.393495123074308
          ],
          [
            84.15799408642079,
            14.146024494827783
          ],
          [
            83.74243726427545,
            15.898328864673411
          ],
          [
            83.32175297032597,
            17.650354939017372
          ],
          [
            82.8952372873207,
            19.402046015450367
          ],
          [
            82.4621366145679,
            21.153341430494052
          ],
          [
            82.02163947741337,
            22.90417593371705
          ],
          [
            81.57286806722806,
            24.654478973373696
          ],
          [
            81.11486676622758,
            26.404173875375996
          ],
          [
            81.01451549975923,
            26.7789841610465
          ]
        ]
      }
    },
    {
      "type": "Feature",
      "properties": {
        "satellite": "NOAA 20 (JPSS-1)",
        "direction": "ascending",
        "planning_method": "topocentric_elevation_access",
        "min_elevation_deg": 5.0,
        "tle_epoch_utc": "2026-08-23T05:52:54Z",
        "tle_age_hours": -262.24,
        "tle_quality": "medium",
        "aos_utc": "2026-08-12T07:38:30Z",
        "los_utc": "2026-08-12T07:48:06Z",
        "tca_utc": "2026-08-12T07:43:30Z",
        "max_elevation_utc": "2026-08-12T07:43:30Z",
        "duration_minutes": 9.6,
        "min_distance_km": 1756.96,
        "max_elevation_deg": 15.87,
        "tca_azimuth_deg": 263.03,
        "tca_elevation_deg": 15.87,
        "tca_slant_range_km": 2038.85,
        "closest_lon": 84.976334,
        "closest_lat": 10.640791,
        "aos_lon": 88.950596,
        "aos_lat": -6.847754,
        "aos_azimuth_deg": 211.6,
        "los_lon": 81.014515,
        "los_lat": 26.778984,
        "los_azimuth_deg": 309.38,
        "confidence": "medium",
        "aoi_covered": false,
        "aoi_points_inside": 0,
        "reference_swath_file": "swath_jpss.geojson",
        "reference_swath_source_count": 20,
        "reference_swath_station_inside_count": 5,
        "reference_swath_buffer_intersects_count": 20,
        "reference_swath_satellites": "JPSS-1 (NOAA-20)",
        "reference_swath_sensors": "VIIRS",
        "reference_swath_time_min": "2026-06-17T06:52:26Z",
        "reference_swath_time_max": "2026-06-22T06:58:49.5Z",
        "reference_swath_note": "sample footprint only; not time-matched to this planning pass",
        "type": "aos",
        "color": "cyan"
      },
      "geometry": {
        "type": "Point",
        "coordinates": [
          88.95059610551363,
          -6.847753921254093
        ]
      }
    },
    {
      "type": "Feature",
      "properties": {
        "satellite": "NOAA 20 (JPSS-1)",
        "direction": "ascending",
        "planning_method": "topocentric_elevation_access",
        "min_elevation_deg": 5.0,
        "tle_epoch_utc": "2026-08-23T05:52:54Z",
        "tle_age_hours": -262.24,
        "tle_quality": "medium",
        "aos_utc": "2026-08-12T07:38:30Z",
        "los_utc": "2026-08-12T07:48:06Z",
        "tca_utc": "2026-08-12T07:43:30Z",
        "max_elevation_utc": "2026-08-12T07:43:30Z",
        "duration_minutes": 9.6,
        "min_distance_km": 1756.96,
        "max_elevation_deg": 15.87,
        "tca_azimuth_deg": 263.03,
        "tca_elevation_deg": 15.87,
        "tca_slant_range_km": 2038.85,
        "closest_lon": 84.976334,
        "closest_lat": 10.640791,
        "aos_lon": 88.950596,
        "aos_lat": -6.847754,
        "aos_azimuth_deg": 211.6,
        "los_lon": 81.014515,
        "los_lat": 26.778984,
        "los_azimuth_deg": 309.38,
        "confidence": "medium",
        "aoi_covered": false,
        "aoi_points_inside": 0,
        "reference_swath_file": "swath_jpss.geojson",
        "reference_swath_source_count": 20,
        "reference_swath_station_inside_count": 5,
        "reference_swath_buffer_intersects_count": 20,
        "reference_swath_satellites": "JPSS-1 (NOAA-20)",
        "reference_swath_sensors": "VIIRS",
        "reference_swath_time_min": "2026-06-17T06:52:26Z",
        "reference_swath_time_max": "2026-06-22T06:58:49.5Z",
        "reference_swath_note": "sample footprint only; not time-matched to this planning pass",
        "type": "tca",
        "color": "yellow"
      },
      "geometry": {
        "type": "Point",
        "coordinates": [
          84.97633439480416,
          10.640791125561735
        ]
      }
    },
    {
      "type": "Feature",
      "properties": {
        "satellite": "NOAA 20 (JPSS-1)",
        "direction": "ascending",
        "planning_method": "topocentric_elevation_access",
        "min_elevation_deg": 5.0,
        "tle_epoch_utc": "2026-08-23T05:52:54Z",
        "tle_age_hours": -262.24,
        "tle_quality": "medium",
        "aos_utc": "2026-08-12T07:38:30Z",
        "los_utc": "2026-08-12T07:48:06Z",
        "tca_utc": "2026-08-12T07:43:30Z",
        "max_elevation_utc": "2026-08-12T07:43:30Z",
        "duration_minutes": 9.6,
        "min_distance_km": 1756.96,
        "max_elevation_deg": 15.87,
        "tca_azimuth_deg": 263.03,
        "tca_elevation_deg": 15.87,
        "tca_slant_range_km": 2038.85,
        "closest_lon": 84.976334,
        "closest_lat": 10.640791,
        "aos_lon": 88.950596,
        "aos_lat": -6.847754,
        "aos_azimuth_deg": 211.6,
        "los_lon": 81.014515,
        "los_lat": 26.778984,
        "los_azimuth_deg": 309.38,
        "confidence": "medium",
        "aoi_covered": false,
        "aoi_points_inside": 0,
        "reference_swath_file": "swath_jpss.geojson",
        "reference_swath_source_count": 20,
        "reference_swath_station_inside_count": 5,
        "reference_swath_buffer_intersects_count": 20,
        "reference_swath_satellites": "JPSS-1 (NOAA-20)",
        "reference_swath_sensors": "VIIRS",
        "reference_swath_time_min": "2026-06-17T06:52:26Z",
        "reference_swath_time_max": "2026-06-22T06:58:49.5Z",
        "reference_swath_note": "sample footprint only; not time-matched to this planning pass",
        "type": "los",
        "color": "green"
      },
      "geometry": {
        "type": "Point",
        "coordinates": [
          81.01451549975923,
          26.7789841610465
        ]
      }
    }
  ]
}
