{
  "type": "FeatureCollection",
  "features": [
    {
      "type": "Feature",
      "properties": {
        "type": "station",
        "buffer_km": 2500.0,
        "min_elevation_deg": 5.0,
        "reference_swath_file": "swath_jpss.geojson",
        "reference_swath_source_count": 20,
        "reference_swath_station_inside_count": 5,
        "aoi_file": "aoi_demo.geojson",
        "aoi_feature_count": 1
      },
      "geometry": {
        "type": "Point",
        "coordinates": [
          100.929,
          13.1014
        ]
      }
    },
    {
      "type": "Feature",
      "properties": {
        "type": "station_buffer",
        "buffer_km": 2500.0,
        "planning_note": "reference buffer from the original rough planning flow"
      },
      "geometry": {
        "type": "Polygon",
        "coordinates": [
          [
            [
              100.92900000000003,
              35.58440909311344
            ],
            [
              101.86910049112305,
              35.568425833349146
            ],
            [
              102.8071854164873,
              35.520514627612656
            ],
            [
              103.74125301330503,
              35.440790868636434
            ],
            [
              104.66932886248662,
              35.329445791758666
            ],
            [
              105.58947891409713,
              35.18674487115753
            ],
            [
              106.4998217624335,
              35.01302562368628
            ],
            [
              107.3985399612443,
              34.80869486712545
            ],
            [
              108.28389020156516,
              34.574225489928246
            ],
            [
              109.15421221125598,
              34.31015279771458
            ],
            [
              110.00793627475178,
              34.01707050766718
            ],
            [
              110.84358931192929,
              33.69562646551572
            ],
            [
              111.65979949456636,
              33.34651816099857
            ],
            [
              112.4552994160531,
              32.97048811670327
            ],
            [
              113.228927863509,
              32.56831922223479
            ],
            [
              113.97963027028396,
              32.14083008103399
            ],
            [
              114.70645795034648,
              31.688870431201067
            ],
            [
              115.40856623399208,
              31.213316694721694
            ],
            [
              116.0852116366487,
              30.715067701894142
            ],
            [
              116.73574819959248,
              30.195040629844414
            ],
            [
              117.35962314358375,
              29.654167186086458
            ],
            [
              117.95637197441874,
              29.093390060387613
            ],
            [
              118.52561317386926,
              28.513659660940252
            ],
            [
              119.06704260119136,
              27.915931144170358
            ],
            [
              119.58042772005126,
              27.301161741540614
            ],
            [
              120.06560175403058,
              26.67030838148974
            ],
            [
              120.52245786143328,
              26.024325600215082
            ],
            [
              120.95094340746601,
              25.364163731343453
            ],
            [
              121.35105439941378,
              24.690767361611602
            ],
            [
              121.72283013854604,
              24.005074037440583
            ],
            [
              122.0663481313934,
              23.30801320567194
            ],
            [
              122.38171929292196,
              22.60050537066565
            ],
            [
              122.66908346508797,
              21.883461449364376
            ],
            [
              122.92860526633092,
              21.157782305730723
            ],
            [
              123.16047028075184,
              20.424358446091787
            ],
            [
              123.36488158998469,
              19.684069857310917
            ],
            [
              123.5420566460379,
              18.937785970290687
            ],
            [
              123.69222447957407,
              18.186365732038595
            ],
            [
              123.81562323511787,
              17.430657770352415
            ],
            [
              123.91249802243084,
              16.671500636066003
            ],
            [
              123.98309907167163,
              15.909723108705652
            ],
            [
              124.0276801788728,
              15.146144552316409
            ],
            [
              124.04649742761859,
              14.381575309105877
            ],
            [
              124.03980817251636,
              13.616817119405308
            ],
            [
              124.00787027004526,
              12.852663557252704
            ],
            [
              123.95094154256185,
              12.089900471653731
            ],
            [
              123.86927946159062,
              11.329306424269467
            ],
            [
              123.7631410369678,
              10.57165311491458
            ],
            [
              123.6327828988978,
              9.817705786826856
            ],
            [
              123.4784615604782,
              9.068223604192555
            ],
            [
              123.30043384872522,
              8.323959994886467
            ],
            [
              123.09895749254929,
              7.58566295181774
            ],
            [
              122.87429185647579,
              6.85407528666882
            ],
            [
              122.62669880915621,
              6.129934830184693
            ],
            [
              122.35644371585471,
              5.413974573520592
            ],
            [
              122.06379654411933,
              4.706922745498742
            ],
            [
              121.74903307174316,
              4.00950282096753
            ],
            [
              121.4124361858918,
              3.3224334558100987
            ],
            [
              121.05429726191664,
              2.6464283445232004
            ],
            [
              120.67491760989645,
              1.9821959966911196
            ],
            [
              120.27460997635717,
              1.330439429122864
            ],
            [
              119.85370008793262,
              0.6918557709124528
            ],
            [
              119.41252822295166,
              0.06713577923001125
            ],
            [
              118.95145079610398,
              -0.5430367357377842
            ],
            [
              118.47084194046306,
              -1.1379855775994963
            ],
            [
              117.9710950702646,
              -1.7170429224721164
            ],
            [
              117.45262440698525,
              -2.2795501689175803
            ],
            [
              116.91586645047539,
              -2.824858877522657
            ],
            [
              116.36128137621085,
              -3.352331797568511
            ],
            [
              115.78935433918986,
              -3.861343977196314
            ],
            [
              115.20059666464579,
              -4.351283952377454
            ],
            [
              114.59554690563397,
              -4.821555008853054
            ],
            [
              113.9747717477066,
              -5.271576510033172
            ],
            [
              113.33886674137261,
              -5.700785282658385
            ],
            [
              112.68845684386787,
              -6.108637050848061
            ],
            [
              112.02419675297841,
              -6.494607908013856
            ],
            [
              111.34677101727607,
              -6.858195815030501
            ],
            [
              110.65689390915924,
              -7.1989221120572315
            ],
            [
              109.95530904953443,
              -7.516333030521086
            ],
            [
              109.24278877581708,
              -7.810001191037654
            ],
            [
              108.52013324813635,
              -8.079527072483451
            ],
            [
              107.78816929216248,
              -8.324540437073974
            ],
            [
              107.04774898076784,
              -8.544701696165736
            ],
            [
              106.29974796072025,
              -8.73970320160791
            ],
            [
              105.54506353469526,
              -8.90927044783429
            ],
            [
              104.78461251299632,
              -9.053163170515571
            ],
            [
              104.01932885337686,
              -9.171176328487059
            ],
            [
              103.25016111116747,
              -9.26314095682014
            ],
            [
              102.47806972541446,
              -9.328924880303571
            ],
            [
              101.70402416983558,
              -9.368433278219754
            ],
            [
              100.92900000000003,
              -9.38160909311345
            ],
            [
              100.15397583016443,
              -9.368433278219754
            ],
            [
              99.3799302745856,
              -9.328924880303571
            ],
            [
              98.60783888883253,
              -9.26314095682014
            ],
            [
              97.83867114662314,
              -9.171176328487055
            ],
            [
              97.07338748700374,
              -9.053163170515571
            ],
            [
              96.3129364653048,
              -8.909270447834286
            ],
            [
              95.55825203927981,
              -8.73970320160791
            ],
            [
              94.81025101923217,
              -8.544701696165736
            ],
            [
              94.06983070783758,
              -8.324540437073978
            ],
            [
              93.33786675186366,
              -8.079527072483451
            ],
            [
              92.61521122418293,
              -7.8100011910376566
            ],
            [
              91.90269095046557,
              -7.516333030521086
            ],
            [
              91.20110609084077,
              -7.198922112057228
            ],
            [
              90.51122898272394,
              -6.858195815030498
            ],
            [
              89.83380324702159,
              -6.494607908013853
            ],
            [
              89.16954315613214,
              -6.108637050848063
            ],
            [
              88.51913325862745,
              -5.700785282658392
            ],
            [
              87.8832282522934,
              -5.271576510033175
            ],
            [
              87.2624530943661,
              -4.821555008853058
            ],
            [
              86.65740333535422,
              -4.3512839523774565
            ],
            [
              86.06864566081015,
              -3.86134397719632
            ],
            [
              85.49671862378915,
              -3.352331797568508
            ],
            [
              84.94213354952467,
              -2.824858877522654
            ],
            [
              84.40537559301475,
              -2.2795501689175786
            ],
            [
              83.88690492973546,
              -1.7170429224721182
            ],
            [
              83.387158059537,
              -1.1379855775994916
            ],
            [
              82.90654920389602,
              -0.543036735737789
            ],
            [
              82.44547177704834,
              0.06713577923001443
            ],
            [
              82.00429991206738,
              0.691855770912448
            ],
            [
              81.58339002364283,
              1.3304394291228512
            ],
            [
              81.18308239010355,
              1.982195996691123
            ],
            [
              80.80370273808336,
              2.6464283445231955
            ],
            [
              80.44556381410825,
              3.322433455810102
            ],
            [
              80.10896692825685,
              4.0095028209675245
            ],
            [
              79.79420345588068,
              4.706922745498746
            ],
            [
              79.5015562841453,
              5.413974573520588
            ],
            [
              79.23130119084385,
              6.1299348301846965
            ],
            [
              78.98370814352427,
              6.85407528666882
            ],
            [
              78.75904250745077,
              7.5856629518177305
            ],
            [
              78.55756615127478,
              8.323959994886467
            ],
            [
              78.37953843952187,
              9.068223604192543
            ],
            [
              78.2252171011022,
              9.81770578682686
            ],
            [
              78.09485896303221,
              10.571653114914575
            ],
            [
              77.98872053840944,
              11.32930642426947
            ],
            [
              77.90705845743821,
              12.089900471653726
            ],
            [
              77.85012972995474,
              12.85266355725271
            ],
            [
              77.81819182748364,
              13.616817119405306
            ],
            [
              77.81150257238141,
              14.381575309105866
            ],
            [
              77.8303198211272,
              15.146144552316409
            ],
            [
              77.87490092832843,
              15.909723108705641
            ],
            [
              77.94550197756917,
              16.671500636066003
            ],
            [
              78.04237676488214,
              17.430657770352408
            ],
            [
              78.16577552042594,
              18.1863657320386
            ],
            [
              78.3159433539621,
              18.93778597029068
            ],
            [
              78.49311841001531,
              19.68406985731092
            ],
            [
              78.69752971924822,
              20.424358446091787
            ],
            [
              78.92939473366914,
              21.157782305730713
            ],
            [
              79.18891653491204,
              21.883461449364372
            ],
            [
              79.4762807070781,
              22.600505370665648
            ],
            [
              79.79165186860666,
              23.30801320567194
            ],
            [
              80.13516986145396,
              24.005074037440576
            ],
            [
              80.50694560058622,
              24.690767361611606
            ],
            [
              80.90705659253399,
              25.364163731343446
            ],
            [
              81.33554213856672,
              26.024325600215086
            ],
            [
              81.79239824596948,
              26.670308381489733
            ],
            [
              82.27757227994874,
              27.301161741540607
            ],
            [
              82.7909573988087,
              27.915931144170358
            ],
            [
              83.33238682613069,
              28.513659660940245
            ],
            [
              83.90162802558132,
              29.093390060387613
            ],
            [
              84.49837685641626,
              29.65416718608645
            ],
            [
              85.12225180040753,
              30.19504062984442
            ],
            [
              85.77278836335131,
              30.715067701894142
            ],
            [
              86.44943376600793,
              31.2133166947217
            ],
            [
              87.15154204965353,
              31.688870431201067
            ],
            [
              87.87836972971604,
              32.14083008103398
            ],
            [
              88.629072136491,
              32.56831922223479
            ],
            [
              89.40270058394691,
              32.970488116703265
            ],
            [
              90.19820050543365,
              33.34651816099857
            ],
            [
              91.01441068807071,
              33.695626465515716
            ],
            [
              91.85006372524822,
              34.01707050766718
            ],
            [
              92.70378778874402,
              34.31015279771458
            ],
            [
              93.57410979843485,
              34.574225489928246
            ],
            [
              94.45946003875571,
              34.80869486712545
            ],
            [
              95.35817823756645,
              35.013025623686275
            ],
            [
              96.26852108590288,
              35.18674487115753
            ],
            [
              97.18867113751338,
              35.32944579175866
            ],
            [
              98.11674698669498,
              35.440790868636434
            ],
            [
              99.0508145835127,
              35.520514627612656
            ],
            [
              99.98889950887695,
              35.568425833349146
            ],
            [
              100.92900000000003,
              35.58440909311344
            ]
          ]
        ]
      }
    },
    {
      "type": "Feature",
      "properties": {
        "type": "reference_swath",
        "source": "swath_jpss.geojson",
        "source_index": 0,
        "satellite": "JPSS-1",
        "satellite_name": "JPSS-1 (NOAA-20)",
        "sensor": "VIIRS",
        "sensor_name": "Visible Infrared Imaging Radiometer Suite",
        "product": "FLOOD",
        "datetime": "2026-06-22T06:58:49.5Z",
        "filename": null,
        "station_inside": false,
        "station_buffer_intersects": true,
        "bounds": [
          95.927315,
          13.008593,
          105.928665,
          18.103685
        ],
        "planning_note": "reference swath sample; not time-matched to the generated TLE planning window"
      },
      "geometry": {
        "type": "Polygon",
        "coordinates": [
          [
            [
              95.94417485177617,
              18.10368528285678
            ],
            [
              95.92731485479396,
              13.008593222825564
            ],
            [
              105.92866506463962,
              14.306813238121407
            ],
            [
              105.92866506463962,
              18.10368528285678
            ],
            [
              95.94417485177617,
              18.10368528285678
            ]
          ]
        ]
      }
    },
    {
      "type": "Feature",
      "properties": {
        "type": "reference_swath",
        "source": "swath_jpss.geojson",
        "source_index": 1,
        "satellite": "JPSS-1",
        "satellite_name": "JPSS-1 (NOAA-20)",
        "sensor": "VIIRS",
        "sensor_name": "Visible Infrared Imaging Radiometer Suite",
        "product": "FLOOD",
        "datetime": "2026-06-22T06:57:24Z",
        "filename": null,
        "station_inside": true,
        "station_buffer_intersects": true,
        "bounds": [
          95.927315,
          8.102333,
          105.928665,
          14.347277
        ],
        "planning_note": "reference swath sample; not time-matched to the generated TLE planning window"
      },
      "geometry": {
        "type": "Polygon",
        "coordinates": [
          [
            [
              105.9185490664503,
              14.34727723859816
            ],
            [
              95.92731485479396,
              13.011965222865294
            ],
            [
              95.92731485479396,
              8.102333165019198
            ],
            [
              105.92866506463962,
              9.201605177971004
            ],
            [
              105.9185490664503,
              14.34727723859816
            ]
          ]
        ]
      }
    },
    {
      "type": "Feature",
      "properties": {
        "type": "reference_swath",
        "source": "swath_jpss.geojson",
        "source_index": 2,
        "satellite": "JPSS-1",
        "satellite_name": "JPSS-1 (NOAA-20)",
        "sensor": "VIIRS",
        "sensor_name": "Visible Infrared Imaging Radiometer Suite",
        "product": "FLOOD",
        "datetime": "2026-06-22T06:55:58Z",
        "filename": null,
        "station_inside": false,
        "station_buffer_intersects": true,
        "bounds": [
          97.953886,
          8.102333,
          105.928665,
          9.231953
        ],
        "planning_note": "reference swath sample; not time-matched to the generated TLE planning window"
      },
      "geometry": {
        "type": "Polygon",
        "coordinates": [
          [
            [
              105.90506106886453,
              9.231953178328569
            ],
            [
              101.54169384986916,
              8.638481171336183
            ],
            [
              97.95388649205533,
              8.102333165019198
            ],
            [
              105.92866506463962,
              8.102333165019198
            ],
            [
              105.90506106886453,
              9.231953178328569
            ]
          ]
        ]
      }
    },
    {
      "type": "Feature",
      "properties": {
        "type": "reference_swath",
        "source": "swath_jpss.geojson",
        "source_index": 3,
        "satellite": "JPSS-1",
        "satellite_name": "JPSS-1 (NOAA-20)",
        "sensor": "VIIRS",
        "sensor_name": "Visible Infrared Imaging Radiometer Suite",
        "product": "FLOOD",
        "datetime": "2026-06-21T07:17:45Z",
        "filename": null,
        "station_inside": false,
        "station_buffer_intersects": true,
        "bounds": [
          95.927315,
          13.399745,
          104.893461,
          18.103685
        ],
        "planning_note": "reference swath sample; not time-matched to the generated TLE planning window"
      },
      "geometry": {
        "type": "Polygon",
        "coordinates": [
          [
            [
              95.92731485479396,
              18.10368528285678
            ],
            [
              95.92731485479396,
              13.399745227434181
            ],
            [
              104.89346124993206,
              14.401229239233832
            ],
            [
              104.28312935917614,
              18.10368528285678
            ],
            [
              95.92731485479396,
              18.10368528285678
            ]
          ]
        ]
      }
    },
    {
      "type": "Feature",
      "properties": {
        "type": "reference_swath",
        "source": "swath_jpss.geojson",
        "source_index": 4,
        "satellite": "JPSS-1",
        "satellite_name": "JPSS-1 (NOAA-20)",
        "sensor": "VIIRS",
        "sensor_name": "Visible Infrared Imaging Radiometer Suite",
        "product": "FLOOD",
        "datetime": "2026-06-21T07:16:19Z",
        "filename": null,
        "station_inside": true,
        "station_buffer_intersects": true,
        "bounds": [
          95.927315,
          8.210237,
          105.810645,
          14.478785
        ],
        "planning_note": "reference swath sample; not time-matched to the generated TLE planning window"
      },
      "geometry": {
        "type": "Polygon",
        "coordinates": [
          [
            [
              104.86648525476053,
              14.478785240147609
            ],
            [
              95.92731485479396,
              13.409861227553371
            ],
            [
              95.92731485479396,
              8.210237166290542
            ],
            [
              105.81064508576416,
              9.478109181228819
            ],
            [
              104.86648525476053,
              14.478785240147609
            ]
          ]
        ]
      }
    },
    {
      "type": "Feature",
      "properties": {
        "type": "reference_swath",
        "source": "swath_jpss.geojson",
        "source_index": 5,
        "satellite": "JPSS-1",
        "satellite_name": "JPSS-1 (NOAA-20)",
        "sensor": "VIIRS",
        "sensor_name": "Visible Infrared Imaging Radiometer Suite",
        "product": "FLOOD",
        "datetime": "2026-06-21T07:14:53.5Z",
        "filename": null,
        "station_inside": false,
        "station_buffer_intersects": true,
        "bounds": [
          95.927315,
          8.102333,
          105.928665,
          9.555665
        ],
        "planning_note": "reference swath sample; not time-matched to the generated TLE planning window"
      },
      "geometry": {
        "type": "Polygon",
        "coordinates": [
          [
            [
              105.79041308938552,
              9.555665182142597
            ],
            [
              96.17009881133775,
              8.267561166965942
            ],
            [
              95.92731485479396,
              8.102333165019198
            ],
            [
              105.92866506463962,
              8.102333165019198
            ],
            [
              105.79041308938552,
              9.555665182142597
            ]
          ]
        ]
      }
    },
    {
      "type": "Feature",
      "properties": {
        "type": "reference_swath",
        "source": "swath_jpss.geojson",
        "source_index": 6,
        "satellite": "JPSS-1",
        "satellite_name": "JPSS-1 (NOAA-20)",
        "sensor": "VIIRS",
        "sensor_name": "Visible Infrared Imaging Radiometer Suite",
        "product": "FLOOD",
        "datetime": "2026-06-21T05:38:10.5Z",
        "filename": null,
        "station_inside": false,
        "station_buffer_intersects": true,
        "bounds": [
          100.38847,
          16.765001,
          105.928665,
          18.103685
        ],
        "planning_note": "reference swath sample; not time-matched to the generated TLE planning window"
      },
      "geometry": {
        "type": "Polygon",
        "coordinates": [
          [
            [
              100.38847005628614,
              18.10368528285678
            ],
            [
              100.82008597903067,
              16.765001267084184
            ],
            [
              105.92866506463962,
              17.90473728051274
            ],
            [
              105.92866506463962,
              18.10368528285678
            ],
            [
              100.38847005628614,
              18.10368528285678
            ]
          ]
        ]
      }
    },
    {
      "type": "Feature",
      "properties": {
        "type": "reference_swath",
        "source": "swath_jpss.geojson",
        "source_index": 7,
        "satellite": "JPSS-1",
        "satellite_name": "JPSS-1 (NOAA-20)",
        "sensor": "VIIRS",
        "sensor_name": "Visible Infrared Imaging Radiometer Suite",
        "product": "FLOOD",
        "datetime": "2026-06-21T05:36:44.5Z",
        "filename": null,
        "station_inside": false,
        "station_buffer_intersects": true,
        "bounds": [
          100.813342,
          11.929553,
          105.928665,
          17.928341
        ],
        "planning_note": "reference swath sample; not time-matched to the generated TLE planning window"
      },
      "geometry": {
        "type": "Polygon",
        "coordinates": [
          [
            [
              105.91517706705386,
              17.92834128079085
            ],
            [
              100.81334198023778,
              16.835813267918503
            ],
            [
              102.30713771286139,
              11.929553210112136
            ],
            [
              105.92866506463962,
              12.688253219051266
            ],
            [
              105.91517706705386,
              17.92834128079085
            ]
          ]
        ]
      }
    },
    {
      "type": "Feature",
      "properties": {
        "type": "reference_swath",
        "source": "swath_jpss.geojson",
        "source_index": 8,
        "satellite": "JPSS-1",
        "satellite_name": "JPSS-1 (NOAA-20)",
        "sensor": "VIIRS",
        "sensor_name": "Visible Infrared Imaging Radiometer Suite",
        "product": "FLOOD",
        "datetime": "2026-06-21T05:35:19Z",
        "filename": null,
        "station_inside": false,
        "station_buffer_intersects": true,
        "bounds": [
          102.307138,
          8.102333,
          105.928665,
          12.725345
        ],
        "planning_note": "reference swath sample; not time-matched to the generated TLE planning window"
      },
      "geometry": {
        "type": "Polygon",
        "coordinates": [
          [
            [
              105.92192106584673,
              12.72534521948829
            ],
            [
              102.30713771286139,
              12.003737210986184
            ],
            [
              103.3861775197227,
              8.102333165019198
            ],
            [
              105.92866506463962,
              8.102333165019198
            ],
            [
              105.92192106584673,
              12.72534521948829
            ]
          ]
        ]
      }
    },
    {
      "type": "Feature",
      "properties": {
        "type": "reference_swath",
        "source": "swath_jpss.geojson",
        "source_index": 9,
        "satellite": "JPSS-1",
        "satellite_name": "JPSS-1 (NOAA-20)",
        "sensor": "VIIRS",
        "sensor_name": "Visible Infrared Imaging Radiometer Suite",
        "product": "FLOOD",
        "datetime": "2026-06-20T05:57:05.5Z",
        "filename": null,
        "station_inside": false,
        "station_buffer_intersects": true,
        "bounds": [
          95.927315,
          16.498613,
          103.581753,
          18.103685
        ],
        "planning_note": "reference swath sample; not time-matched to the generated TLE planning window"
      },
      "geometry": {
        "type": "Polygon",
        "coordinates": [
          [
            [
              95.92731485479396,
              18.10368528285678
            ],
            [
              96.13975081676978,
              16.498613263945558
            ],
            [
              103.5817534847163,
              18.096941282777323
            ],
            [
              103.5817534847163,
              18.10368528285678
            ],
            [
              95.92731485479396,
              18.10368528285678
            ]
          ]
        ]
      }
    },
    {
      "type": "Feature",
      "properties": {
        "type": "reference_swath",
        "source": "swath_jpss.geojson",
        "source_index": 10,
        "satellite": "JPSS-1",
        "satellite_name": "JPSS-1 (NOAA-20)",
        "sensor": "VIIRS",
        "sensor_name": "Visible Infrared Imaging Radiometer Suite",
        "product": "FLOOD",
        "datetime": "2026-06-20T05:55:40Z",
        "filename": null,
        "station_inside": true,
        "station_buffer_intersects": true,
        "bounds": [
          96.129635,
          11.666537,
          105.928665,
          18.103685
        ],
        "planning_note": "reference swath sample; not time-matched to the generated TLE planning window"
      },
      "geometry": {
        "type": "Polygon",
        "coordinates": [
          [
            [
              105.92866506463962,
              18.10368528285678
            ],
            [
              96.12963481858046,
              16.572797264819606
            ],
            [
              97.63354654939339,
              11.666537207013238
            ],
            [
              105.92866506463962,
              13.305329226321756
            ],
            [
              105.92866506463962,
              18.10368528285678
            ]
          ]
        ]
      }
    },
    {
      "type": "Feature",
      "properties": {
        "type": "reference_swath",
        "source": "swath_jpss.geojson",
        "source_index": 11,
        "satellite": "JPSS-1",
        "satellite_name": "JPSS-1 (NOAA-20)",
        "sensor": "VIIRS",
        "sensor_name": "Visible Infrared Imaging Radiometer Suite",
        "product": "FLOOD",
        "datetime": "2026-06-20T05:54:14Z",
        "filename": null,
        "station_inside": false,
        "station_buffer_intersects": true,
        "bounds": [
          97.626803,
          8.102333,
          105.928665,
          13.318817
        ],
        "planning_note": "reference swath sample; not time-matched to the generated TLE planning window"
      },
      "geometry": {
        "type": "Polygon",
        "coordinates": [
          [
            [
              105.92529306524318,
              13.318817226480675
            ],
            [
              97.6268025506005,
              11.744093207927015
            ],
            [
              98.63503037013653,
              8.105705165058929
            ],
            [
              105.92866506463962,
              8.102333165019198
            ],
            [
              105.92529306524318,
              13.318817226480675
            ]
          ]
        ]
      }
    },
    {
      "type": "Feature",
      "properties": {
        "type": "reference_swath",
        "source": "swath_jpss.geojson",
        "source_index": 12,
        "satellite": "JPSS-1",
        "satellite_name": "JPSS-1 (NOAA-20)",
        "sensor": "VIIRS",
        "sensor_name": "Visible Infrared Imaging Radiometer Suite",
        "product": "FLOOD",
        "datetime": "2026-06-19T06:16:00.5Z",
        "filename": null,
        "station_inside": false,
        "station_buffer_intersects": true,
        "bounds": [
          95.927315,
          17.237081,
          100.317658,
          18.103685
        ],
        "planning_note": "reference swath sample; not time-matched to the generated TLE planning window"
      },
      "geometry": {
        "type": "Polygon",
        "coordinates": [
          [
            [
              100.31765806896087,
              18.10368528285678
            ],
            [
              95.92731485479396,
              17.237081272646307
            ],
            [
              100.31765806896087,
              18.096941282777323
            ],
            [
              100.31765806896087,
              18.10368528285678
            ]
          ]
        ]
      }
    },
    {
      "type": "Feature",
      "properties": {
        "type": "reference_swath",
        "source": "swath_jpss.geojson",
        "source_index": 13,
        "satellite": "JPSS-1",
        "satellite_name": "JPSS-1 (NOAA-20)",
        "sensor": "VIIRS",
        "sensor_name": "Visible Infrared Imaging Radiometer Suite",
        "product": "FLOOD",
        "datetime": "2026-06-19T06:14:35Z",
        "filename": null,
        "station_inside": true,
        "station_buffer_intersects": true,
        "bounds": [
          95.927315,
          12.027341,
          105.928665,
          18.103685
        ],
        "planning_note": "reference swath sample; not time-matched to the generated TLE planning window"
      },
      "geometry": {
        "type": "Polygon",
        "coordinates": [
          [
            [
              105.92866506463962,
              18.10368528285678
            ],
            [
              95.92731485479396,
              17.267429273003874
            ],
            [
              95.92731485479396,
              12.027341211264291
            ],
            [
              105.92866506463962,
              13.814501232320906
            ],
            [
              105.92866506463962,
              18.10368528285678
            ]
          ]
        ]
      }
    },
    {
      "type": "Feature",
      "properties": {
        "type": "reference_swath",
        "source": "swath_jpss.geojson",
        "source_index": 14,
        "satellite": "JPSS-1",
        "satellite_name": "JPSS-1 (NOAA-20)",
        "sensor": "VIIRS",
        "sensor_name": "Visible Infrared Imaging Radiometer Suite",
        "product": "FLOOD",
        "datetime": "2026-06-19T06:13:10Z",
        "filename": null,
        "station_inside": false,
        "station_buffer_intersects": true,
        "bounds": [
          95.927315,
          8.102333,
          105.928665,
          13.817873
        ],
        "planning_note": "reference swath sample; not time-matched to the generated TLE planning window"
      },
      "geometry": {
        "type": "Polygon",
        "coordinates": [
          [
            [
              105.9185490664503,
              13.817873232360636
            ],
            [
              95.92731485479396,
              12.071177211780775
            ],
            [
              95.92731485479396,
              8.102333165019198
            ],
            [
              105.92866506463962,
              8.702549172091043
            ],
            [
              105.9185490664503,
              13.817873232360636
            ]
          ]
        ]
      }
    },
    {
      "type": "Feature",
      "properties": {
        "type": "reference_swath",
        "source": "swath_jpss.geojson",
        "source_index": 15,
        "satellite": "JPSS-1",
        "satellite_name": "JPSS-1 (NOAA-20)",
        "sensor": "VIIRS",
        "sensor_name": "Visible Infrared Imaging Radiometer Suite",
        "product": "FLOOD",
        "datetime": "2026-06-19T06:11:45Z",
        "filename": null,
        "station_inside": false,
        "station_buffer_intersects": true,
        "bounds": [
          102.179002,
          8.102333,
          105.928665,
          8.260817
        ],
        "planning_note": "reference swath sample; not time-matched to the generated TLE planning window"
      },
      "geometry": {
        "type": "Polygon",
        "coordinates": [
          [
            [
              105.92866506463962,
              8.102333165019198
            ],
            [
              103.08269757404295,
              8.260817166886483
            ],
            [
              102.17900173579662,
              8.102333165019198
            ],
            [
              105.92866506463962,
              8.102333165019198
            ]
          ]
        ]
      }
    },
    {
      "type": "Feature",
      "properties": {
        "type": "reference_swath",
        "source": "swath_jpss.geojson",
        "source_index": 16,
        "satellite": "JPSS-1",
        "satellite_name": "JPSS-1 (NOAA-20)",
        "sensor": "VIIRS",
        "sensor_name": "Visible Infrared Imaging Radiometer Suite",
        "product": "FLOOD",
        "datetime": "2026-06-18T06:33:31Z",
        "filename": null,
        "station_inside": false,
        "station_buffer_intersects": true,
        "bounds": [
          95.927315,
          12.762437,
          105.928665,
          18.103685
        ],
        "planning_note": "reference swath sample; not time-matched to the generated TLE planning window"
      },
      "geometry": {
        "type": "Polygon",
        "coordinates": [
          [
            [
              105.92866506463962,
              18.10368528285678
            ],
            [
              95.92731485479396,
              17.901365280473012
            ],
            [
              95.92731485479396,
              12.762437219925314
            ],
            [
              105.92866506463962,
              14.327045238359783
            ],
            [
              105.92866506463962,
              18.10368528285678
            ]
          ]
        ]
      }
    },
    {
      "type": "Feature",
      "properties": {
        "type": "reference_swath",
        "source": "swath_jpss.geojson",
        "source_index": 17,
        "satellite": "JPSS-1",
        "satellite_name": "JPSS-1 (NOAA-20)",
        "sensor": "VIIRS",
        "sensor_name": "Visible Infrared Imaging Radiometer Suite",
        "product": "FLOOD",
        "datetime": "2026-06-18T06:32:06Z",
        "filename": null,
        "station_inside": true,
        "station_buffer_intersects": true,
        "bounds": [
          95.927315,
          8.102333,
          105.928665,
          14.347277
        ],
        "planning_note": "reference swath sample; not time-matched to the generated TLE planning window"
      },
      "geometry": {
        "type": "Polygon",
        "coordinates": [
          [
            [
              105.9185490664503,
              14.34727723859816
            ],
            [
              95.9306868541904,
              12.78266922016369
            ],
            [
              95.92731485479396,
              8.102333165019198
            ],
            [
              105.92866506463962,
              9.137537177216144
            ],
            [
              105.9185490664503,
              14.34727723859816
            ]
          ]
        ]
      }
    },
    {
      "type": "Feature",
      "properties": {
        "type": "reference_swath",
        "source": "swath_jpss.geojson",
        "source_index": 18,
        "satellite": "JPSS-1",
        "satellite_name": "JPSS-1 (NOAA-20)",
        "sensor": "VIIRS",
        "sensor_name": "Visible Infrared Imaging Radiometer Suite",
        "product": "FLOOD",
        "datetime": "2026-06-18T06:30:40.5Z",
        "filename": null,
        "station_inside": false,
        "station_buffer_intersects": true,
        "bounds": [
          99.100366,
          8.102333,
          105.928665,
          9.151025
        ],
        "planning_note": "reference swath sample; not time-matched to the generated TLE planning window"
      },
      "geometry": {
        "type": "Polygon",
        "coordinates": [
          [
            [
              105.91517706705386,
              9.151025177375061
            ],
            [
              101.91598578287417,
              8.547437170263487
            ],
            [
              99.10036628684547,
              8.102333165019198
            ],
            [
              105.92866506463962,
              8.102333165019198
            ],
            [
              105.91517706705386,
              9.151025177375061
            ]
          ]
        ]
      }
    },
    {
      "type": "Feature",
      "properties": {
        "type": "reference_swath",
        "source": "swath_jpss.geojson",
        "source_index": 19,
        "satellite": "JPSS-1",
        "satellite_name": "JPSS-1 (NOAA-20)",
        "sensor": "VIIRS",
        "sensor_name": "Visible Infrared Imaging Radiometer Suite",
        "product": "FLOOD",
        "datetime": "2026-06-17T06:52:26Z",
        "filename": null,
        "station_inside": false,
        "station_buffer_intersects": true,
        "bounds": [
          95.927315,
          13.288469,
          105.928665,
          18.103685
        ],
        "planning_note": "reference swath sample; not time-matched to the generated TLE planning window"
      },
      "geometry": {
        "type": "Polygon",
        "coordinates": [
          [
            [
              95.92731485479396,
              18.10368528285678
            ],
            [
              95.92731485479396,
              13.288469226123109
            ],
            [
              105.92866506463962,
              14.647385242134083
            ],
            [
              105.92866506463962,
              18.10368528285678
            ],
            [
              95.92731485479396,
              18.10368528285678
            ]
          ]
        ]
      }
    },
    {
      "type": "Feature",
      "properties": {
        "type": "aoi",
        "source": "aoi_demo.geojson",
        "feature_count": 1
      },
      "geometry": {
        "type": "Polygon",
        "coordinates": [
          [
            [
              99.5,
              12.2
            ],
            [
              102.4,
              12.2
            ],
            [
              102.4,
              14.0
            ],
            [
              99.5,
              14.0
            ],
            [
              99.5,
              12.2
            ]
          ]
        ]
      }
    },
    {
      "type": "Feature",
      "properties": {
        "satellite": "SUOMI NPP",
        "direction": "ascending",
        "planning_method": "topocentric_elevation_access",
        "min_elevation_deg": 5.0,
        "tle_epoch_utc": "2026-07-06T20:45:49Z",
        "tle_age_hours": 8.49,
        "tle_quality": "good",
        "aos_utc": "2026-07-07T05:15:25Z",
        "los_utc": "2026-07-07T05:21:49Z",
        "tca_utc": "2026-07-07T05:18:30Z",
        "max_elevation_utc": "2026-07-07T05:18:30Z",
        "duration_minutes": 6.4,
        "min_distance_km": 2243.7,
        "max_elevation_deg": 8.82,
        "tca_azimuth_deg": 72.73,
        "tca_elevation_deg": 8.82,
        "tca_slant_range_km": 2518.02,
        "closest_lon": 121.233325,
        "closest_lat": 18.138871,
        "aos_lon": 123.763343,
        "aos_lat": 7.360523,
        "aos_azimuth_deg": 101.88,
        "los_lon": 118.228043,
        "los_lat": 29.768067,
        "los_azimuth_deg": 41.03,
        "confidence": "medium",
        "aoi_covered": false,
        "aoi_points_inside": 0,
        "reference_swath_file": "swath_jpss.geojson",
        "reference_swath_source_count": 20,
        "reference_swath_station_inside_count": 5,
        "reference_swath_buffer_intersects_count": 20,
        "reference_swath_satellites": "JPSS-1 (NOAA-20)",
        "reference_swath_sensors": "VIIRS",
        "reference_swath_time_min": "2026-06-17T06:52:26Z",
        "reference_swath_time_max": "2026-06-22T06:58:49.5Z",
        "reference_swath_note": "sample footprint only; not time-matched to this planning pass",
        "type": "visible_track"
      },
      "geometry": {
        "type": "LineString",
        "coordinates": [
          [
            123.763342747509,
            7.360523427191294
          ],
          [
            123.70316945510189,
            7.624051656674571
          ],
          [
            123.30061105608183,
            9.376987874080223
          ],
          [
            122.89521759582556,
            11.129802079227698
          ],
          [
            122.4864123762784,
            12.882447648382705
          ],
          [
            122.0735919268464,
            14.634875796367336
          ],
          [
            121.65612068768189,
            16.387035165028756
          ],
          [
            121.23332514014271,
            18.138871367927013
          ],
          [
            120.80448727316877,
            19.89032648178692
          ],
          [
            120.36883723755932,
            21.641338473558488
          ],
          [
            119.92554503087035,
            23.391840549879564
          ],
          [
            119.47371101397528,
            25.141760413108052
          ],
          [
            119.01235485561875,
            26.89101940485278
          ],
          [
            118.54040362763271,
            28.639531513780156
          ],
          [
            118.22804297685923,
            29.768066936398167
          ]
        ]
      }
    },
    {
      "type": "Feature",
      "properties": {
        "satellite": "SUOMI NPP",
        "direction": "ascending",
        "planning_method": "topocentric_elevation_access",
        "min_elevation_deg": 5.0,
        "tle_epoch_utc": "2026-07-06T20:45:49Z",
        "tle_age_hours": 8.49,
        "tle_quality": "good",
        "aos_utc": "2026-07-07T05:15:25Z",
        "los_utc": "2026-07-07T05:21:49Z",
        "tca_utc": "2026-07-07T05:18:30Z",
        "max_elevation_utc": "2026-07-07T05:18:30Z",
        "duration_minutes": 6.4,
        "min_distance_km": 2243.7,
        "max_elevation_deg": 8.82,
        "tca_azimuth_deg": 72.73,
        "tca_elevation_deg": 8.82,
        "tca_slant_range_km": 2518.02,
        "closest_lon": 121.233325,
        "closest_lat": 18.138871,
        "aos_lon": 123.763343,
        "aos_lat": 7.360523,
        "aos_azimuth_deg": 101.88,
        "los_lon": 118.228043,
        "los_lat": 29.768067,
        "los_azimuth_deg": 41.03,
        "confidence": "medium",
        "aoi_covered": false,
        "aoi_points_inside": 0,
        "reference_swath_file": "swath_jpss.geojson",
        "reference_swath_source_count": 20,
        "reference_swath_station_inside_count": 5,
        "reference_swath_buffer_intersects_count": 20,
        "reference_swath_satellites": "JPSS-1 (NOAA-20)",
        "reference_swath_sensors": "VIIRS",
        "reference_swath_time_min": "2026-06-17T06:52:26Z",
        "reference_swath_time_max": "2026-06-22T06:58:49.5Z",
        "reference_swath_note": "sample footprint only; not time-matched to this planning pass",
        "type": "aos",
        "color": "cyan"
      },
      "geometry": {
        "type": "Point",
        "coordinates": [
          123.763342747509,
          7.360523427191294
        ]
      }
    },
    {
      "type": "Feature",
      "properties": {
        "satellite": "SUOMI NPP",
        "direction": "ascending",
        "planning_method": "topocentric_elevation_access",
        "min_elevation_deg": 5.0,
        "tle_epoch_utc": "2026-07-06T20:45:49Z",
        "tle_age_hours": 8.49,
        "tle_quality": "good",
        "aos_utc": "2026-07-07T05:15:25Z",
        "los_utc": "2026-07-07T05:21:49Z",
        "tca_utc": "2026-07-07T05:18:30Z",
        "max_elevation_utc": "2026-07-07T05:18:30Z",
        "duration_minutes": 6.4,
        "min_distance_km": 2243.7,
        "max_elevation_deg": 8.82,
        "tca_azimuth_deg": 72.73,
        "tca_elevation_deg": 8.82,
        "tca_slant_range_km": 2518.02,
        "closest_lon": 121.233325,
        "closest_lat": 18.138871,
        "aos_lon": 123.763343,
        "aos_lat": 7.360523,
        "aos_azimuth_deg": 101.88,
        "los_lon": 118.228043,
        "los_lat": 29.768067,
        "los_azimuth_deg": 41.03,
        "confidence": "medium",
        "aoi_covered": false,
        "aoi_points_inside": 0,
        "reference_swath_file": "swath_jpss.geojson",
        "reference_swath_source_count": 20,
        "reference_swath_station_inside_count": 5,
        "reference_swath_buffer_intersects_count": 20,
        "reference_swath_satellites": "JPSS-1 (NOAA-20)",
        "reference_swath_sensors": "VIIRS",
        "reference_swath_time_min": "2026-06-17T06:52:26Z",
        "reference_swath_time_max": "2026-06-22T06:58:49.5Z",
        "reference_swath_note": "sample footprint only; not time-matched to this planning pass",
        "type": "tca",
        "color": "yellow"
      },
      "geometry": {
        "type": "Point",
        "coordinates": [
          121.23332514014271,
          18.138871367927013
        ]
      }
    },
    {
      "type": "Feature",
      "properties": {
        "satellite": "SUOMI NPP",
        "direction": "ascending",
        "planning_method": "topocentric_elevation_access",
        "min_elevation_deg": 5.0,
        "tle_epoch_utc": "2026-07-06T20:45:49Z",
        "tle_age_hours": 8.49,
        "tle_quality": "good",
        "aos_utc": "2026-07-07T05:15:25Z",
        "los_utc": "2026-07-07T05:21:49Z",
        "tca_utc": "2026-07-07T05:18:30Z",
        "max_elevation_utc": "2026-07-07T05:18:30Z",
        "duration_minutes": 6.4,
        "min_distance_km": 2243.7,
        "max_elevation_deg": 8.82,
        "tca_azimuth_deg": 72.73,
        "tca_elevation_deg": 8.82,
        "tca_slant_range_km": 2518.02,
        "closest_lon": 121.233325,
        "closest_lat": 18.138871,
        "aos_lon": 123.763343,
        "aos_lat": 7.360523,
        "aos_azimuth_deg": 101.88,
        "los_lon": 118.228043,
        "los_lat": 29.768067,
        "los_azimuth_deg": 41.03,
        "confidence": "medium",
        "aoi_covered": false,
        "aoi_points_inside": 0,
        "reference_swath_file": "swath_jpss.geojson",
        "reference_swath_source_count": 20,
        "reference_swath_station_inside_count": 5,
        "reference_swath_buffer_intersects_count": 20,
        "reference_swath_satellites": "JPSS-1 (NOAA-20)",
        "reference_swath_sensors": "VIIRS",
        "reference_swath_time_min": "2026-06-17T06:52:26Z",
        "reference_swath_time_max": "2026-06-22T06:58:49.5Z",
        "reference_swath_note": "sample footprint only; not time-matched to this planning pass",
        "type": "los",
        "color": "green"
      },
      "geometry": {
        "type": "Point",
        "coordinates": [
          118.22804297685923,
          29.768066936398167
        ]
      }
    },
    {
      "type": "Feature",
      "properties": {
        "satellite": "NOAA 20 (JPSS-1)",
        "direction": "ascending",
        "planning_method": "topocentric_elevation_access",
        "min_elevation_deg": 5.0,
        "tle_epoch_utc": "2026-07-06T19:23:29Z",
        "tle_age_hours": 10.14,
        "tle_quality": "good",
        "aos_utc": "2026-07-07T05:32:10Z",
        "los_utc": "2026-07-07T05:42:20Z",
        "tca_utc": "2026-07-07T05:37:30Z",
        "max_elevation_utc": "2026-07-07T05:37:30Z",
        "duration_minutes": 10.16,
        "min_distance_km": 1600.92,
        "max_elevation_deg": 18.55,
        "tca_azimuth_deg": 69.98,
        "tca_elevation_deg": 18.55,
        "tca_slant_range_km": 1893.31,
        "closest_lon": 115.137552,
        "closest_lat": 17.537312,
        "aos_lon": 119.437896,
        "aos_lat": -1.111521,
        "aos_azimuth_deg": 126.19,
        "los_lon": 110.635699,
        "los_lat": 34.469522,
        "los_azimuth_deg": 20.72,
        "confidence": "medium",
        "aoi_covered": false,
        "aoi_points_inside": 0,
        "reference_swath_file": "swath_jpss.geojson",
        "reference_swath_source_count": 20,
        "reference_swath_station_inside_count": 5,
        "reference_swath_buffer_intersects_count": 20,
        "reference_swath_satellites": "JPSS-1 (NOAA-20)",
        "reference_swath_sensors": "VIIRS",
        "reference_swath_time_min": "2026-06-17T06:52:26Z",
        "reference_swath_time_max": "2026-06-22T06:58:49.5Z",
        "reference_swath_note": "sample footprint only; not time-matched to this planning pass",
        "type": "visible_track"
      },
      "geometry": {
        "type": "LineString",
        "coordinates": [
          [
            119.43789644215803,
            -1.1115214213552052
          ],
          [
            119.18435251571617,
            0.011020810214587949
          ],
          [
            118.7884636588596,
            1.7638055602909892
          ],
          [
            118.39204533490795,
            3.5166698054074614
          ],
          [
            117.99458586948583,
            5.269572681918053
          ],
          [
            117.59556577463138,
            7.022472610631672
          ],
          [
            117.19445379582555,
            8.775326993763928
          ],
          [
            116.79070277177391,
            10.528091897201584
          ],
          [
            116.38374523861074,
            12.280721712592738
          ],
          [
            115.97298870270964,
            14.03316879326483
          ],
          [
            115.55781049702568,
            15.785383057167664
          ],
          [
            115.13755212397012,
            17.53731154911984
          ],
          [
            114.7115129727294,
            19.288897953395377
          ],
          [
            114.27894328046023,
            21.040082046170934
          ],
          [
            113.83903617985942,
            22.790799075402916
          ],
          [
            113.39091865582321,
            24.54097905334757
          ],
          [
            112.93364118071275,
            26.29054594385886
          ],
          [
            112.46616576783515,
            28.039416722887378
          ],
          [
            111.9873521149949,
            29.787500285768925
          ],
          [
            111.49594144014924,
            31.534696168919442
          ],
          [
            110.99053751824755,
            33.28089304583907
          ],
          [
            110.6356987657652,
            34.4695215776482
          ]
        ]
      }
    },
    {
      "type": "Feature",
      "properties": {
        "satellite": "NOAA 20 (JPSS-1)",
        "direction": "ascending",
        "planning_method": "topocentric_elevation_access",
        "min_elevation_deg": 5.0,
        "tle_epoch_utc": "2026-07-06T19:23:29Z",
        "tle_age_hours": 10.14,
        "tle_quality": "good",
        "aos_utc": "2026-07-07T05:32:10Z",
        "los_utc": "2026-07-07T05:42:20Z",
        "tca_utc": "2026-07-07T05:37:30Z",
        "max_elevation_utc": "2026-07-07T05:37:30Z",
        "duration_minutes": 10.16,
        "min_distance_km": 1600.92,
        "max_elevation_deg": 18.55,
        "tca_azimuth_deg": 69.98,
        "tca_elevation_deg": 18.55,
        "tca_slant_range_km": 1893.31,
        "closest_lon": 115.137552,
        "closest_lat": 17.537312,
        "aos_lon": 119.437896,
        "aos_lat": -1.111521,
        "aos_azimuth_deg": 126.19,
        "los_lon": 110.635699,
        "los_lat": 34.469522,
        "los_azimuth_deg": 20.72,
        "confidence": "medium",
        "aoi_covered": false,
        "aoi_points_inside": 0,
        "reference_swath_file": "swath_jpss.geojson",
        "reference_swath_source_count": 20,
        "reference_swath_station_inside_count": 5,
        "reference_swath_buffer_intersects_count": 20,
        "reference_swath_satellites": "JPSS-1 (NOAA-20)",
        "reference_swath_sensors": "VIIRS",
        "reference_swath_time_min": "2026-06-17T06:52:26Z",
        "reference_swath_time_max": "2026-06-22T06:58:49.5Z",
        "reference_swath_note": "sample footprint only; not time-matched to this planning pass",
        "type": "aos",
        "color": "cyan"
      },
      "geometry": {
        "type": "Point",
        "coordinates": [
          119.43789644215803,
          -1.1115214213552052
        ]
      }
    },
    {
      "type": "Feature",
      "properties": {
        "satellite": "NOAA 20 (JPSS-1)",
        "direction": "ascending",
        "planning_method": "topocentric_elevation_access",
        "min_elevation_deg": 5.0,
        "tle_epoch_utc": "2026-07-06T19:23:29Z",
        "tle_age_hours": 10.14,
        "tle_quality": "good",
        "aos_utc": "2026-07-07T05:32:10Z",
        "los_utc": "2026-07-07T05:42:20Z",
        "tca_utc": "2026-07-07T05:37:30Z",
        "max_elevation_utc": "2026-07-07T05:37:30Z",
        "duration_minutes": 10.16,
        "min_distance_km": 1600.92,
        "max_elevation_deg": 18.55,
        "tca_azimuth_deg": 69.98,
        "tca_elevation_deg": 18.55,
        "tca_slant_range_km": 1893.31,
        "closest_lon": 115.137552,
        "closest_lat": 17.537312,
        "aos_lon": 119.437896,
        "aos_lat": -1.111521,
        "aos_azimuth_deg": 126.19,
        "los_lon": 110.635699,
        "los_lat": 34.469522,
        "los_azimuth_deg": 20.72,
        "confidence": "medium",
        "aoi_covered": false,
        "aoi_points_inside": 0,
        "reference_swath_file": "swath_jpss.geojson",
        "reference_swath_source_count": 20,
        "reference_swath_station_inside_count": 5,
        "reference_swath_buffer_intersects_count": 20,
        "reference_swath_satellites": "JPSS-1 (NOAA-20)",
        "reference_swath_sensors": "VIIRS",
        "reference_swath_time_min": "2026-06-17T06:52:26Z",
        "reference_swath_time_max": "2026-06-22T06:58:49.5Z",
        "reference_swath_note": "sample footprint only; not time-matched to this planning pass",
        "type": "tca",
        "color": "yellow"
      },
      "geometry": {
        "type": "Point",
        "coordinates": [
          115.13755212397012,
          17.53731154911984
        ]
      }
    },
    {
      "type": "Feature",
      "properties": {
        "satellite": "NOAA 20 (JPSS-1)",
        "direction": "ascending",
        "planning_method": "topocentric_elevation_access",
        "min_elevation_deg": 5.0,
        "tle_epoch_utc": "2026-07-06T19:23:29Z",
        "tle_age_hours": 10.14,
        "tle_quality": "good",
        "aos_utc": "2026-07-07T05:32:10Z",
        "los_utc": "2026-07-07T05:42:20Z",
        "tca_utc": "2026-07-07T05:37:30Z",
        "max_elevation_utc": "2026-07-07T05:37:30Z",
        "duration_minutes": 10.16,
        "min_distance_km": 1600.92,
        "max_elevation_deg": 18.55,
        "tca_azimuth_deg": 69.98,
        "tca_elevation_deg": 18.55,
        "tca_slant_range_km": 1893.31,
        "closest_lon": 115.137552,
        "closest_lat": 17.537312,
        "aos_lon": 119.437896,
        "aos_lat": -1.111521,
        "aos_azimuth_deg": 126.19,
        "los_lon": 110.635699,
        "los_lat": 34.469522,
        "los_azimuth_deg": 20.72,
        "confidence": "medium",
        "aoi_covered": false,
        "aoi_points_inside": 0,
        "reference_swath_file": "swath_jpss.geojson",
        "reference_swath_source_count": 20,
        "reference_swath_station_inside_count": 5,
        "reference_swath_buffer_intersects_count": 20,
        "reference_swath_satellites": "JPSS-1 (NOAA-20)",
        "reference_swath_sensors": "VIIRS",
        "reference_swath_time_min": "2026-06-17T06:52:26Z",
        "reference_swath_time_max": "2026-06-22T06:58:49.5Z",
        "reference_swath_note": "sample footprint only; not time-matched to this planning pass",
        "type": "los",
        "color": "green"
      },
      "geometry": {
        "type": "Point",
        "coordinates": [
          110.6356987657652,
          34.4695215776482
        ]
      }
    },
    {
      "type": "Feature",
      "properties": {
        "satellite": "NOAA 21 (JPSS-2)",
        "direction": "ascending",
        "planning_method": "topocentric_elevation_access",
        "min_elevation_deg": 5.0,
        "tle_epoch_utc": "2026-07-06T18:28:42Z",
        "tle_age_hours": 11.8,
        "tle_quality": "good",
        "aos_utc": "2026-07-07T06:16:40Z",
        "los_utc": "2026-07-07T06:29:28Z",
        "tca_utc": "2026-07-07T06:23:00Z",
        "max_elevation_utc": "2026-07-07T06:23:00Z",
        "duration_minutes": 12.81,
        "min_distance_km": 295.21,
        "max_elevation_deg": 67.83,
        "tca_azimuth_deg": 82.57,
        "tca_elevation_deg": 67.83,
        "tca_slant_range_km": 887.38,
        "closest_lon": 103.643696,
        "closest_lat": 13.356405,
        "aos_lon": 108.678208,
        "aos_lat": -8.843766,
        "aos_azimuth_deg": 160.21,
        "los_lon": 97.713353,
        "los_lat": 36.017805,
        "los_azimuth_deg": 353.38,
        "confidence": "medium",
        "aoi_covered": false,
        "aoi_points_inside": 0,
        "reference_swath_file": "swath_jpss.geojson",
        "reference_swath_source_count": 20,
        "reference_swath_station_inside_count": 5,
        "reference_swath_buffer_intersects_count": 20,
        "reference_swath_satellites": "JPSS-1 (NOAA-20)",
        "reference_swath_sensors": "VIIRS",
        "reference_swath_time_min": "2026-06-17T06:52:26Z",
        "reference_swath_time_max": "2026-06-22T06:58:49.5Z",
        "reference_swath_note": "sample footprint only; not time-matched to this planning pass",
        "type": "visible_track"
      },
      "geometry": {
        "type": "LineString",
        "coordinates": [
          [
            108.67820775569407,
            -8.84376571847743
          ],
          [
            108.41219548834863,
            -7.677579403257287
          ],
          [
            108.01484350363245,
            -5.925501558029729
          ],
          [
            107.61919406779964,
            -4.17315286341819
          ],
          [
            107.2247290692934,
            -2.420573600352509
          ],
          [
            106.83093917767587,
            -0.6678035143671832
          ],
          [
            106.43732001945511,
            1.0851178930827656
          ],
          [
            106.04336842623559,
            2.8381510795020013
          ],
          [
            105.6485787035158,
            4.5912561778081065
          ],
          [
            105.252438859152,
            6.344392709795528
          ],
          [
            104.85442673270938,
            8.097519291937783
          ],
          [
            104.45400596380375,
            9.850593328668419
          ],
          [
            104.05062173320414,
            11.60357068792877
          ],
          [
            103.6436962042643,
            13.356405353268897
          ],
          [
            103.23262358439081,
            15.109049046131354
          ],
          [
            102.81676471219515,
            16.861450811078516
          ],
          [
            102.39544107200754,
            18.613556555648714
          ],
          [
            101.96792810383909,
            20.365308535082637
          ],
          [
            101.53344767150958,
            22.116644770504685
          ],
          [
            101.09115951485194,
            23.867498386875383
          ],
          [
            100.64015148138913,
            25.617796854384512
          ],
          [
            100.17942829019762,
            27.36746111347178
          ],
          [
            99.7078985277168,
            29.116404559394958
          ],
          [
            99.22435950863257,
            30.864531856802696
          ],
          [
            98.72747938309556,
            32.61173754788055
          ],
          [
            98.21577693803675,
            34.357904408819635
          ],
          [
            97.71335303633128,
            36.017805380814885
          ]
        ]
      }
    },
    {
      "type": "Feature",
      "properties": {
        "satellite": "NOAA 21 (JPSS-2)",
        "direction": "ascending",
        "planning_method": "topocentric_elevation_access",
        "min_elevation_deg": 5.0,
        "tle_epoch_utc": "2026-07-06T18:28:42Z",
        "tle_age_hours": 11.8,
        "tle_quality": "good",
        "aos_utc": "2026-07-07T06:16:40Z",
        "los_utc": "2026-07-07T06:29:28Z",
        "tca_utc": "2026-07-07T06:23:00Z",
        "max_elevation_utc": "2026-07-07T06:23:00Z",
        "duration_minutes": 12.81,
        "min_distance_km": 295.21,
        "max_elevation_deg": 67.83,
        "tca_azimuth_deg": 82.57,
        "tca_elevation_deg": 67.83,
        "tca_slant_range_km": 887.38,
        "closest_lon": 103.643696,
        "closest_lat": 13.356405,
        "aos_lon": 108.678208,
        "aos_lat": -8.843766,
        "aos_azimuth_deg": 160.21,
        "los_lon": 97.713353,
        "los_lat": 36.017805,
        "los_azimuth_deg": 353.38,
        "confidence": "medium",
        "aoi_covered": false,
        "aoi_points_inside": 0,
        "reference_swath_file": "swath_jpss.geojson",
        "reference_swath_source_count": 20,
        "reference_swath_station_inside_count": 5,
        "reference_swath_buffer_intersects_count": 20,
        "reference_swath_satellites": "JPSS-1 (NOAA-20)",
        "reference_swath_sensors": "VIIRS",
        "reference_swath_time_min": "2026-06-17T06:52:26Z",
        "reference_swath_time_max": "2026-06-22T06:58:49.5Z",
        "reference_swath_note": "sample footprint only; not time-matched to this planning pass",
        "type": "aos",
        "color": "cyan"
      },
      "geometry": {
        "type": "Point",
        "coordinates": [
          108.67820775569407,
          -8.84376571847743
        ]
      }
    },
    {
      "type": "Feature",
      "properties": {
        "satellite": "NOAA 21 (JPSS-2)",
        "direction": "ascending",
        "planning_method": "topocentric_elevation_access",
        "min_elevation_deg": 5.0,
        "tle_epoch_utc": "2026-07-06T18:28:42Z",
        "tle_age_hours": 11.8,
        "tle_quality": "good",
        "aos_utc": "2026-07-07T06:16:40Z",
        "los_utc": "2026-07-07T06:29:28Z",
        "tca_utc": "2026-07-07T06:23:00Z",
        "max_elevation_utc": "2026-07-07T06:23:00Z",
        "duration_minutes": 12.81,
        "min_distance_km": 295.21,
        "max_elevation_deg": 67.83,
        "tca_azimuth_deg": 82.57,
        "tca_elevation_deg": 67.83,
        "tca_slant_range_km": 887.38,
        "closest_lon": 103.643696,
        "closest_lat": 13.356405,
        "aos_lon": 108.678208,
        "aos_lat": -8.843766,
        "aos_azimuth_deg": 160.21,
        "los_lon": 97.713353,
        "los_lat": 36.017805,
        "los_azimuth_deg": 353.38,
        "confidence": "medium",
        "aoi_covered": false,
        "aoi_points_inside": 0,
        "reference_swath_file": "swath_jpss.geojson",
        "reference_swath_source_count": 20,
        "reference_swath_station_inside_count": 5,
        "reference_swath_buffer_intersects_count": 20,
        "reference_swath_satellites": "JPSS-1 (NOAA-20)",
        "reference_swath_sensors": "VIIRS",
        "reference_swath_time_min": "2026-06-17T06:52:26Z",
        "reference_swath_time_max": "2026-06-22T06:58:49.5Z",
        "reference_swath_note": "sample footprint only; not time-matched to this planning pass",
        "type": "tca",
        "color": "yellow"
      },
      "geometry": {
        "type": "Point",
        "coordinates": [
          103.6436962042643,
          13.356405353268897
        ]
      }
    },
    {
      "type": "Feature",
      "properties": {
        "satellite": "NOAA 21 (JPSS-2)",
        "direction": "ascending",
        "planning_method": "topocentric_elevation_access",
        "min_elevation_deg": 5.0,
        "tle_epoch_utc": "2026-07-06T18:28:42Z",
        "tle_age_hours": 11.8,
        "tle_quality": "good",
        "aos_utc": "2026-07-07T06:16:40Z",
        "los_utc": "2026-07-07T06:29:28Z",
        "tca_utc": "2026-07-07T06:23:00Z",
        "max_elevation_utc": "2026-07-07T06:23:00Z",
        "duration_minutes": 12.81,
        "min_distance_km": 295.21,
        "max_elevation_deg": 67.83,
        "tca_azimuth_deg": 82.57,
        "tca_elevation_deg": 67.83,
        "tca_slant_range_km": 887.38,
        "closest_lon": 103.643696,
        "closest_lat": 13.356405,
        "aos_lon": 108.678208,
        "aos_lat": -8.843766,
        "aos_azimuth_deg": 160.21,
        "los_lon": 97.713353,
        "los_lat": 36.017805,
        "los_azimuth_deg": 353.38,
        "confidence": "medium",
        "aoi_covered": false,
        "aoi_points_inside": 0,
        "reference_swath_file": "swath_jpss.geojson",
        "reference_swath_source_count": 20,
        "reference_swath_station_inside_count": 5,
        "reference_swath_buffer_intersects_count": 20,
        "reference_swath_satellites": "JPSS-1 (NOAA-20)",
        "reference_swath_sensors": "VIIRS",
        "reference_swath_time_min": "2026-06-17T06:52:26Z",
        "reference_swath_time_max": "2026-06-22T06:58:49.5Z",
        "reference_swath_note": "sample footprint only; not time-matched to this planning pass",
        "type": "los",
        "color": "green"
      },
      "geometry": {
        "type": "Point",
        "coordinates": [
          97.71335303633128,
          36.017805380814885
        ]
      }
    },
    {
      "type": "Feature",
      "properties": {
        "satellite": "SUOMI NPP",
        "direction": "ascending",
        "planning_method": "topocentric_elevation_access",
        "min_elevation_deg": 5.0,
        "tle_epoch_utc": "2026-07-06T20:45:49Z",
        "tle_age_hours": 10.1,
        "tle_quality": "good",
        "aos_utc": "2026-07-07T06:51:56Z",
        "los_utc": "2026-07-07T07:04:41Z",
        "tca_utc": "2026-07-07T06:58:30Z",
        "max_elevation_utc": "2026-07-07T06:58:30Z",
        "duration_minutes": 12.75,
        "min_distance_km": 414.3,
        "max_elevation_deg": 60.11,
        "tca_azimuth_deg": 268.23,
        "tca_elevation_deg": 60.11,
        "tca_slant_range_km": 938.87,
        "closest_lon": 97.111725,
        "closest_lat": 12.883652,
        "aos_lon": 102.357617,
        "aos_lat": -10.0861,
        "aos_azimuth_deg": 176.43,
        "los_lon": 91.463425,
        "los_lat": 34.576379,
        "los_azimuth_deg": 339.89,
        "confidence": "medium",
        "aoi_covered": false,
        "aoi_points_inside": 0,
        "reference_swath_file": "swath_jpss.geojson",
        "reference_swath_source_count": 20,
        "reference_swath_station_inside_count": 5,
        "reference_swath_buffer_intersects_count": 20,
        "reference_swath_satellites": "JPSS-1 (NOAA-20)",
        "reference_swath_sensors": "VIIRS",
        "reference_swath_time_min": "2026-06-17T06:52:26Z",
        "reference_swath_time_max": "2026-06-22T06:58:49.5Z",
        "reference_swath_note": "sample footprint only; not time-matched to this planning pass",
        "type": "visible_track"
      },
      "geometry": {
        "type": "LineString",
        "coordinates": [
          [
            102.35761735186907,
            -10.086100098616978
          ],
          [
            102.31479013202676,
            -9.901409541573551
          ],
          [
            101.91161318965152,
            -8.149584422364558
          ],
          [
            101.51084517657517,
            -6.397460882282788
          ],
          [
            101.1119453775911,
            -4.645081756798728
          ],
          [
            100.7143871143424,
            -2.89248890530907
          ],
          [
            100.31765369327206,
            -1.139723523282991
          ],
          [
            99.92123450586405,
            0.613173558187096
          ],
          [
            99.52462122603083,
            2.3661615804696012
          ],
          [
            99.12730404222725,
            4.119199568387934
          ],
          [
            98.72876786606315,
            5.872246039443113
          ],
          [
            98.32848845808473,
            7.625258706581355
          ],
          [
            97.9259284092035,
            9.37819416956923
          ],
          [
            97.52053291236575,
            11.131007589820635
          ],
          [
            97.11172525337952,
            12.883652342976253
          ],
          [
            96.69890194252133,
            14.63607964296396
          ],
          [
            96.28142739515886,
            16.388238130439206
          ],
          [
            95.85862806645832,
            18.140073417446484
          ],
          [
            95.4297859126101,
            19.891527578823965
          ],
          [
            94.99413104683731,
            21.64253857921662
          ],
          [
            94.55083342310962,
            23.393039622481364
          ],
          [
            94.09899318373584,
            25.142958407653826
          ],
          [
            93.63763044339873,
            26.892216272386896
          ],
          [
            93.1656717020806,
            28.64072720066467
          ],
          [
            92.68193590019536,
            30.388396666422462
          ],
          [
            92.18511716688158,
            32.135120278133066
          ],
          [
            91.67376473892455,
            33.88078218105851
          ],
          [
            91.46342514750285,
            34.57637930642872
          ]
        ]
      }
    },
    {
      "type": "Feature",
      "properties": {
        "satellite": "SUOMI NPP",
        "direction": "ascending",
        "planning_method": "topocentric_elevation_access",
        "min_elevation_deg": 5.0,
        "tle_epoch_utc": "2026-07-06T20:45:49Z",
        "tle_age_hours": 10.1,
        "tle_quality": "good",
        "aos_utc": "2026-07-07T06:51:56Z",
        "los_utc": "2026-07-07T07:04:41Z",
        "tca_utc": "2026-07-07T06:58:30Z",
        "max_elevation_utc": "2026-07-07T06:58:30Z",
        "duration_minutes": 12.75,
        "min_distance_km": 414.3,
        "max_elevation_deg": 60.11,
        "tca_azimuth_deg": 268.23,
        "tca_elevation_deg": 60.11,
        "tca_slant_range_km": 938.87,
        "closest_lon": 97.111725,
        "closest_lat": 12.883652,
        "aos_lon": 102.357617,
        "aos_lat": -10.0861,
        "aos_azimuth_deg": 176.43,
        "los_lon": 91.463425,
        "los_lat": 34.576379,
        "los_azimuth_deg": 339.89,
        "confidence": "medium",
        "aoi_covered": false,
        "aoi_points_inside": 0,
        "reference_swath_file": "swath_jpss.geojson",
        "reference_swath_source_count": 20,
        "reference_swath_station_inside_count": 5,
        "reference_swath_buffer_intersects_count": 20,
        "reference_swath_satellites": "JPSS-1 (NOAA-20)",
        "reference_swath_sensors": "VIIRS",
        "reference_swath_time_min": "2026-06-17T06:52:26Z",
        "reference_swath_time_max": "2026-06-22T06:58:49.5Z",
        "reference_swath_note": "sample footprint only; not time-matched to this planning pass",
        "type": "aos",
        "color": "cyan"
      },
      "geometry": {
        "type": "Point",
        "coordinates": [
          102.35761735186907,
          -10.086100098616978
        ]
      }
    },
    {
      "type": "Feature",
      "properties": {
        "satellite": "SUOMI NPP",
        "direction": "ascending",
        "planning_method": "topocentric_elevation_access",
        "min_elevation_deg": 5.0,
        "tle_epoch_utc": "2026-07-06T20:45:49Z",
        "tle_age_hours": 10.1,
        "tle_quality": "good",
        "aos_utc": "2026-07-07T06:51:56Z",
        "los_utc": "2026-07-07T07:04:41Z",
        "tca_utc": "2026-07-07T06:58:30Z",
        "max_elevation_utc": "2026-07-07T06:58:30Z",
        "duration_minutes": 12.75,
        "min_distance_km": 414.3,
        "max_elevation_deg": 60.11,
        "tca_azimuth_deg": 268.23,
        "tca_elevation_deg": 60.11,
        "tca_slant_range_km": 938.87,
        "closest_lon": 97.111725,
        "closest_lat": 12.883652,
        "aos_lon": 102.357617,
        "aos_lat": -10.0861,
        "aos_azimuth_deg": 176.43,
        "los_lon": 91.463425,
        "los_lat": 34.576379,
        "los_azimuth_deg": 339.89,
        "confidence": "medium",
        "aoi_covered": false,
        "aoi_points_inside": 0,
        "reference_swath_file": "swath_jpss.geojson",
        "reference_swath_source_count": 20,
        "reference_swath_station_inside_count": 5,
        "reference_swath_buffer_intersects_count": 20,
        "reference_swath_satellites": "JPSS-1 (NOAA-20)",
        "reference_swath_sensors": "VIIRS",
        "reference_swath_time_min": "2026-06-17T06:52:26Z",
        "reference_swath_time_max": "2026-06-22T06:58:49.5Z",
        "reference_swath_note": "sample footprint only; not time-matched to this planning pass",
        "type": "tca",
        "color": "yellow"
      },
      "geometry": {
        "type": "Point",
        "coordinates": [
          97.11172525337952,
          12.883652342976253
        ]
      }
    },
    {
      "type": "Feature",
      "properties": {
        "satellite": "SUOMI NPP",
        "direction": "ascending",
        "planning_method": "topocentric_elevation_access",
        "min_elevation_deg": 5.0,
        "tle_epoch_utc": "2026-07-06T20:45:49Z",
        "tle_age_hours": 10.1,
        "tle_quality": "good",
        "aos_utc": "2026-07-07T06:51:56Z",
        "los_utc": "2026-07-07T07:04:41Z",
        "tca_utc": "2026-07-07T06:58:30Z",
        "max_elevation_utc": "2026-07-07T06:58:30Z",
        "duration_minutes": 12.75,
        "min_distance_km": 414.3,
        "max_elevation_deg": 60.11,
        "tca_azimuth_deg": 268.23,
        "tca_elevation_deg": 60.11,
        "tca_slant_range_km": 938.87,
        "closest_lon": 97.111725,
        "closest_lat": 12.883652,
        "aos_lon": 102.357617,
        "aos_lat": -10.0861,
        "aos_azimuth_deg": 176.43,
        "los_lon": 91.463425,
        "los_lat": 34.576379,
        "los_azimuth_deg": 339.89,
        "confidence": "medium",
        "aoi_covered": false,
        "aoi_points_inside": 0,
        "reference_swath_file": "swath_jpss.geojson",
        "reference_swath_source_count": 20,
        "reference_swath_station_inside_count": 5,
        "reference_swath_buffer_intersects_count": 20,
        "reference_swath_satellites": "JPSS-1 (NOAA-20)",
        "reference_swath_sensors": "VIIRS",
        "reference_swath_time_min": "2026-06-17T06:52:26Z",
        "reference_swath_time_max": "2026-06-22T06:58:49.5Z",
        "reference_swath_note": "sample footprint only; not time-matched to this planning pass",
        "type": "los",
        "color": "green"
      },
      "geometry": {
        "type": "Point",
        "coordinates": [
          91.46342514750285,
          34.57637930642872
        ]
      }
    },
    {
      "type": "Feature",
      "properties": {
        "satellite": "NOAA 20 (JPSS-1)",
        "direction": "ascending",
        "planning_method": "topocentric_elevation_access",
        "min_elevation_deg": 5.0,
        "tle_epoch_utc": "2026-07-06T19:23:29Z",
        "tle_age_hours": 11.8,
        "tle_quality": "good",
        "aos_utc": "2026-07-07T07:11:15Z",
        "los_utc": "2026-07-07T07:23:03Z",
        "tca_utc": "2026-07-07T07:17:00Z",
        "max_elevation_utc": "2026-07-07T07:17:00Z",
        "duration_minutes": 11.81,
        "min_distance_km": 1074.06,
        "max_elevation_deg": 31.09,
        "tca_azimuth_deg": 255.99,
        "tca_elevation_deg": 31.09,
        "tca_slant_range_km": 1409.34,
        "closest_lon": 91.416136,
        "closest_lat": 10.527658,
        "aos_lon": 96.000249,
        "aos_lat": -9.623723,
        "aos_azimuth_deg": 192.47,
        "los_lon": 86.055659,
        "los_lat": 31.761401,
        "los_azimuth_deg": 326.33,
        "confidence": "medium",
        "aoi_covered": false,
        "aoi_points_inside": 0,
        "reference_swath_file": "swath_jpss.geojson",
        "reference_swath_source_count": 20,
        "reference_swath_station_inside_count": 5,
        "reference_swath_buffer_intersects_count": 20,
        "reference_swath_satellites": "JPSS-1 (NOAA-20)",
        "reference_swath_sensors": "VIIRS",
        "reference_swath_time_min": "2026-06-17T06:52:26Z",
        "reference_swath_time_max": "2026-06-22T06:58:49.5Z",
        "reference_swath_note": "sample footprint only; not time-matched to this planning pass",
        "type": "visible_track"
      },
      "geometry": {
        "type": "LineString",
        "coordinates": [
          [
            96.00024902516532,
            -9.623723419550707
          ],
          [
            95.79913072260592,
            -8.750739092533022
          ],
          [
            95.39822053239811,
            -6.998959300119104
          ],
          [
            94.99935529688577,
            -5.246896188886788
          ],
          [
            94.60200531503762,
            -3.4945914203336144
          ],
          [
            94.20565202102483,
            -1.7420859060760037
          ],
          [
            93.80978472297363,
            0.01057989002679243
          ],
          [
            93.41389577343841,
            1.763365658996893
          ],
          [
            93.01747748051287,
            3.516230958340895
          ],
          [
            92.62001817001641,
            5.269134923476727
          ],
          [
            92.22099835556452,
            7.022035974320931
          ],
          [
            91.81988678515859,
            8.774891512248475
          ],
          [
            91.4161363010125,
            10.527657602355722
          ],
          [
            91.0091794438149,
            12.280288635563132
          ],
          [
            90.59842372561747,
            14.032736964537127
          ],
          [
            90.18324648627663,
            15.784952506638406
          ],
          [
            89.76298923691274,
            17.536882306186747
          ],
          [
            89.33695137551615,
            19.28847004705509
          ],
          [
            88.9043831506495,
            21.03965550513186
          ],
          [
            88.4644777092335,
            22.790373928221292
          ],
          [
            88.01636205113994,
            24.540555328578634
          ],
          [
            87.55908666663231,
            26.290123670242906
          ],
          [
            87.09161358976132,
            28.038995929559718
          ],
          [
            86.61280254237226,
            29.787081002512807
          ],
          [
            86.12139477031525,
            31.534278426460418
          ],
          [
            86.0556588559632,
            31.761401092001773
          ]
        ]
      }
    },
    {
      "type": "Feature",
      "properties": {
        "satellite": "NOAA 20 (JPSS-1)",
        "direction": "ascending",
        "planning_method": "topocentric_elevation_access",
        "min_elevation_deg": 5.0,
        "tle_epoch_utc": "2026-07-06T19:23:29Z",
        "tle_age_hours": 11.8,
        "tle_quality": "good",
        "aos_utc": "2026-07-07T07:11:15Z",
        "los_utc": "2026-07-07T07:23:03Z",
        "tca_utc": "2026-07-07T07:17:00Z",
        "max_elevation_utc": "2026-07-07T07:17:00Z",
        "duration_minutes": 11.81,
        "min_distance_km": 1074.06,
        "max_elevation_deg": 31.09,
        "tca_azimuth_deg": 255.99,
        "tca_elevation_deg": 31.09,
        "tca_slant_range_km": 1409.34,
        "closest_lon": 91.416136,
        "closest_lat": 10.527658,
        "aos_lon": 96.000249,
        "aos_lat": -9.623723,
        "aos_azimuth_deg": 192.47,
        "los_lon": 86.055659,
        "los_lat": 31.761401,
        "los_azimuth_deg": 326.33,
        "confidence": "medium",
        "aoi_covered": false,
        "aoi_points_inside": 0,
        "reference_swath_file": "swath_jpss.geojson",
        "reference_swath_source_count": 20,
        "reference_swath_station_inside_count": 5,
        "reference_swath_buffer_intersects_count": 20,
        "reference_swath_satellites": "JPSS-1 (NOAA-20)",
        "reference_swath_sensors": "VIIRS",
        "reference_swath_time_min": "2026-06-17T06:52:26Z",
        "reference_swath_time_max": "2026-06-22T06:58:49.5Z",
        "reference_swath_note": "sample footprint only; not time-matched to this planning pass",
        "type": "aos",
        "color": "cyan"
      },
      "geometry": {
        "type": "Point",
        "coordinates": [
          96.00024902516532,
          -9.623723419550707
        ]
      }
    },
    {
      "type": "Feature",
      "properties": {
        "satellite": "NOAA 20 (JPSS-1)",
        "direction": "ascending",
        "planning_method": "topocentric_elevation_access",
        "min_elevation_deg": 5.0,
        "tle_epoch_utc": "2026-07-06T19:23:29Z",
        "tle_age_hours": 11.8,
        "tle_quality": "good",
        "aos_utc": "2026-07-07T07:11:15Z",
        "los_utc": "2026-07-07T07:23:03Z",
        "tca_utc": "2026-07-07T07:17:00Z",
        "max_elevation_utc": "2026-07-07T07:17:00Z",
        "duration_minutes": 11.81,
        "min_distance_km": 1074.06,
        "max_elevation_deg": 31.09,
        "tca_azimuth_deg": 255.99,
        "tca_elevation_deg": 31.09,
        "tca_slant_range_km": 1409.34,
        "closest_lon": 91.416136,
        "closest_lat": 10.527658,
        "aos_lon": 96.000249,
        "aos_lat": -9.623723,
        "aos_azimuth_deg": 192.47,
        "los_lon": 86.055659,
        "los_lat": 31.761401,
        "los_azimuth_deg": 326.33,
        "confidence": "medium",
        "aoi_covered": false,
        "aoi_points_inside": 0,
        "reference_swath_file": "swath_jpss.geojson",
        "reference_swath_source_count": 20,
        "reference_swath_station_inside_count": 5,
        "reference_swath_buffer_intersects_count": 20,
        "reference_swath_satellites": "JPSS-1 (NOAA-20)",
        "reference_swath_sensors": "VIIRS",
        "reference_swath_time_min": "2026-06-17T06:52:26Z",
        "reference_swath_time_max": "2026-06-22T06:58:49.5Z",
        "reference_swath_note": "sample footprint only; not time-matched to this planning pass",
        "type": "tca",
        "color": "yellow"
      },
      "geometry": {
        "type": "Point",
        "coordinates": [
          91.4161363010125,
          10.527657602355722
        ]
      }
    },
    {
      "type": "Feature",
      "properties": {
        "satellite": "NOAA 20 (JPSS-1)",
        "direction": "ascending",
        "planning_method": "topocentric_elevation_access",
        "min_elevation_deg": 5.0,
        "tle_epoch_utc": "2026-07-06T19:23:29Z",
        "tle_age_hours": 11.8,
        "tle_quality": "good",
        "aos_utc": "2026-07-07T07:11:15Z",
        "los_utc": "2026-07-07T07:23:03Z",
        "tca_utc": "2026-07-07T07:17:00Z",
        "max_elevation_utc": "2026-07-07T07:17:00Z",
        "duration_minutes": 11.81,
        "min_distance_km": 1074.06,
        "max_elevation_deg": 31.09,
        "tca_azimuth_deg": 255.99,
        "tca_elevation_deg": 31.09,
        "tca_slant_range_km": 1409.34,
        "closest_lon": 91.416136,
        "closest_lat": 10.527658,
        "aos_lon": 96.000249,
        "aos_lat": -9.623723,
        "aos_azimuth_deg": 192.47,
        "los_lon": 86.055659,
        "los_lat": 31.761401,
        "los_azimuth_deg": 326.33,
        "confidence": "medium",
        "aoi_covered": false,
        "aoi_points_inside": 0,
        "reference_swath_file": "swath_jpss.geojson",
        "reference_swath_source_count": 20,
        "reference_swath_station_inside_count": 5,
        "reference_swath_buffer_intersects_count": 20,
        "reference_swath_satellites": "JPSS-1 (NOAA-20)",
        "reference_swath_sensors": "VIIRS",
        "reference_swath_time_min": "2026-06-17T06:52:26Z",
        "reference_swath_time_max": "2026-06-22T06:58:49.5Z",
        "reference_swath_note": "sample footprint only; not time-matched to this planning pass",
        "type": "los",
        "color": "green"
      },
      "geometry": {
        "type": "Point",
        "coordinates": [
          86.0556588559632,
          31.761401092001773
        ]
      }
    },
    {
      "type": "Feature",
      "properties": {
        "satellite": "NOAA 21 (JPSS-2)",
        "direction": "ascending",
        "planning_method": "topocentric_elevation_access",
        "min_elevation_deg": 5.0,
        "tle_epoch_utc": "2026-07-06T18:28:42Z",
        "tle_age_hours": 13.54,
        "tle_quality": "good",
        "aos_utc": "2026-07-07T08:00:52Z",
        "los_utc": "2026-07-07T08:05:38Z",
        "tca_utc": "2026-07-07T08:03:30Z",
        "max_elevation_utc": "2026-07-07T08:03:30Z",
        "duration_minutes": 4.76,
        "min_distance_km": 2407.39,
        "max_elevation_deg": 6.9,
        "tca_azimuth_deg": 263.89,
        "tca_elevation_deg": 6.9,
        "tca_slant_range_km": 2677.37,
        "closest_lon": 79.077969,
        "closest_lat": 9.855923,
        "aos_lon": 81.157477,
        "aos_lat": 0.662168,
        "aos_azimuth_deg": 239.33,
        "los_lon": 77.325835,
        "los_lat": 17.34434,
        "los_azimuth_deg": 283.71,
        "confidence": "medium",
        "aoi_covered": false,
        "aoi_points_inside": 0,
        "reference_swath_file": "swath_jpss.geojson",
        "reference_swath_source_count": 20,
        "reference_swath_station_inside_count": 5,
        "reference_swath_buffer_intersects_count": 20,
        "reference_swath_satellites": "JPSS-1 (NOAA-20)",
        "reference_swath_sensors": "VIIRS",
        "reference_swath_time_min": "2026-06-17T06:52:26Z",
        "reference_swath_time_max": "2026-06-22T06:58:49.5Z",
        "reference_swath_note": "sample footprint only; not time-matched to this planning pass",
        "type": "visible_track"
      },
      "geometry": {
        "type": "LineString",
        "coordinates": [
          [
            81.15747700753286,
            0.6621679399182115
          ],
          [
            81.06130997436355,
            1.0904328450577383
          ],
          [
            80.66735615788042,
            2.8434692305682354
          ],
          [
            80.27256266086977,
            4.596577448571273
          ],
          [
            79.87641746401465,
            6.3497170155380225
          ],
          [
            79.47839836762114,
            8.102846541660103
          ],
          [
            79.07796895934433,
            9.855923424085029
          ],
          [
            78.67457435492759,
            11.608903522402843
          ],
          [
            78.26763663670818,
            13.36174081066309
          ],
          [
            77.85654991608448,
            15.114386999560715
          ],
          [
            77.44067491903564,
            16.866791121538515
          ],
          [
            77.32583540171743,
            17.344339687918705
          ]
        ]
      }
    },
    {
      "type": "Feature",
      "properties": {
        "satellite": "NOAA 21 (JPSS-2)",
        "direction": "ascending",
        "planning_method": "topocentric_elevation_access",
        "min_elevation_deg": 5.0,
        "tle_epoch_utc": "2026-07-06T18:28:42Z",
        "tle_age_hours": 13.54,
        "tle_quality": "good",
        "aos_utc": "2026-07-07T08:00:52Z",
        "los_utc": "2026-07-07T08:05:38Z",
        "tca_utc": "2026-07-07T08:03:30Z",
        "max_elevation_utc": "2026-07-07T08:03:30Z",
        "duration_minutes": 4.76,
        "min_distance_km": 2407.39,
        "max_elevation_deg": 6.9,
        "tca_azimuth_deg": 263.89,
        "tca_elevation_deg": 6.9,
        "tca_slant_range_km": 2677.37,
        "closest_lon": 79.077969,
        "closest_lat": 9.855923,
        "aos_lon": 81.157477,
        "aos_lat": 0.662168,
        "aos_azimuth_deg": 239.33,
        "los_lon": 77.325835,
        "los_lat": 17.34434,
        "los_azimuth_deg": 283.71,
        "confidence": "medium",
        "aoi_covered": false,
        "aoi_points_inside": 0,
        "reference_swath_file": "swath_jpss.geojson",
        "reference_swath_source_count": 20,
        "reference_swath_station_inside_count": 5,
        "reference_swath_buffer_intersects_count": 20,
        "reference_swath_satellites": "JPSS-1 (NOAA-20)",
        "reference_swath_sensors": "VIIRS",
        "reference_swath_time_min": "2026-06-17T06:52:26Z",
        "reference_swath_time_max": "2026-06-22T06:58:49.5Z",
        "reference_swath_note": "sample footprint only; not time-matched to this planning pass",
        "type": "aos",
        "color": "cyan"
      },
      "geometry": {
        "type": "Point",
        "coordinates": [
          81.15747700753286,
          0.6621679399182115
        ]
      }
    },
    {
      "type": "Feature",
      "properties": {
        "satellite": "NOAA 21 (JPSS-2)",
        "direction": "ascending",
        "planning_method": "topocentric_elevation_access",
        "min_elevation_deg": 5.0,
        "tle_epoch_utc": "2026-07-06T18:28:42Z",
        "tle_age_hours": 13.54,
        "tle_quality": "good",
        "aos_utc": "2026-07-07T08:00:52Z",
        "los_utc": "2026-07-07T08:05:38Z",
        "tca_utc": "2026-07-07T08:03:30Z",
        "max_elevation_utc": "2026-07-07T08:03:30Z",
        "duration_minutes": 4.76,
        "min_distance_km": 2407.39,
        "max_elevation_deg": 6.9,
        "tca_azimuth_deg": 263.89,
        "tca_elevation_deg": 6.9,
        "tca_slant_range_km": 2677.37,
        "closest_lon": 79.077969,
        "closest_lat": 9.855923,
        "aos_lon": 81.157477,
        "aos_lat": 0.662168,
        "aos_azimuth_deg": 239.33,
        "los_lon": 77.325835,
        "los_lat": 17.34434,
        "los_azimuth_deg": 283.71,
        "confidence": "medium",
        "aoi_covered": false,
        "aoi_points_inside": 0,
        "reference_swath_file": "swath_jpss.geojson",
        "reference_swath_source_count": 20,
        "reference_swath_station_inside_count": 5,
        "reference_swath_buffer_intersects_count": 20,
        "reference_swath_satellites": "JPSS-1 (NOAA-20)",
        "reference_swath_sensors": "VIIRS",
        "reference_swath_time_min": "2026-06-17T06:52:26Z",
        "reference_swath_time_max": "2026-06-22T06:58:49.5Z",
        "reference_swath_note": "sample footprint only; not time-matched to this planning pass",
        "type": "tca",
        "color": "yellow"
      },
      "geometry": {
        "type": "Point",
        "coordinates": [
          79.07796895934433,
          9.855923424085029
        ]
      }
    },
    {
      "type": "Feature",
      "properties": {
        "satellite": "NOAA 21 (JPSS-2)",
        "direction": "ascending",
        "planning_method": "topocentric_elevation_access",
        "min_elevation_deg": 5.0,
        "tle_epoch_utc": "2026-07-06T18:28:42Z",
        "tle_age_hours": 13.54,
        "tle_quality": "good",
        "aos_utc": "2026-07-07T08:00:52Z",
        "los_utc": "2026-07-07T08:05:38Z",
        "tca_utc": "2026-07-07T08:03:30Z",
        "max_elevation_utc": "2026-07-07T08:03:30Z",
        "duration_minutes": 4.76,
        "min_distance_km": 2407.39,
        "max_elevation_deg": 6.9,
        "tca_azimuth_deg": 263.89,
        "tca_elevation_deg": 6.9,
        "tca_slant_range_km": 2677.37,
        "closest_lon": 79.077969,
        "closest_lat": 9.855923,
        "aos_lon": 81.157477,
        "aos_lat": 0.662168,
        "aos_azimuth_deg": 239.33,
        "los_lon": 77.325835,
        "los_lat": 17.34434,
        "los_azimuth_deg": 283.71,
        "confidence": "medium",
        "aoi_covered": false,
        "aoi_points_inside": 0,
        "reference_swath_file": "swath_jpss.geojson",
        "reference_swath_source_count": 20,
        "reference_swath_station_inside_count": 5,
        "reference_swath_buffer_intersects_count": 20,
        "reference_swath_satellites": "JPSS-1 (NOAA-20)",
        "reference_swath_sensors": "VIIRS",
        "reference_swath_time_min": "2026-06-17T06:52:26Z",
        "reference_swath_time_max": "2026-06-22T06:58:49.5Z",
        "reference_swath_note": "sample footprint only; not time-matched to this planning pass",
        "type": "los",
        "color": "green"
      },
      "geometry": {
        "type": "Point",
        "coordinates": [
          77.32583540171743,
          17.344339687918705
        ]
      }
    },
    {
      "type": "Feature",
      "properties": {
        "satellite": "NOAA 21 (JPSS-2)",
        "direction": "descending",
        "planning_method": "topocentric_elevation_access",
        "min_elevation_deg": 5.0,
        "tle_epoch_utc": "2026-07-06T18:28:42Z",
        "tle_age_hours": 22.77,
        "tle_quality": "good",
        "aos_utc": "2026-07-07T17:15:11Z",
        "los_utc": "2026-07-07T17:17:29Z",
        "tca_utc": "2026-07-07T17:16:30Z",
        "max_elevation_utc": "2026-07-07T17:16:30Z",
        "duration_minutes": 2.3,
        "min_distance_km": 2536.78,
        "max_elevation_deg": 5.42,
        "tca_azimuth_deg": 99.81,
        "tca_elevation_deg": 5.42,
        "tca_slant_range_km": 2804.86,
        "closest_lon": 123.623952,
        "closest_lat": 8.240915,
        "aos_lon": 124.674161,
        "aos_lat": 12.806055,
        "aos_azimuth_deg": 87.84,
        "los_lon": 122.830895,
        "los_lat": 4.740341,
        "los_azimuth_deg": 108.97,
        "confidence": "medium",
        "aoi_covered": false,
        "aoi_points_inside": 0,
        "reference_swath_file": "swath_jpss.geojson",
        "reference_swath_source_count": 20,
        "reference_swath_station_inside_count": 5,
        "reference_swath_buffer_intersects_count": 20,
        "reference_swath_satellites": "JPSS-1 (NOAA-20)",
        "reference_swath_sensors": "VIIRS",
        "reference_swath_time_min": "2026-06-17T06:52:26Z",
        "reference_swath_time_max": "2026-06-22T06:58:49.5Z",
        "reference_swath_note": "sample footprint only; not time-matched to this planning pass",
        "type": "visible_track"
      },
      "geometry": {
        "type": "LineString",
        "coordinates": [
          [
            124.67416146679028,
            12.806054813691425
          ],
          [
            124.42851002641169,
            11.748599676904181
          ],
          [
            124.02472505062082,
            9.994809617213738
          ],
          [
            123.62395229633285,
            8.240914785077035
          ],
          [
            123.22563458721334,
            6.4869603099354505
          ],
          [
            122.8308950877576,
            4.740341441791134
          ]
        ]
      }
    },
    {
      "type": "Feature",
      "properties": {
        "satellite": "NOAA 21 (JPSS-2)",
        "direction": "descending",
        "planning_method": "topocentric_elevation_access",
        "min_elevation_deg": 5.0,
        "tle_epoch_utc": "2026-07-06T18:28:42Z",
        "tle_age_hours": 22.77,
        "tle_quality": "good",
        "aos_utc": "2026-07-07T17:15:11Z",
        "los_utc": "2026-07-07T17:17:29Z",
        "tca_utc": "2026-07-07T17:16:30Z",
        "max_elevation_utc": "2026-07-07T17:16:30Z",
        "duration_minutes": 2.3,
        "min_distance_km": 2536.78,
        "max_elevation_deg": 5.42,
        "tca_azimuth_deg": 99.81,
        "tca_elevation_deg": 5.42,
        "tca_slant_range_km": 2804.86,
        "closest_lon": 123.623952,
        "closest_lat": 8.240915,
        "aos_lon": 124.674161,
        "aos_lat": 12.806055,
        "aos_azimuth_deg": 87.84,
        "los_lon": 122.830895,
        "los_lat": 4.740341,
        "los_azimuth_deg": 108.97,
        "confidence": "medium",
        "aoi_covered": false,
        "aoi_points_inside": 0,
        "reference_swath_file": "swath_jpss.geojson",
        "reference_swath_source_count": 20,
        "reference_swath_station_inside_count": 5,
        "reference_swath_buffer_intersects_count": 20,
        "reference_swath_satellites": "JPSS-1 (NOAA-20)",
        "reference_swath_sensors": "VIIRS",
        "reference_swath_time_min": "2026-06-17T06:52:26Z",
        "reference_swath_time_max": "2026-06-22T06:58:49.5Z",
        "reference_swath_note": "sample footprint only; not time-matched to this planning pass",
        "type": "aos",
        "color": "cyan"
      },
      "geometry": {
        "type": "Point",
        "coordinates": [
          124.67416146679028,
          12.806054813691425
        ]
      }
    },
    {
      "type": "Feature",
      "properties": {
        "satellite": "NOAA 21 (JPSS-2)",
        "direction": "descending",
        "planning_method": "topocentric_elevation_access",
        "min_elevation_deg": 5.0,
        "tle_epoch_utc": "2026-07-06T18:28:42Z",
        "tle_age_hours": 22.77,
        "tle_quality": "good",
        "aos_utc": "2026-07-07T17:15:11Z",
        "los_utc": "2026-07-07T17:17:29Z",
        "tca_utc": "2026-07-07T17:16:30Z",
        "max_elevation_utc": "2026-07-07T17:16:30Z",
        "duration_minutes": 2.3,
        "min_distance_km": 2536.78,
        "max_elevation_deg": 5.42,
        "tca_azimuth_deg": 99.81,
        "tca_elevation_deg": 5.42,
        "tca_slant_range_km": 2804.86,
        "closest_lon": 123.623952,
        "closest_lat": 8.240915,
        "aos_lon": 124.674161,
        "aos_lat": 12.806055,
        "aos_azimuth_deg": 87.84,
        "los_lon": 122.830895,
        "los_lat": 4.740341,
        "los_azimuth_deg": 108.97,
        "confidence": "medium",
        "aoi_covered": false,
        "aoi_points_inside": 0,
        "reference_swath_file": "swath_jpss.geojson",
        "reference_swath_source_count": 20,
        "reference_swath_station_inside_count": 5,
        "reference_swath_buffer_intersects_count": 20,
        "reference_swath_satellites": "JPSS-1 (NOAA-20)",
        "reference_swath_sensors": "VIIRS",
        "reference_swath_time_min": "2026-06-17T06:52:26Z",
        "reference_swath_time_max": "2026-06-22T06:58:49.5Z",
        "reference_swath_note": "sample footprint only; not time-matched to this planning pass",
        "type": "tca",
        "color": "yellow"
      },
      "geometry": {
        "type": "Point",
        "coordinates": [
          123.62395229633285,
          8.240914785077035
        ]
      }
    },
    {
      "type": "Feature",
      "properties": {
        "satellite": "NOAA 21 (JPSS-2)",
        "direction": "descending",
        "planning_method": "topocentric_elevation_access",
        "min_elevation_deg": 5.0,
        "tle_epoch_utc": "2026-07-06T18:28:42Z",
        "tle_age_hours": 22.77,
        "tle_quality": "good",
        "aos_utc": "2026-07-07T17:15:11Z",
        "los_utc": "2026-07-07T17:17:29Z",
        "tca_utc": "2026-07-07T17:16:30Z",
        "max_elevation_utc": "2026-07-07T17:16:30Z",
        "duration_minutes": 2.3,
        "min_distance_km": 2536.78,
        "max_elevation_deg": 5.42,
        "tca_azimuth_deg": 99.81,
        "tca_elevation_deg": 5.42,
        "tca_slant_range_km": 2804.86,
        "closest_lon": 123.623952,
        "closest_lat": 8.240915,
        "aos_lon": 124.674161,
        "aos_lat": 12.806055,
        "aos_azimuth_deg": 87.84,
        "los_lon": 122.830895,
        "los_lat": 4.740341,
        "los_azimuth_deg": 108.97,
        "confidence": "medium",
        "aoi_covered": false,
        "aoi_points_inside": 0,
        "reference_swath_file": "swath_jpss.geojson",
        "reference_swath_source_count": 20,
        "reference_swath_station_inside_count": 5,
        "reference_swath_buffer_intersects_count": 20,
        "reference_swath_satellites": "JPSS-1 (NOAA-20)",
        "reference_swath_sensors": "VIIRS",
        "reference_swath_time_min": "2026-06-17T06:52:26Z",
        "reference_swath_time_max": "2026-06-22T06:58:49.5Z",
        "reference_swath_note": "sample footprint only; not time-matched to this planning pass",
        "type": "los",
        "color": "green"
      },
      "geometry": {
        "type": "Point",
        "coordinates": [
          122.8308950877576,
          4.740341441791134
        ]
      }
    },
    {
      "type": "Feature",
      "properties": {
        "satellite": "SUOMI NPP",
        "direction": "descending",
        "planning_method": "topocentric_elevation_access",
        "min_elevation_deg": 5.0,
        "tle_epoch_utc": "2026-07-06T20:45:49Z",
        "tle_age_hours": 21.02,
        "tle_quality": "good",
        "aos_utc": "2026-07-07T17:47:04Z",
        "los_utc": "2026-07-07T17:56:19Z",
        "tca_utc": "2026-07-07T17:51:30Z",
        "max_elevation_utc": "2026-07-07T17:51:30Z",
        "duration_minutes": 9.25,
        "min_distance_km": 1830.27,
        "max_elevation_deg": 14.67,
        "tca_azimuth_deg": 96.86,
        "tca_elevation_deg": 14.67,
        "tca_slant_range_km": 2109.61,
        "closest_lon": 117.54736,
        "closest_lat": 10.55332,
        "aos_lon": 121.342875,
        "aos_lat": 26.055314,
        "aos_azimuth_deg": 52.77,
        "los_lon": 113.703558,
        "los_lat": -6.341373,
        "los_azimuth_deg": 145.97,
        "confidence": "medium",
        "aoi_covered": false,
        "aoi_points_inside": 0,
        "reference_swath_file": "swath_jpss.geojson",
        "reference_swath_source_count": 20,
        "reference_swath_station_inside_count": 5,
        "reference_swath_buffer_intersects_count": 20,
        "reference_swath_satellites": "JPSS-1 (NOAA-20)",
        "reference_swath_sensors": "VIIRS",
        "reference_swath_time_min": "2026-06-17T06:52:26Z",
        "reference_swath_time_max": "2026-06-22T06:58:49.5Z",
        "reference_swath_note": "sample footprint only; not time-matched to this planning pass",
        "type": "visible_track"
      },
      "geometry": {
        "type": "LineString",
        "coordinates": [
          [
            121.34287480177034,
            26.055314387721083
          ],
          [
            120.9528732517175,
            24.565934454114327
          ],
          [
            120.50396202071408,
            22.81585660727654
          ],
          [
            120.06328792744398,
            21.065221563920186
          ],
          [
            119.62997542538346,
            19.31409967618945
          ],
          [
            119.20321533674729,
            17.56255604804247
          ],
          [
            118.78225577848042,
            15.810651246522617
          ],
          [
            118.36639418703339,
            14.058441925142397
          ],
          [
            117.95497025753087,
            12.30598137428311
          ],
          [
            117.5473596421304,
            10.55332001110059
          ],
          [
            117.1429682761173,
            8.800505819447165
          ],
          [
            116.74122721930593,
            7.047584748864345
          ],
          [
            116.34158791591085,
            5.294601080380092
          ],
          [
            115.94351778476482,
            3.5415977659554017
          ],
          [
            115.54649607083417,
            1.7886167476113812
          ],
          [
            115.15000971162692,
            0.035699261762649336
          ],
          [
            114.75355017017114,
            -1.7171138661998813
          ],
          [
            114.35660864960653,
            -3.469781932204689
          ],
          [
            113.9586729929797,
            -5.22226406405254
          ],
          [
            113.70355750145927,
            -6.341373185143315
          ]
        ]
      }
    },
    {
      "type": "Feature",
      "properties": {
        "satellite": "SUOMI NPP",
        "direction": "descending",
        "planning_method": "topocentric_elevation_access",
        "min_elevation_deg": 5.0,
        "tle_epoch_utc": "2026-07-06T20:45:49Z",
        "tle_age_hours": 21.02,
        "tle_quality": "good",
        "aos_utc": "2026-07-07T17:47:04Z",
        "los_utc": "2026-07-07T17:56:19Z",
        "tca_utc": "2026-07-07T17:51:30Z",
        "max_elevation_utc": "2026-07-07T17:51:30Z",
        "duration_minutes": 9.25,
        "min_distance_km": 1830.27,
        "max_elevation_deg": 14.67,
        "tca_azimuth_deg": 96.86,
        "tca_elevation_deg": 14.67,
        "tca_slant_range_km": 2109.61,
        "closest_lon": 117.54736,
        "closest_lat": 10.55332,
        "aos_lon": 121.342875,
        "aos_lat": 26.055314,
        "aos_azimuth_deg": 52.77,
        "los_lon": 113.703558,
        "los_lat": -6.341373,
        "los_azimuth_deg": 145.97,
        "confidence": "medium",
        "aoi_covered": false,
        "aoi_points_inside": 0,
        "reference_swath_file": "swath_jpss.geojson",
        "reference_swath_source_count": 20,
        "reference_swath_station_inside_count": 5,
        "reference_swath_buffer_intersects_count": 20,
        "reference_swath_satellites": "JPSS-1 (NOAA-20)",
        "reference_swath_sensors": "VIIRS",
        "reference_swath_time_min": "2026-06-17T06:52:26Z",
        "reference_swath_time_max": "2026-06-22T06:58:49.5Z",
        "reference_swath_note": "sample footprint only; not time-matched to this planning pass",
        "type": "aos",
        "color": "cyan"
      },
      "geometry": {
        "type": "Point",
        "coordinates": [
          121.34287480177034,
          26.055314387721083
        ]
      }
    },
    {
      "type": "Feature",
      "properties": {
        "satellite": "SUOMI NPP",
        "direction": "descending",
        "planning_method": "topocentric_elevation_access",
        "min_elevation_deg": 5.0,
        "tle_epoch_utc": "2026-07-06T20:45:49Z",
        "tle_age_hours": 21.02,
        "tle_quality": "good",
        "aos_utc": "2026-07-07T17:47:04Z",
        "los_utc": "2026-07-07T17:56:19Z",
        "tca_utc": "2026-07-07T17:51:30Z",
        "max_elevation_utc": "2026-07-07T17:51:30Z",
        "duration_minutes": 9.25,
        "min_distance_km": 1830.27,
        "max_elevation_deg": 14.67,
        "tca_azimuth_deg": 96.86,
        "tca_elevation_deg": 14.67,
        "tca_slant_range_km": 2109.61,
        "closest_lon": 117.54736,
        "closest_lat": 10.55332,
        "aos_lon": 121.342875,
        "aos_lat": 26.055314,
        "aos_azimuth_deg": 52.77,
        "los_lon": 113.703558,
        "los_lat": -6.341373,
        "los_azimuth_deg": 145.97,
        "confidence": "medium",
        "aoi_covered": false,
        "aoi_points_inside": 0,
        "reference_swath_file": "swath_jpss.geojson",
        "reference_swath_source_count": 20,
        "reference_swath_station_inside_count": 5,
        "reference_swath_buffer_intersects_count": 20,
        "reference_swath_satellites": "JPSS-1 (NOAA-20)",
        "reference_swath_sensors": "VIIRS",
        "reference_swath_time_min": "2026-06-17T06:52:26Z",
        "reference_swath_time_max": "2026-06-22T06:58:49.5Z",
        "reference_swath_note": "sample footprint only; not time-matched to this planning pass",
        "type": "tca",
        "color": "yellow"
      },
      "geometry": {
        "type": "Point",
        "coordinates": [
          117.5473596421304,
          10.55332001110059
        ]
      }
    },
    {
      "type": "Feature",
      "properties": {
        "satellite": "SUOMI NPP",
        "direction": "descending",
        "planning_method": "topocentric_elevation_access",
        "min_elevation_deg": 5.0,
        "tle_epoch_utc": "2026-07-06T20:45:49Z",
        "tle_age_hours": 21.02,
        "tle_quality": "good",
        "aos_utc": "2026-07-07T17:47:04Z",
        "los_utc": "2026-07-07T17:56:19Z",
        "tca_utc": "2026-07-07T17:51:30Z",
        "max_elevation_utc": "2026-07-07T17:51:30Z",
        "duration_minutes": 9.25,
        "min_distance_km": 1830.27,
        "max_elevation_deg": 14.67,
        "tca_azimuth_deg": 96.86,
        "tca_elevation_deg": 14.67,
        "tca_slant_range_km": 2109.61,
        "closest_lon": 117.54736,
        "closest_lat": 10.55332,
        "aos_lon": 121.342875,
        "aos_lat": 26.055314,
        "aos_azimuth_deg": 52.77,
        "los_lon": 113.703558,
        "los_lat": -6.341373,
        "los_azimuth_deg": 145.97,
        "confidence": "medium",
        "aoi_covered": false,
        "aoi_points_inside": 0,
        "reference_swath_file": "swath_jpss.geojson",
        "reference_swath_source_count": 20,
        "reference_swath_station_inside_count": 5,
        "reference_swath_buffer_intersects_count": 20,
        "reference_swath_satellites": "JPSS-1 (NOAA-20)",
        "reference_swath_sensors": "VIIRS",
        "reference_swath_time_min": "2026-06-17T06:52:26Z",
        "reference_swath_time_max": "2026-06-22T06:58:49.5Z",
        "reference_swath_note": "sample footprint only; not time-matched to this planning pass",
        "type": "los",
        "color": "green"
      },
      "geometry": {
        "type": "Point",
        "coordinates": [
          113.70355750145927,
          -6.341373185143315
        ]
      }
    },
    {
      "type": "Feature",
      "properties": {
        "satellite": "NOAA 20 (JPSS-1)",
        "direction": "descending",
        "planning_method": "topocentric_elevation_access",
        "min_elevation_deg": 5.0,
        "tle_epoch_utc": "2026-07-06T19:23:29Z",
        "tle_age_hours": 22.69,
        "tle_quality": "good",
        "aos_utc": "2026-07-07T18:04:45Z",
        "los_utc": "2026-07-07T18:16:21Z",
        "tca_utc": "2026-07-07T18:10:30Z",
        "max_elevation_utc": "2026-07-07T18:10:30Z",
        "duration_minutes": 11.6,
        "min_distance_km": 1162.39,
        "max_elevation_deg": 28.51,
        "tca_azimuth_deg": 99.28,
        "tca_elevation_deg": 28.51,
        "tca_slant_range_km": 1486.06,
        "closest_lon": 111.431741,
        "closest_lat": 11.137248,
        "aos_lon": 116.503538,
        "aos_lat": 31.241881,
        "aos_azimuth_deg": 35.7,
        "los_lon": 106.759839,
        "los_lat": -9.394037,
        "los_azimuth_deg": 165.2,
        "confidence": "medium",
        "aoi_covered": false,
        "aoi_points_inside": 0,
        "reference_swath_file": "swath_jpss.geojson",
        "reference_swath_source_count": 20,
        "reference_swath_station_inside_count": 5,
        "reference_swath_buffer_intersects_count": 20,
        "reference_swath_satellites": "JPSS-1 (NOAA-20)",
        "reference_swath_sensors": "VIIRS",
        "reference_swath_time_min": "2026-06-17T06:52:26Z",
        "reference_swath_time_max": "2026-06-22T06:58:49.5Z",
        "reference_swath_note": "sample footprint only; not time-matched to this planning pass",
        "type": "visible_track"
      },
      "geometry": {
        "type": "LineString",
        "coordinates": [
          [
            116.50353846629179,
            31.241881284038296
          ],
          [
            116.26434471486914,
            30.399668423611974
          ],
          [
            115.78118562268111,
            28.65147451933759
          ],
          [
            115.30979505830925,
            26.90245208094726
          ],
          [
            114.84899292748452,
            25.15269579064255
          ],
          [
            114.39770638644688,
            23.402291826511025
          ],
          [
            113.9549558885401,
            21.65131901662542
          ],
          [
            113.51984243221659,
            19.899849829233244
          ],
          [
            113.09153666691441,
            18.14795122736604
          ],
          [
            112.66926940924458,
            16.3956854110701
          ],
          [
            112.25232332377425,
            14.643110466308707
          ],
          [
            111.84002557895593,
            12.890280936389805
          ],
          [
            111.43174131092928,
            11.137248329053921
          ],
          [
            111.02686775681684,
            9.38406157042917
          ],
          [
            110.62482893915478,
            7.630767415245104
          ],
          [
            110.2250707994836,
            5.8774108214937595
          ],
          [
            109.8270566920853,
            4.124035296596202
          ],
          [
            109.43026315947958,
            2.3706832213823903
          ],
          [
            109.03417591579012,
            0.6173961574913662
          ],
          [
            108.63828597959127,
            -1.1357848565608542
          ],
          [
            108.24208588541842,
            -2.888819015825369
          ],
          [
            107.84506592165508,
            -4.641665461132154
          ],
          [
            107.44671033336624,
            -6.3942829884406605
          ],
          [
            107.04649343100198,
            -8.146629750601695
          ],
          [
            106.75983876124758,
            -9.3940370618116
          ]
        ]
      }
    },
    {
      "type": "Feature",
      "properties": {
        "satellite": "NOAA 20 (JPSS-1)",
        "direction": "descending",
        "planning_method": "topocentric_elevation_access",
        "min_elevation_deg": 5.0,
        "tle_epoch_utc": "2026-07-06T19:23:29Z",
        "tle_age_hours": 22.69,
        "tle_quality": "good",
        "aos_utc": "2026-07-07T18:04:45Z",
        "los_utc": "2026-07-07T18:16:21Z",
        "tca_utc": "2026-07-07T18:10:30Z",
        "max_elevation_utc": "2026-07-07T18:10:30Z",
        "duration_minutes": 11.6,
        "min_distance_km": 1162.39,
        "max_elevation_deg": 28.51,
        "tca_azimuth_deg": 99.28,
        "tca_elevation_deg": 28.51,
        "tca_slant_range_km": 1486.06,
        "closest_lon": 111.431741,
        "closest_lat": 11.137248,
        "aos_lon": 116.503538,
        "aos_lat": 31.241881,
        "aos_azimuth_deg": 35.7,
        "los_lon": 106.759839,
        "los_lat": -9.394037,
        "los_azimuth_deg": 165.2,
        "confidence": "medium",
        "aoi_covered": false,
        "aoi_points_inside": 0,
        "reference_swath_file": "swath_jpss.geojson",
        "reference_swath_source_count": 20,
        "reference_swath_station_inside_count": 5,
        "reference_swath_buffer_intersects_count": 20,
        "reference_swath_satellites": "JPSS-1 (NOAA-20)",
        "reference_swath_sensors": "VIIRS",
        "reference_swath_time_min": "2026-06-17T06:52:26Z",
        "reference_swath_time_max": "2026-06-22T06:58:49.5Z",
        "reference_swath_note": "sample footprint only; not time-matched to this planning pass",
        "type": "aos",
        "color": "cyan"
      },
      "geometry": {
        "type": "Point",
        "coordinates": [
          116.50353846629179,
          31.241881284038296
        ]
      }
    },
    {
      "type": "Feature",
      "properties": {
        "satellite": "NOAA 20 (JPSS-1)",
        "direction": "descending",
        "planning_method": "topocentric_elevation_access",
        "min_elevation_deg": 5.0,
        "tle_epoch_utc": "2026-07-06T19:23:29Z",
        "tle_age_hours": 22.69,
        "tle_quality": "good",
        "aos_utc": "2026-07-07T18:04:45Z",
        "los_utc": "2026-07-07T18:16:21Z",
        "tca_utc": "2026-07-07T18:10:30Z",
        "max_elevation_utc": "2026-07-07T18:10:30Z",
        "duration_minutes": 11.6,
        "min_distance_km": 1162.39,
        "max_elevation_deg": 28.51,
        "tca_azimuth_deg": 99.28,
        "tca_elevation_deg": 28.51,
        "tca_slant_range_km": 1486.06,
        "closest_lon": 111.431741,
        "closest_lat": 11.137248,
        "aos_lon": 116.503538,
        "aos_lat": 31.241881,
        "aos_azimuth_deg": 35.7,
        "los_lon": 106.759839,
        "los_lat": -9.394037,
        "los_azimuth_deg": 165.2,
        "confidence": "medium",
        "aoi_covered": false,
        "aoi_points_inside": 0,
        "reference_swath_file": "swath_jpss.geojson",
        "reference_swath_source_count": 20,
        "reference_swath_station_inside_count": 5,
        "reference_swath_buffer_intersects_count": 20,
        "reference_swath_satellites": "JPSS-1 (NOAA-20)",
        "reference_swath_sensors": "VIIRS",
        "reference_swath_time_min": "2026-06-17T06:52:26Z",
        "reference_swath_time_max": "2026-06-22T06:58:49.5Z",
        "reference_swath_note": "sample footprint only; not time-matched to this planning pass",
        "type": "tca",
        "color": "yellow"
      },
      "geometry": {
        "type": "Point",
        "coordinates": [
          111.43174131092928,
          11.137248329053921
        ]
      }
    },
    {
      "type": "Feature",
      "properties": {
        "satellite": "NOAA 20 (JPSS-1)",
        "direction": "descending",
        "planning_method": "topocentric_elevation_access",
        "min_elevation_deg": 5.0,
        "tle_epoch_utc": "2026-07-06T19:23:29Z",
        "tle_age_hours": 22.69,
        "tle_quality": "good",
        "aos_utc": "2026-07-07T18:04:45Z",
        "los_utc": "2026-07-07T18:16:21Z",
        "tca_utc": "2026-07-07T18:10:30Z",
        "max_elevation_utc": "2026-07-07T18:10:30Z",
        "duration_minutes": 11.6,
        "min_distance_km": 1162.39,
        "max_elevation_deg": 28.51,
        "tca_azimuth_deg": 99.28,
        "tca_elevation_deg": 28.51,
        "tca_slant_range_km": 1486.06,
        "closest_lon": 111.431741,
        "closest_lat": 11.137248,
        "aos_lon": 116.503538,
        "aos_lat": 31.241881,
        "aos_azimuth_deg": 35.7,
        "los_lon": 106.759839,
        "los_lat": -9.394037,
        "los_azimuth_deg": 165.2,
        "confidence": "medium",
        "aoi_covered": false,
        "aoi_points_inside": 0,
        "reference_swath_file": "swath_jpss.geojson",
        "reference_swath_source_count": 20,
        "reference_swath_station_inside_count": 5,
        "reference_swath_buffer_intersects_count": 20,
        "reference_swath_satellites": "JPSS-1 (NOAA-20)",
        "reference_swath_sensors": "VIIRS",
        "reference_swath_time_min": "2026-06-17T06:52:26Z",
        "reference_swath_time_max": "2026-06-22T06:58:49.5Z",
        "reference_swath_note": "sample footprint only; not time-matched to this planning pass",
        "type": "los",
        "color": "green"
      },
      "geometry": {
        "type": "Point",
        "coordinates": [
          106.75983876124758,
          -9.3940370618116
        ]
      }
    },
    {
      "type": "Feature",
      "properties": {
        "satellite": "NOAA 21 (JPSS-2)",
        "direction": "descending",
        "planning_method": "topocentric_elevation_access",
        "min_elevation_deg": 5.0,
        "tle_epoch_utc": "2026-07-06T18:28:42Z",
        "tle_age_hours": 24.36,
        "tle_quality": "good",
        "aos_utc": "2026-07-07T18:50:06Z",
        "los_utc": "2026-07-07T19:02:57Z",
        "tca_utc": "2026-07-07T18:56:30Z",
        "max_elevation_utc": "2026-07-07T18:56:30Z",
        "duration_minutes": 12.85,
        "min_distance_km": 164.95,
        "max_elevation_deg": 77.08,
        "tca_azimuth_deg": 288.38,
        "tca_elevation_deg": 77.08,
        "tca_slant_range_km": 846.81,
        "closest_lon": 99.459808,
        "closest_lat": 13.496786,
        "aos_lon": 105.306588,
        "aos_lat": 35.850616,
        "aos_azimuth_deg": 9.04,
        "los_lon": 94.318549,
        "los_lat": -9.171799,
        "los_azimuth_deg": 196.81,
        "confidence": "medium",
        "aoi_covered": true,
        "aoi_points_inside": 0,
        "reference_swath_file": "swath_jpss.geojson",
        "reference_swath_source_count": 20,
        "reference_swath_station_inside_count": 5,
        "reference_swath_buffer_intersects_count": 20,
        "reference_swath_satellites": "JPSS-1 (NOAA-20)",
        "reference_swath_sensors": "VIIRS",
        "reference_swath_time_min": "2026-06-17T06:52:26Z",
        "reference_swath_time_max": "2026-06-22T06:58:49.5Z",
        "reference_swath_note": "sample footprint only; not time-matched to this planning pass",
        "type": "visible_track"
      },
      "geometry": {
        "type": "LineString",
        "coordinates": [
          [
            105.30658818791471,
            35.85061619070862
          ],
          [
            104.8986964424953,
            34.50678374709597
          ],
          [
            104.38550463149653,
            32.76001784756308
          ],
          [
            103.88727790044288,
            31.012187887165737
          ],
          [
            103.40251942129163,
            29.26341297201165
          ],
          [
            102.92988449429964,
            27.513800289750318
          ],
          [
            102.4681591879588,
            25.76344677830557
          ],
          [
            102.01624234647863,
            24.01244053820636
          ],
          [
            101.57313023440395,
            22.260862034746747
          ],
          [
            101.13790334911471,
            20.508785127081033
          ],
          [
            100.70971503435851,
            18.756277954428665
          ],
          [
            100.28778158623294,
            17.00340370384799
          ],
          [
            99.87137360040128,
            15.250221279828583
          ],
          [
            99.45980835192489,
            13.496785892236973
          ],
          [
            99.05244303359962,
            11.743149576617025
          ],
          [
            98.6486687062324,
            9.98936165835909
          ],
          [
            98.2479048364334,
            8.23546917071134
          ],
          [
            97.8495943155973,
            6.481517235024034
          ],
          [
            97.45319886453973,
            4.727549410585938
          ],
          [
            97.05819474907076,
            2.973608020493285
          ],
          [
            96.6640687240174,
            1.2197344593192045
          ],
          [
            96.27031414587822,
            -0.5340305121694645
          ],
          [
            95.87642718900645,
            -2.2876464803008334
          ],
          [
            95.48190310624096,
            -4.041073095181059
          ],
          [
            95.08623230754256,
            -5.7942697861067085
          ],
          [
            94.68889720653635,
            -7.547195471158027
          ],
          [
            94.31854864204519,
            -9.171798640289547
          ]
        ]
      }
    },
    {
      "type": "Feature",
      "properties": {
        "satellite": "NOAA 21 (JPSS-2)",
        "direction": "descending",
        "planning_method": "topocentric_elevation_access",
        "min_elevation_deg": 5.0,
        "tle_epoch_utc": "2026-07-06T18:28:42Z",
        "tle_age_hours": 24.36,
        "tle_quality": "good",
        "aos_utc": "2026-07-07T18:50:06Z",
        "los_utc": "2026-07-07T19:02:57Z",
        "tca_utc": "2026-07-07T18:56:30Z",
        "max_elevation_utc": "2026-07-07T18:56:30Z",
        "duration_minutes": 12.85,
        "min_distance_km": 164.95,
        "max_elevation_deg": 77.08,
        "tca_azimuth_deg": 288.38,
        "tca_elevation_deg": 77.08,
        "tca_slant_range_km": 846.81,
        "closest_lon": 99.459808,
        "closest_lat": 13.496786,
        "aos_lon": 105.306588,
        "aos_lat": 35.850616,
        "aos_azimuth_deg": 9.04,
        "los_lon": 94.318549,
        "los_lat": -9.171799,
        "los_azimuth_deg": 196.81,
        "confidence": "medium",
        "aoi_covered": true,
        "aoi_points_inside": 0,
        "reference_swath_file": "swath_jpss.geojson",
        "reference_swath_source_count": 20,
        "reference_swath_station_inside_count": 5,
        "reference_swath_buffer_intersects_count": 20,
        "reference_swath_satellites": "JPSS-1 (NOAA-20)",
        "reference_swath_sensors": "VIIRS",
        "reference_swath_time_min": "2026-06-17T06:52:26Z",
        "reference_swath_time_max": "2026-06-22T06:58:49.5Z",
        "reference_swath_note": "sample footprint only; not time-matched to this planning pass",
        "type": "aos",
        "color": "cyan"
      },
      "geometry": {
        "type": "Point",
        "coordinates": [
          105.30658818791471,
          35.85061619070862
        ]
      }
    },
    {
      "type": "Feature",
      "properties": {
        "satellite": "NOAA 21 (JPSS-2)",
        "direction": "descending",
        "planning_method": "topocentric_elevation_access",
        "min_elevation_deg": 5.0,
        "tle_epoch_utc": "2026-07-06T18:28:42Z",
        "tle_age_hours": 24.36,
        "tle_quality": "good",
        "aos_utc": "2026-07-07T18:50:06Z",
        "los_utc": "2026-07-07T19:02:57Z",
        "tca_utc": "2026-07-07T18:56:30Z",
        "max_elevation_utc": "2026-07-07T18:56:30Z",
        "duration_minutes": 12.85,
        "min_distance_km": 164.95,
        "max_elevation_deg": 77.08,
        "tca_azimuth_deg": 288.38,
        "tca_elevation_deg": 77.08,
        "tca_slant_range_km": 846.81,
        "closest_lon": 99.459808,
        "closest_lat": 13.496786,
        "aos_lon": 105.306588,
        "aos_lat": 35.850616,
        "aos_azimuth_deg": 9.04,
        "los_lon": 94.318549,
        "los_lat": -9.171799,
        "los_azimuth_deg": 196.81,
        "confidence": "medium",
        "aoi_covered": true,
        "aoi_points_inside": 0,
        "reference_swath_file": "swath_jpss.geojson",
        "reference_swath_source_count": 20,
        "reference_swath_station_inside_count": 5,
        "reference_swath_buffer_intersects_count": 20,
        "reference_swath_satellites": "JPSS-1 (NOAA-20)",
        "reference_swath_sensors": "VIIRS",
        "reference_swath_time_min": "2026-06-17T06:52:26Z",
        "reference_swath_time_max": "2026-06-22T06:58:49.5Z",
        "reference_swath_note": "sample footprint only; not time-matched to this planning pass",
        "type": "tca",
        "color": "yellow"
      },
      "geometry": {
        "type": "Point",
        "coordinates": [
          99.45980835192489,
          13.496785892236973
        ]
      }
    },
    {
      "type": "Feature",
      "properties": {
        "satellite": "NOAA 21 (JPSS-2)",
        "direction": "descending",
        "planning_method": "topocentric_elevation_access",
        "min_elevation_deg": 5.0,
        "tle_epoch_utc": "2026-07-06T18:28:42Z",
        "tle_age_hours": 24.36,
        "tle_quality": "good",
        "aos_utc": "2026-07-07T18:50:06Z",
        "los_utc": "2026-07-07T19:02:57Z",
        "tca_utc": "2026-07-07T18:56:30Z",
        "max_elevation_utc": "2026-07-07T18:56:30Z",
        "duration_minutes": 12.85,
        "min_distance_km": 164.95,
        "max_elevation_deg": 77.08,
        "tca_azimuth_deg": 288.38,
        "tca_elevation_deg": 77.08,
        "tca_slant_range_km": 846.81,
        "closest_lon": 99.459808,
        "closest_lat": 13.496786,
        "aos_lon": 105.306588,
        "aos_lat": 35.850616,
        "aos_azimuth_deg": 9.04,
        "los_lon": 94.318549,
        "los_lat": -9.171799,
        "los_azimuth_deg": 196.81,
        "confidence": "medium",
        "aoi_covered": true,
        "aoi_points_inside": 0,
        "reference_swath_file": "swath_jpss.geojson",
        "reference_swath_source_count": 20,
        "reference_swath_station_inside_count": 5,
        "reference_swath_buffer_intersects_count": 20,
        "reference_swath_satellites": "JPSS-1 (NOAA-20)",
        "reference_swath_sensors": "VIIRS",
        "reference_swath_time_min": "2026-06-17T06:52:26Z",
        "reference_swath_time_max": "2026-06-22T06:58:49.5Z",
        "reference_swath_note": "sample footprint only; not time-matched to this planning pass",
        "type": "los",
        "color": "green"
      },
      "geometry": {
        "type": "Point",
        "coordinates": [
          94.31854864204519,
          -9.171798640289547
        ]
      }
    },
    {
      "type": "Feature",
      "properties": {
        "satellite": "SUOMI NPP",
        "direction": "descending",
        "planning_method": "topocentric_elevation_access",
        "min_elevation_deg": 5.0,
        "tle_epoch_utc": "2026-07-06T20:45:49Z",
        "tle_age_hours": 22.66,
        "tle_quality": "good",
        "aos_utc": "2026-07-07T19:25:41Z",
        "los_utc": "2026-07-07T19:37:51Z",
        "tca_utc": "2026-07-07T19:31:30Z",
        "max_elevation_utc": "2026-07-07T19:32:00Z",
        "duration_minutes": 12.16,
        "min_distance_km": 863.92,
        "max_elevation_deg": 38.01,
        "tca_azimuth_deg": 291.82,
        "tca_elevation_deg": 37.96,
        "tca_slant_range_km": 1239.94,
        "closest_lon": 93.40756,
        "closest_lat": 15.809425,
        "aos_lon": 98.84315,
        "aos_lat": 36.14207,
        "aos_azimuth_deg": 355.69,
        "los_lon": 88.303857,
        "los_lat": -6.452347,
        "los_azimuth_deg": 213.54,
        "confidence": "medium",
        "aoi_covered": false,
        "aoi_points_inside": 0,
        "reference_swath_file": "swath_jpss.geojson",
        "reference_swath_source_count": 20,
        "reference_swath_station_inside_count": 5,
        "reference_swath_buffer_intersects_count": 20,
        "reference_swath_satellites": "JPSS-1 (NOAA-20)",
        "reference_swath_sensors": "VIIRS",
        "reference_swath_time_min": "2026-06-17T06:52:26Z",
        "reference_swath_time_max": "2026-06-22T06:58:49.5Z",
        "reference_swath_note": "sample footprint only; not time-matched to this planning pass",
        "type": "visible_track"
      },
      "geometry": {
        "type": "LineString",
        "coordinates": [
          [
            98.84314962461474,
            36.14206965705553
          ],
          [
            98.50493710276413,
            35.04864972163458
          ],
          [
            97.98297084648203,
            33.303806437826275
          ],
          [
            97.476601526065,
            31.55781735542824
          ],
          [
            96.98426845676579,
            29.81080699764937
          ],
          [
            96.50457127088197,
            28.0628871932221
          ],
          [
            96.03624747803036,
            26.314158865679385
          ],
          [
            95.57815344115659,
            24.56471354553035
          ],
          [
            95.12924816482098,
            22.814634655504058
          ],
          [
            94.68857939401363,
            21.063998609129932
          ],
          [
            94.25527163083484,
            19.312875755282416
          ],
          [
            93.82851573987858,
            17.561331195186103
          ],
          [
            93.40755987458715,
            15.809425493613423
          ],
          [
            92.99170150271812,
            14.057215302222751
          ],
          [
            92.58028034608708,
            12.30475390991557
          ],
          [
            92.17267207939733,
            10.552091732684422
          ],
          [
            91.76828265719433,
            8.799276753522697
          ],
          [
            91.36654315372118,
            7.046354921381374
          ],
          [
            90.96690502537353,
            5.2933705169505325
          ],
          [
            90.56883570111648,
            3.540366492084363
          ],
          [
            90.17181443182142,
            1.7873847889205265
          ],
          [
            89.77532815863833,
            0.0344666441971133
          ],
          [
            89.37886834557082,
            -1.7183471161518238
          ],
          [
            88.98192619408093,
            -3.4710157873227865
          ],
          [
            88.58398954286503,
            -5.223498496166682
          ],
          [
            88.30385658443936,
            -6.452347334199282
          ]
        ]
      }
    },
    {
      "type": "Feature",
      "properties": {
        "satellite": "SUOMI NPP",
        "direction": "descending",
        "planning_method": "topocentric_elevation_access",
        "min_elevation_deg": 5.0,
        "tle_epoch_utc": "2026-07-06T20:45:49Z",
        "tle_age_hours": 22.66,
        "tle_quality": "good",
        "aos_utc": "2026-07-07T19:25:41Z",
        "los_utc": "2026-07-07T19:37:51Z",
        "tca_utc": "2026-07-07T19:31:30Z",
        "max_elevation_utc": "2026-07-07T19:32:00Z",
        "duration_minutes": 12.16,
        "min_distance_km": 863.92,
        "max_elevation_deg": 38.01,
        "tca_azimuth_deg": 291.82,
        "tca_elevation_deg": 37.96,
        "tca_slant_range_km": 1239.94,
        "closest_lon": 93.40756,
        "closest_lat": 15.809425,
        "aos_lon": 98.84315,
        "aos_lat": 36.14207,
        "aos_azimuth_deg": 355.69,
        "los_lon": 88.303857,
        "los_lat": -6.452347,
        "los_azimuth_deg": 213.54,
        "confidence": "medium",
        "aoi_covered": false,
        "aoi_points_inside": 0,
        "reference_swath_file": "swath_jpss.geojson",
        "reference_swath_source_count": 20,
        "reference_swath_station_inside_count": 5,
        "reference_swath_buffer_intersects_count": 20,
        "reference_swath_satellites": "JPSS-1 (NOAA-20)",
        "reference_swath_sensors": "VIIRS",
        "reference_swath_time_min": "2026-06-17T06:52:26Z",
        "reference_swath_time_max": "2026-06-22T06:58:49.5Z",
        "reference_swath_note": "sample footprint only; not time-matched to this planning pass",
        "type": "aos",
        "color": "cyan"
      },
      "geometry": {
        "type": "Point",
        "coordinates": [
          98.84314962461474,
          36.14206965705553
        ]
      }
    },
    {
      "type": "Feature",
      "properties": {
        "satellite": "SUOMI NPP",
        "direction": "descending",
        "planning_method": "topocentric_elevation_access",
        "min_elevation_deg": 5.0,
        "tle_epoch_utc": "2026-07-06T20:45:49Z",
        "tle_age_hours": 22.66,
        "tle_quality": "good",
        "aos_utc": "2026-07-07T19:25:41Z",
        "los_utc": "2026-07-07T19:37:51Z",
        "tca_utc": "2026-07-07T19:31:30Z",
        "max_elevation_utc": "2026-07-07T19:32:00Z",
        "duration_minutes": 12.16,
        "min_distance_km": 863.92,
        "max_elevation_deg": 38.01,
        "tca_azimuth_deg": 291.82,
        "tca_elevation_deg": 37.96,
        "tca_slant_range_km": 1239.94,
        "closest_lon": 93.40756,
        "closest_lat": 15.809425,
        "aos_lon": 98.84315,
        "aos_lat": 36.14207,
        "aos_azimuth_deg": 355.69,
        "los_lon": 88.303857,
        "los_lat": -6.452347,
        "los_azimuth_deg": 213.54,
        "confidence": "medium",
        "aoi_covered": false,
        "aoi_points_inside": 0,
        "reference_swath_file": "swath_jpss.geojson",
        "reference_swath_source_count": 20,
        "reference_swath_station_inside_count": 5,
        "reference_swath_buffer_intersects_count": 20,
        "reference_swath_satellites": "JPSS-1 (NOAA-20)",
        "reference_swath_sensors": "VIIRS",
        "reference_swath_time_min": "2026-06-17T06:52:26Z",
        "reference_swath_time_max": "2026-06-22T06:58:49.5Z",
        "reference_swath_note": "sample footprint only; not time-matched to this planning pass",
        "type": "tca",
        "color": "yellow"
      },
      "geometry": {
        "type": "Point",
        "coordinates": [
          93.40755987458715,
          15.809425493613423
        ]
      }
    },
    {
      "type": "Feature",
      "properties": {
        "satellite": "SUOMI NPP",
        "direction": "descending",
        "planning_method": "topocentric_elevation_access",
        "min_elevation_deg": 5.0,
        "tle_epoch_utc": "2026-07-06T20:45:49Z",
        "tle_age_hours": 22.66,
        "tle_quality": "good",
        "aos_utc": "2026-07-07T19:25:41Z",
        "los_utc": "2026-07-07T19:37:51Z",
        "tca_utc": "2026-07-07T19:31:30Z",
        "max_elevation_utc": "2026-07-07T19:32:00Z",
        "duration_minutes": 12.16,
        "min_distance_km": 863.92,
        "max_elevation_deg": 38.01,
        "tca_azimuth_deg": 291.82,
        "tca_elevation_deg": 37.96,
        "tca_slant_range_km": 1239.94,
        "closest_lon": 93.40756,
        "closest_lat": 15.809425,
        "aos_lon": 98.84315,
        "aos_lat": 36.14207,
        "aos_azimuth_deg": 355.69,
        "los_lon": 88.303857,
        "los_lat": -6.452347,
        "los_azimuth_deg": 213.54,
        "confidence": "medium",
        "aoi_covered": false,
        "aoi_points_inside": 0,
        "reference_swath_file": "swath_jpss.geojson",
        "reference_swath_source_count": 20,
        "reference_swath_station_inside_count": 5,
        "reference_swath_buffer_intersects_count": 20,
        "reference_swath_satellites": "JPSS-1 (NOAA-20)",
        "reference_swath_sensors": "VIIRS",
        "reference_swath_time_min": "2026-06-17T06:52:26Z",
        "reference_swath_time_max": "2026-06-22T06:58:49.5Z",
        "reference_swath_note": "sample footprint only; not time-matched to this planning pass",
        "type": "los",
        "color": "green"
      },
      "geometry": {
        "type": "Point",
        "coordinates": [
          88.30385658443936,
          -6.452347334199282
        ]
      }
    },
    {
      "type": "Feature",
      "properties": {
        "satellite": "NOAA 20 (JPSS-1)",
        "direction": "descending",
        "planning_method": "topocentric_elevation_access",
        "min_elevation_deg": 5.0,
        "tle_epoch_utc": "2026-07-06T19:23:29Z",
        "tle_age_hours": 24.36,
        "tle_quality": "good",
        "aos_utc": "2026-07-07T19:45:14Z",
        "los_utc": "2026-07-07T19:55:43Z",
        "tca_utc": "2026-07-07T19:50:30Z",
        "max_elevation_utc": "2026-07-07T19:50:30Z",
        "duration_minutes": 10.48,
        "min_distance_km": 1510.74,
        "max_elevation_deg": 20.28,
        "tca_azimuth_deg": 286.01,
        "tca_elevation_deg": 20.28,
        "tca_slant_range_km": 1807.16,
        "closest_lon": 87.294693,
        "closest_lat": 16.396038,
        "aos_lon": 92.169345,
        "aos_lat": 34.796195,
        "aos_azimuth_deg": 341.43,
        "los_lon": 83.08966,
        "los_lat": -1.905508,
        "los_azimuth_deg": 231.18,
        "confidence": "medium",
        "aoi_covered": false,
        "aoi_points_inside": 0,
        "reference_swath_file": "swath_jpss.geojson",
        "reference_swath_source_count": 20,
        "reference_swath_station_inside_count": 5,
        "reference_swath_buffer_intersects_count": 20,
        "reference_swath_satellites": "JPSS-1 (NOAA-20)",
        "reference_swath_sensors": "VIIRS",
        "reference_swath_time_min": "2026-06-17T06:52:26Z",
        "reference_swath_time_max": "2026-06-22T06:58:49.5Z",
        "reference_swath_note": "sample footprint only; not time-matched to this planning pass",
        "type": "visible_track"
      },
      "geometry": {
        "type": "LineString",
        "coordinates": [
          [
            92.16934533336871,
            34.796195310903705
          ],
          [
            91.8967770549038,
            33.89348655421419
          ],
          [
            91.38601683615798,
            32.14727540075943
          ],
          [
            90.88978112728643,
            30.400015197156
          ],
          [
            90.40661950140816,
            28.651821936825318
          ],
          [
            89.93522698687019,
            26.902800160648365
          ],
          [
            89.47442296226961,
            25.15304455210955
          ],
          [
            89.02313473275194,
            23.40264129028963
          ],
          [
            88.58038273377929,
            21.651669204009092
          ],
          [
            88.14526794919601,
            19.90020076203748
          ],
          [
            87.716961016803,
            18.148302927744243
          ],
          [
            87.29469274195844,
            16.39603790132804
          ],
          [
            86.87774578001796,
            14.643463768762967
          ],
          [
            86.465447291619,
            12.89063507321046
          ],
          [
            86.05716240634331,
            11.137603322152627
          ],
          [
            85.65228835589056,
            9.384417441328523
          ],
          [
            85.25024915841539,
            7.631124184971848
          ],
          [
            84.8504907525076,
            5.877768510479511
          ],
          [
            84.4524764890055,
            4.1243939245737495
          ],
          [
            84.05568290877852,
            2.371042807295545
          ],
          [
            83.65959572606317,
            0.6177567194067667
          ],
          [
            83.26370595896475,
            -1.1354233015442938
          ],
          [
            83.08966047391061,
            -1.905508224608936
          ]
        ]
      }
    },
    {
      "type": "Feature",
      "properties": {
        "satellite": "NOAA 20 (JPSS-1)",
        "direction": "descending",
        "planning_method": "topocentric_elevation_access",
        "min_elevation_deg": 5.0,
        "tle_epoch_utc": "2026-07-06T19:23:29Z",
        "tle_age_hours": 24.36,
        "tle_quality": "good",
        "aos_utc": "2026-07-07T19:45:14Z",
        "los_utc": "2026-07-07T19:55:43Z",
        "tca_utc": "2026-07-07T19:50:30Z",
        "max_elevation_utc": "2026-07-07T19:50:30Z",
        "duration_minutes": 10.48,
        "min_distance_km": 1510.74,
        "max_elevation_deg": 20.28,
        "tca_azimuth_deg": 286.01,
        "tca_elevation_deg": 20.28,
        "tca_slant_range_km": 1807.16,
        "closest_lon": 87.294693,
        "closest_lat": 16.396038,
        "aos_lon": 92.169345,
        "aos_lat": 34.796195,
        "aos_azimuth_deg": 341.43,
        "los_lon": 83.08966,
        "los_lat": -1.905508,
        "los_azimuth_deg": 231.18,
        "confidence": "medium",
        "aoi_covered": false,
        "aoi_points_inside": 0,
        "reference_swath_file": "swath_jpss.geojson",
        "reference_swath_source_count": 20,
        "reference_swath_station_inside_count": 5,
        "reference_swath_buffer_intersects_count": 20,
        "reference_swath_satellites": "JPSS-1 (NOAA-20)",
        "reference_swath_sensors": "VIIRS",
        "reference_swath_time_min": "2026-06-17T06:52:26Z",
        "reference_swath_time_max": "2026-06-22T06:58:49.5Z",
        "reference_swath_note": "sample footprint only; not time-matched to this planning pass",
        "type": "aos",
        "color": "cyan"
      },
      "geometry": {
        "type": "Point",
        "coordinates": [
          92.16934533336871,
          34.796195310903705
        ]
      }
    },
    {
      "type": "Feature",
      "properties": {
        "satellite": "NOAA 20 (JPSS-1)",
        "direction": "descending",
        "planning_method": "topocentric_elevation_access",
        "min_elevation_deg": 5.0,
        "tle_epoch_utc": "2026-07-06T19:23:29Z",
        "tle_age_hours": 24.36,
        "tle_quality": "good",
        "aos_utc": "2026-07-07T19:45:14Z",
        "los_utc": "2026-07-07T19:55:43Z",
        "tca_utc": "2026-07-07T19:50:30Z",
        "max_elevation_utc": "2026-07-07T19:50:30Z",
        "duration_minutes": 10.48,
        "min_distance_km": 1510.74,
        "max_elevation_deg": 20.28,
        "tca_azimuth_deg": 286.01,
        "tca_elevation_deg": 20.28,
        "tca_slant_range_km": 1807.16,
        "closest_lon": 87.294693,
        "closest_lat": 16.396038,
        "aos_lon": 92.169345,
        "aos_lat": 34.796195,
        "aos_azimuth_deg": 341.43,
        "los_lon": 83.08966,
        "los_lat": -1.905508,
        "los_azimuth_deg": 231.18,
        "confidence": "medium",
        "aoi_covered": false,
        "aoi_points_inside": 0,
        "reference_swath_file": "swath_jpss.geojson",
        "reference_swath_source_count": 20,
        "reference_swath_station_inside_count": 5,
        "reference_swath_buffer_intersects_count": 20,
        "reference_swath_satellites": "JPSS-1 (NOAA-20)",
        "reference_swath_sensors": "VIIRS",
        "reference_swath_time_min": "2026-06-17T06:52:26Z",
        "reference_swath_time_max": "2026-06-22T06:58:49.5Z",
        "reference_swath_note": "sample footprint only; not time-matched to this planning pass",
        "type": "tca",
        "color": "yellow"
      },
      "geometry": {
        "type": "Point",
        "coordinates": [
          87.29469274195844,
          16.39603790132804
        ]
      }
    },
    {
      "type": "Feature",
      "properties": {
        "satellite": "NOAA 20 (JPSS-1)",
        "direction": "descending",
        "planning_method": "topocentric_elevation_access",
        "min_elevation_deg": 5.0,
        "tle_epoch_utc": "2026-07-06T19:23:29Z",
        "tle_age_hours": 24.36,
        "tle_quality": "good",
        "aos_utc": "2026-07-07T19:45:14Z",
        "los_utc": "2026-07-07T19:55:43Z",
        "tca_utc": "2026-07-07T19:50:30Z",
        "max_elevation_utc": "2026-07-07T19:50:30Z",
        "duration_minutes": 10.48,
        "min_distance_km": 1510.74,
        "max_elevation_deg": 20.28,
        "tca_azimuth_deg": 286.01,
        "tca_elevation_deg": 20.28,
        "tca_slant_range_km": 1807.16,
        "closest_lon": 87.294693,
        "closest_lat": 16.396038,
        "aos_lon": 92.169345,
        "aos_lat": 34.796195,
        "aos_azimuth_deg": 341.43,
        "los_lon": 83.08966,
        "los_lat": -1.905508,
        "los_azimuth_deg": 231.18,
        "confidence": "medium",
        "aoi_covered": false,
        "aoi_points_inside": 0,
        "reference_swath_file": "swath_jpss.geojson",
        "reference_swath_source_count": 20,
        "reference_swath_station_inside_count": 5,
        "reference_swath_buffer_intersects_count": 20,
        "reference_swath_satellites": "JPSS-1 (NOAA-20)",
        "reference_swath_sensors": "VIIRS",
        "reference_swath_time_min": "2026-06-17T06:52:26Z",
        "reference_swath_time_max": "2026-06-22T06:58:49.5Z",
        "reference_swath_note": "sample footprint only; not time-matched to this planning pass",
        "type": "los",
        "color": "green"
      },
      "geometry": {
        "type": "Point",
        "coordinates": [
          83.08966047391061,
          -1.905508224608936
        ]
      }
    }
  ]
}
